  0
SECTION
  2
HEADER
  9
$ACADVER
  1
AC1015
  9
$ACADMAINTVER
 70
     6
  9
$DWGCODEPAGE
  3
ANSI_1251
  9
$INSBASE
 10
0.0
 20
0.0
 30
0.0
  9
$EXTMIN
 10
0.0
 20
0.0
 30
0.0
  9
$EXTMAX
 10
1530.0
 20
700.0000000000001
 30
0.0
  9
$LIMMIN
 10
0.0
 20
0.0
  9
$LIMMAX
 10
1530.0
 20
700.0000000000001
  9
$ORTHOMODE
 70
     0
  9
$REGENMODE
 70
     1
  9
$FILLMODE
 70
     1
  9
$QTEXTMODE
 70
     0
  9
$MIRRTEXT
 70
     1
  9
$LTSCALE
 40
1.0
  9
$ATTMODE
 70
     1
  9
$TEXTSIZE
 40
3.5
  9
$TRACEWID
 40
1.0
  9
$TEXTSTYLE
  7
Standard
  9
$CLAYER
  8
0
  9
$CELTYPE
  6
ByLayer
  9
$CECOLOR
 62
   256
  9
$CELTSCALE
 40
1.0
  9
$DISPSILH
 70
     0
  9
$DIMSCALE
 40
1.0
  9
$DIMASZ
 40
3.302
  9
$DIMEXO
 40
1.0
  9
$DIMDLI
 40
3.75
  9
$DIMRND
 40
0.0
  9
$DIMDLE
 40
0.0
  9
$DIMEXE
 40
1.0
  9
$DIMTP
 40
0.0
  9
$DIMTM
 40
0.0
  9
$DIMTXT
 40
3.5
  9
$DIMCEN
 40
2.5
  9
$DIMTSZ
 40
0.0
  9
$DIMTOL
 70
     0
  9
$DIMLIM
 70
     0
  9
$DIMTIH
 70
     1
  9
$DIMTOH
 70
     1
  9
$DIMSE1
 70
     0
  9
$DIMSE2
 70
     0
  9
$DIMTAD
 70
     1
  9
$DIMZIN
 70
     1
  9
$DIMBLK
  1

  9
$DIMASO
 70
     1
  9
$DIMSHO
 70
     1
  9
$DIMPOST
  1

  9
$DIMAPOST
  1

  9
$DIMALT
 70
     0
  9
$DIMALTD
 70
     3
  9
$DIMALTF
 40
0.0393700787401575
  9
$DIMLFAC
 40
1.0
  9
$DIMTOFL
 70
     1
  9
$DIMTVP
 40
0.0
  9
$DIMTIX
 70
     0
  9
$DIMSOXD
 70
     0
  9
$DIMSAH
 70
     0
  9
$DIMBLK1
  1

  9
$DIMBLK2
  1

  9
$DIMSTYLE
  2
ISO-25
  9
$DIMCLRD
 70
     0
  9
$DIMCLRE
 70
     0
  9
$DIMCLRT
 70
     0
  9
$DIMTFAC
 40
1.0
  9
$DIMGAP
 40
1.524
  9
$DIMJUST
 70
     0
  9
$DIMSD1
 70
     0
  9
$DIMSD2
 70
     0
  9
$DIMTOLJ
 70
     0
  9
$DIMTZIN
 70
     1
  9
$DIMALTZ
 70
     0
  9
$DIMALTTZ
 70
     0
  9
$DIMUPT
 70
     0
  9
$DIMDEC
 70
     2
  9
$DIMTDEC
 70
     3
  9
$DIMALTU
 70
     2
  9
$DIMALTTD
 70
     3
  9
$DIMTXSTY
  7
Standard
  9
$DIMAUNIT
 70
     0
  9
$DIMADEC
 70
     2
  9
$DIMALTRND
 40
0.0
  9
$DIMAZIN
 70
     0
  9
$DIMDSEP
 70
    44
  9
$DIMATFIT
 70
     3
  9
$DIMFRAC
 70
     0
  9
$DIMLDRBLK
  1

  9
$DIMLUNIT
 70
     2
  9
$DIMLWD
 70
    -2
  9
$DIMLWE
 70
    -2
  9
$DIMTMOVE
 70
     0
  9
$LUNITS
 70
     2
  9
$LUPREC
 70
     2
  9
$SKETCHINC
 40
1.0
  9
$FILLETRAD
 40
0.0
  9
$AUNITS
 70
     0
  9
$AUPREC
 70
     2
  9
$MENU
  1
.
  9
$ELEVATION
 40
0.0
  9
$PELEVATION
 40
0.0
  9
$THICKNESS
 40
0.0
  9
$LIMCHECK
 70
     0
  9
$CHAMFERA
 40
0.0
  9
$CHAMFERB
 40
0.0
  9
$CHAMFERC
 40
0.0
  9
$CHAMFERD
 40
0.0
  9
$SKPOLY
 70
     0
  9
$TDCREATE
 40
2460789.00738184
  9
$TDUCREATE
 40
2460789.174048507
  9
$TDUPDATE
 40
2461178.54915478
  9
$TDUUPDATE
 40
2461178.715821447
  9
$TDINDWG
 40
0.0000000116
  9
$TDUSRTIMER
 40
0.0000000116
  9
$USRTIMER
 70
     1
  9
$ANGBASE
 50
0.0
  9
$ANGDIR
 70
     0
  9
$PDMODE
 70
     0
  9
$PDSIZE
 40
-1.0
  9
$PLINEWID
 40
0.0
  9
$SPLFRAME
 70
     0
  9
$SPLINETYPE
 70
     6
  9
$SPLINESEGS
 70
     8
  9
$HANDSEED
  5
641
  9
$SURFTAB1
 70
     6
  9
$SURFTAB2
 70
     6
  9
$SURFTYPE
 70
     6
  9
$SURFU
 70
     6
  9
$SURFV
 70
     6
  9
$UCSBASE
  2

  9
$UCSNAME
  2

  9
$UCSORG
 10
0.0
 20
0.0
 30
0.0
  9
$UCSXDIR
 10
1.0
 20
0.0
 30
0.0
  9
$UCSYDIR
 10
0.0
 20
1.0
 30
0.0
  9
$UCSORTHOREF
  2

  9
$UCSORTHOVIEW
 70
     0
  9
$UCSORGTOP
 10
0.0
 20
0.0
 30
0.0
  9
$UCSORGBOTTOM
 10
0.0
 20
0.0
 30
0.0
  9
$UCSORGLEFT
 10
0.0
 20
0.0
 30
0.0
  9
$UCSORGRIGHT
 10
0.0
 20
0.0
 30
0.0
  9
$UCSORGFRONT
 10
0.0
 20
0.0
 30
0.0
  9
$UCSORGBACK
 10
0.0
 20
0.0
 30
0.0
  9
$PUCSBASE
  2

  9
$PUCSNAME
  2

  9
$PUCSORG
 10
0.0
 20
0.0
 30
0.0
  9
$PUCSXDIR
 10
1.0
 20
0.0
 30
0.0
  9
$PUCSYDIR
 10
0.0
 20
1.0
 30
0.0
  9
$PUCSORTHOREF
  2

  9
$PUCSORTHOVIEW
 70
     0
  9
$PUCSORGTOP
 10
0.0
 20
0.0
 30
0.0
  9
$PUCSORGBOTTOM
 10
0.0
 20
0.0
 30
0.0
  9
$PUCSORGLEFT
 10
0.0
 20
0.0
 30
0.0
  9
$PUCSORGRIGHT
 10
0.0
 20
0.0
 30
0.0
  9
$PUCSORGFRONT
 10
0.0
 20
0.0
 30
0.0
  9
$PUCSORGBACK
 10
0.0
 20
0.0
 30
0.0
  9
$USERI1
 70
     0
  9
$USERI2
 70
     0
  9
$USERI3
 70
     0
  9
$USERI4
 70
     0
  9
$USERI5
 70
     0
  9
$USERR1
 40
0.0
  9
$USERR2
 40
0.0
  9
$USERR3
 40
0.0
  9
$USERR4
 40
0.0
  9
$USERR5
 40
0.0
  9
$WORLDVIEW
 70
     1
  9
$SHADEDGE
 70
     3
  9
$SHADEDIF
 70
    70
  9
$TILEMODE
 70
     1
  9
$MAXACTVP
 70
    64
  9
$PINSBASE
 10
0.0
 20
0.0
 30
0.0
  9
$PLIMCHECK
 70
     0
  9
$PEXTMIN
 10
1.000000000000000E+20
 20
1.000000000000000E+20
 30
1.000000000000000E+20
  9
$PEXTMAX
 10
-1.000000000000000E+20
 20
-1.000000000000000E+20
 30
-1.000000000000000E+20
  9
$PLIMMIN
 10
0.0
 20
0.0
  9
$PLIMMAX
 10
420.0
 20
297.0
  9
$UNITMODE
 70
     0
  9
$VISRETAIN
 70
     1
  9
$PLINEGEN
 70
     0
  9
$PSLTSCALE
 70
     1
  9
$TREEDEPTH
 70
  3020
  9
$CMLSTYLE
  2
Standard
  9
$CMLJUST
 70
     0
  9
$CMLSCALE
 40
20.0
  9
$PROXYGRAPHICS
 70
     1
  9
$MEASUREMENT
 70
     1
  9
$CELWEIGHT
370
    -1
  9
$ENDCAPS
280
     0
  9
$JOINSTYLE
280
     0
  9
$LWDISPLAY
290
     1
  9
$INSUNITS
 70
     4
  9
$HYPERLINKBASE
  1

  9
$STYLESHEET
  1

  9
$XEDIT
290
     1
  9
$CEPSNTYPE
380
     0
  9
$PSTYLEMODE
290
     1
  9
$FINGERPRINTGUID
  2
{f4bf389a-e298-4c62-a32d-6eec1b53d52d}
  9
$VERSIONGUID
  2
{FAEB1C32-E019-11D5-929B-00C0DF256EC4}
  9
$EXTNAMES
290
     1
  9
$PSVPSCALE
 40
0.0
  9
$OLESTARTUP
290
     0
  0
ENDSEC
  0
SECTION
  2
CLASSES
  0
CLASS
  1
ACDBDICTIONARYWDFLT
  2
AcDbDictionaryWithDefault
  3
ObjectDBX Classes
 90
        0
280
     0
281
     0
  0
CLASS
  1
VISUALSTYLE
  2
AcDbVisualStyle
  3
ObjectDBX Classes
 90
     4095
280
     0
281
     0
  0
CLASS
  1
MATERIAL
  2
AcDbMaterial
  3
ObjectDBX Classes
 90
     1153
280
     0
281
     0
  0
CLASS
  1
SCALE
  2
AcDbScale
  3
ObjectDBX Classes
 90
     1153
280
     0
281
     0
  0
CLASS
  1
TABLESTYLE
  2
AcDbTableStyle
  3
ObjectDBX Classes
 90
     4095
280
     0
281
     0
  0
CLASS
  1
MLEADERSTYLE
  2
AcDbMLeaderStyle
  3
ACDB_MLEADERSTYLE_CLASS
 90
     4095
280
     0
281
     0
  0
CLASS
  1
SUN
  2
AcDbSun
  3
SCENEOE
 90
     1153
280
     0
281
     0
  0
CLASS
  1
ACDBPLACEHOLDER
  2
AcDbPlaceHolder
  3
ObjectDBX Classes
 90
        0
280
     0
281
     0
  0
CLASS
  1
LAYOUT
  2
AcDbLayout
  3
ObjectDBX Classes
 90
        0
280
     0
281
     0
  0
CLASS
  1
DICTIONARYVAR
  2
AcDbDictionaryVar
  3
ObjectDBX Classes
 90
        0
280
     0
281
     0
  0
ENDSEC
  0
SECTION
  2
TABLES
  0
TABLE
  2
VPORT
  5
8
102
{ACAD_XDICTIONARY
360
606
102
}
330
0
100
AcDbSymbolTable
 70
     1
  0
VPORT
  5
29
330
8
100
AcDbSymbolTableRecord
100
AcDbViewportTableRecord
  2
*Active
 70
     0
 10
0.0
 20
0.0
 11
1.0
 21
1.0
 12
765.0
 22
350.0000000000001
 13
0.0
 23
0.0
 14
10.0
 24
10.0
 15
10.0
 25
10.0
 16
0.0
 26
0.0
 36
1.0
 17
0.0
 27
0.0
 37
0.0
 40
700.0000000000001
 41
2.185714285714285
 42
50.0
 43
0.0
 44
0.0
 50
0.0
 51
0.0
 71
     0
 72
  2000
 73
     1
 74
     3
 75
     0
 76
     0
 77
     0
 78
     0
281
     0
 65
     1
110
0.0
120
0.0
130
0.0
111
1.0
121
0.0
131
0.0
112
0.0
122
1.0
132
0.0
 79
     0
146
0.0
  0
ENDTAB
  0
TABLE
  2
LTYPE
  5
5
330
0
100
AcDbSymbolTable
 70
     6
  0
LTYPE
  5
14
330
5
100
AcDbSymbolTableRecord
100
AcDbLinetypeTableRecord
  2
ByBlock
 70
     0
  3

 72
    65
 73
     0
 40
0.0
  0
LTYPE
  5
15
330
5
100
AcDbSymbolTableRecord
100
AcDbLinetypeTableRecord
  2
ByLayer
 70
     0
  3

 72
    65
 73
     0
 40
0.0
  0
LTYPE
  5
16
330
5
100
AcDbSymbolTableRecord
100
AcDbLinetypeTableRecord
  2
Continuous
 70
     0
  3
Solid line
 72
    65
 73
     0
 40
0.0
  0
LTYPE
  5
5E
330
5
100
AcDbSymbolTableRecord
100
AcDbLinetypeTableRecord
  2
HIDDEN
 70
     0
  3
Hidden __ __ __ __ __ __ __ __ __ __ __ __ __ __
 72
    65
 73
     2
 40
1.905
 49
1.27
 74
     0
 49
-0.635
 74
     0
  0
LTYPE
  5
5F
330
5
100
AcDbSymbolTableRecord
100
AcDbLinetypeTableRecord
  2
PHANTOM
 70
     0
  3
Phantom ______  __  __  ______  __  __  ______
 72
    65
 73
     6
 40
12.7
 49
6.35
 74
     0
 49
-1.27
 74
     0
 49
1.27
 74
     0
 49
-1.27
 74
     0
 49
1.27
 74
     0
 49
-1.27
 74
     0
  0
LTYPE
  5
60
330
5
100
AcDbSymbolTableRecord
100
AcDbLinetypeTableRecord
  2
CENTER
 70
     0
  3
Center ____ _ ____ _ ____ _ ____ _ ____ _ ____
 72
    65
 73
     4
 40
10.16
 49
6.35
 74
     0
 49
-1.27
 74
     0
 49
1.27
 74
     0
 49
-1.27
 74
     0
  0
LTYPE
  5
61
330
5
100
AcDbSymbolTableRecord
100
AcDbLinetypeTableRecord
  2
CENTERX2
 70
     0
  3
Center (2x) ________  __  ________  __  _____
 72
    65
 73
     4
 40
20.32
 49
12.7
 74
     0
 49
-2.54
 74
     0
 49
2.54
 74
     0
 49
-2.54
 74
     0
  0
LTYPE
  5
62
330
5
100
AcDbSymbolTableRecord
100
AcDbLinetypeTableRecord
  2
DOT2
 70
     0
  3
Dot (.5x) ........................................
 72
    65
 73
     2
 40
0.635
 49
0.0
 74
     0
 49
-0.635
 74
     0
  0
ENDTAB
  0
TABLE
  2
LAYER
  5
2
330
0
100
AcDbSymbolTable
 70
     2
  0
LAYER
  5
10
330
2
100
AcDbSymbolTableRecord
100
AcDbLayerTableRecord
  2
0
 70
     0
 62
     7
  6
Continuous
370
    -3
390
F
  0
LAYER
  5
63
330
2
100
AcDbSymbolTableRecord
100
AcDbLayerTableRecord
  2
SLD-0
 70
     0
 62
   179
  6
Continuous
370
    -3
390
F
  0
ENDTAB
  0
TABLE
  2
STYLE
  5
3
330
0
100
AcDbSymbolTable
 70
     5
  0
STYLE
  5
11
330
3
100
AcDbSymbolTableRecord
100
AcDbTextStyleTableRecord
  2
Standard
 70
     0
 40
0.0
 41
1.0
 50
0.0
 71
     0
 42
3.5
  3
txt
  4

  0
STYLE
  5
500
330
3
100
AcDbSymbolTableRecord
100
AcDbTextStyleTableRecord
  2
SLDTEXTSTYLE0
 70
     0
 40
0.0
 41
0.4457894736842105
 50
0.0
 71
     0
 42
3.5
  3
TXT
  4

  0
STYLE
  5
50B
330
3
100
AcDbSymbolTableRecord
100
AcDbTextStyleTableRecord
  2
SLDTEXTSTYLE1
 70
     0
 40
0.0
 41
0.7
 50
0.0
 71
     0
 42
3.5
  3
TXT
  4

  0
STYLE
  5
54B
330
3
100
AcDbSymbolTableRecord
100
AcDbTextStyleTableRecord
  2
SLDTEXTSTYLE2
 70
     0
 40
0.0
 41
0.5157894736842105
 50
0.0
 71
     0
 42
3.5
  3
TXT
  4
bigfont
  0
STYLE
  5
54D
330
3
100
AcDbSymbolTableRecord
100
AcDbTextStyleTableRecord
  2
SLDTEXTSTYLE3
 70
     0
 40
0.0
 41
0.4457894736842105
 50
0.0
 71
     0
 42
3.5
  3
TXT
  4
bigfont
  0
ENDTAB
  0
TABLE
  2
VIEW
  5
6
330
0
100
AcDbSymbolTable
 70
     0
  0
ENDTAB
  0
TABLE
  2
UCS
  5
7
330
0
100
AcDbSymbolTable
 70
     0
  0
ENDTAB
  0
TABLE
  2
APPID
  5
9
330
0
100
AcDbSymbolTable
 70
     2
  0
APPID
  5
12
330
9
100
AcDbSymbolTableRecord
100
AcDbRegAppTableRecord
  2
ACAD
 70
     0
  0
APPID
  5
63E
330
9
100
AcDbSymbolTableRecord
100
AcDbRegAppTableRecord
  2
ACAD_MLEADERVER
 70
     0
  0
ENDTAB
  0
TABLE
  2
DIMSTYLE
  5
A
330
0
100
AcDbSymbolTable
 70
     2
100
AcDbDimStyleTable
  0
DIMSTYLE
105
27
330
A
100
AcDbSymbolTableRecord
100
AcDbDimStyleTableRecord
  2
ISO-25
 70
     0
 41
2.5
 42
0.625
 43
3.75
 44
1.25
 73
     0
 74
     0
 77
     1
 78
     8
140
2.5
141
2.5
143
0.03937007874016
147
0.625
171
     3
172
     1
178
     0
271
     2
272
     2
274
     3
278
    44
283
     0
284
     8
340
11
  0
DIMSTYLE
105
501
102
{ACAD_REACTORS
330
4FF
330
50F
330
519
330
523
330
52D
330
537
330
541
102
}
330
A
100
AcDbSymbolTableRecord
100
AcDbDimStyleTableRecord
  2
SLDDIMSTYLE0
 70
     0
 41
3.302
 44
0.0
 45
0.000000001
 73
     0
 74
     0
 77
     1
 78
    12
 79
     3
140
15.0
147
3.75
173
     1
178
     0
271
     0
272
     3
276
     2
284
    12
340
500
341
502
343
502
344
502
  0
ENDTAB
  0
TABLE
  2
BLOCK_RECORD
  5
1
330
0
100
AcDbSymbolTable
 70
     9
  0
BLOCK_RECORD
  5
1F
330
1
100
AcDbSymbolTableRecord
100
AcDbBlockTableRecord
  2
*Model_Space
340
22
  0
BLOCK_RECORD
  5
1B
330
1
100
AcDbSymbolTableRecord
100
AcDbBlockTableRecord
  2
*Paper_Space
340
1E
  0
BLOCK_RECORD
  5
23
330
1
100
AcDbSymbolTableRecord
100
AcDbBlockTableRecord
  2
*Paper_Space0
340
26
  0
BLOCK_RECORD
  5
502
330
1
100
AcDbSymbolTableRecord
100
AcDbBlockTableRecord
  2
_None
340
0
  0
BLOCK_RECORD
  5
505
330
1
100
AcDbSymbolTableRecord
100
AcDbBlockTableRecord
  2
_D
340
0
  0
BLOCK_RECORD
  5
510
330
1
100
AcDbSymbolTableRecord
100
AcDbBlockTableRecord
  2
_D_1
340
0
  0
BLOCK_RECORD
  5
51A
330
1
100
AcDbSymbolTableRecord
100
AcDbBlockTableRecord
  2
_D_2
340
0
  0
BLOCK_RECORD
  5
524
330
1
100
AcDbSymbolTableRecord
100
AcDbBlockTableRecord
  2
_D_3
340
0
  0
BLOCK_RECORD
  5
52E
330
1
100
AcDbSymbolTableRecord
100
AcDbBlockTableRecord
  2
_D_4
340
0
  0
BLOCK_RECORD
  5
538
330
1
100
AcDbSymbolTableRecord
100
AcDbBlockTableRecord
  2
_D_5
340
0
  0
BLOCK_RECORD
  5
542
330
1
100
AcDbSymbolTableRecord
100
AcDbBlockTableRecord
  2
_D_6
340
0
  0
ENDTAB
  0
ENDSEC
  0
SECTION
  2
BLOCKS
  0
BLOCK
  5
20
330
1F
100
AcDbEntity
  8
0
100
AcDbBlockBegin
  2
*Model_Space
 70
     0
 10
0.0
 20
0.0
 30
0.0
  3
*Model_Space
  1

  0
ENDBLK
  5
21
330
1F
100
AcDbEntity
  8
0
100
AcDbBlockEnd
  0
BLOCK
  5
1C
330
1B
100
AcDbEntity
 67
     1
  8
0
100
AcDbBlockBegin
  2
*Paper_Space
 70
     0
 10
0.0
 20
0.0
 30
0.0
  3
*Paper_Space
  1

  0
ENDBLK
  5
1D
330
1B
100
AcDbEntity
 67
     1
  8
0
100
AcDbBlockEnd
  0
BLOCK
  5
24
330
23
100
AcDbEntity
  8
0
100
AcDbBlockBegin
  2
*Paper_Space0
 70
     0
 10
0.0
 20
0.0
 30
0.0
  3
*Paper_Space0
  1

  0
ENDBLK
  5
25
330
23
100
AcDbEntity
  8
0
100
AcDbBlockEnd
  0
BLOCK
  5
503
330
502
100
AcDbEntity
  8
0
100
AcDbBlockBegin
  2
_None
 70
     0
 10
0.0
 20
0.0
 30
0.0
  3
_None
  1

  0
ENDBLK
  5
504
330
502
100
AcDbEntity
  8
0
100
AcDbBlockEnd
  0
BLOCK
  5
506
330
505
100
AcDbEntity
  8
0
100
AcDbBlockBegin
  2
_D
 70
     0
 10
0.0
 20
0.0
 30
0.0
  3
_D
  1

  0
LINE
  5
508
330
505
100
AcDbEntity
  8
SLD-0
 62
     7
100
AcDbLine
 10
44.5638950991668
 20
666.7832484076432
 30
0.0
 11
44.5638950991668
 21
681.028252782025
 31
0.0
  0
LINE
  5
509
330
505
100
AcDbEntity
  8
SLD-0
 62
     7
100
AcDbLine
 10
504.5638950991668
 20
666.7832484076432
 30
0.0
 11
504.5638950991668
 21
681.028252782025
 31
0.0
  0
LINE
  5
50A
330
505
100
AcDbEntity
  8
SLD-0
 62
     7
100
AcDbLine
 10
44.5638950991668
 20
680.028252782025
 30
0.0
 11
504.5638950991668
 21
680.028252782025
 31
0.0
  0
MTEXT
  5
50C
330
505
100
AcDbEntity
  8
SLD-0
 62
     7
100
AcDbMText
 10
269.2858036239147
 20
698.5896209912801
 30
0.0
 40
15.0
 41
0.0
 71
     1
 72
     1
  1
460
  7
SLDTEXTSTYLE1
 73
     1
 44
1.0
  0
SOLID
  5
50D
330
505
100
AcDbEntity
  8
SLD-0
 62
     7
100
AcDbTrace
 10
44.5638950991668
 20
680.028252782025
 30
0.0
 11
59.5638950991668
 21
677.7205604743326
 31
0.0
 12
59.5638950991668
 22
682.3359450897171
 32
0.0
 13
59.5638950991668
 23
682.3359450897171
 33
0.0
  0
SOLID
  5
50E
330
505
100
AcDbEntity
  8
SLD-0
 62
     7
100
AcDbTrace
 10
504.5638950991668
 20
680.028252782025
 30
0.0
 11
489.5638950991668
 21
682.3359450897171
 31
0.0
 12
489.5638950991668
 22
677.7205604743326
 32
0.0
 13
489.5638950991668
 23
677.7205604743326
 33
0.0
  0
ENDBLK
  5
507
330
505
100
AcDbEntity
  8
0
100
AcDbBlockEnd
  0
BLOCK
  5
511
330
510
100
AcDbEntity
  8
0
100
AcDbBlockBegin
  2
_D_1
 70
     0
 10
0.0
 20
0.0
 30
0.0
  3
_D_1
  1

  0
LINE
  5
513
330
510
100
AcDbEntity
  8
SLD-0
 62
     7
100
AcDbLine
 10
44.55389509916679
 20
666.7732484076435
 30
0.0
 11
25.55731459160508
 21
666.7732484076435
 31
0.0
  0
LINE
  5
514
330
510
100
AcDbEntity
  8
SLD-0
 62
     7
100
AcDbLine
 10
44.55389509916688
 20
6.773248407643262
 30
0.0
 11
25.55731459160521
 21
6.773248407643258
 31
0.0
  0
LINE
  5
515
330
510
100
AcDbEntity
  8
SLD-0
 62
     7
100
AcDbLine
 10
26.55731459160508
 20
666.7732484076435
 30
0.0
 11
26.55731459160521
 21
6.773248407643258
 31
0.0
  0
MTEXT
  5
516
330
510
100
AcDbEntity
  8
SLD-0
 62
     7
100
AcDbMText
 10
7.995946382349663
 20
324.030481613583
 30
0.0
 40
15.0
 41
0.0
 71
     1
 72
     1
  1
660
  7
SLDTEXTSTYLE1
 11
-7.044195017643634E-15
 21
1.0
 31
0.0
 73
     1
 44
1.0
  0
SOLID
  5
517
330
510
100
AcDbEntity
  8
SLD-0
 62
     7
100
AcDbTrace
 10
26.55731459160508
 20
666.7732484076435
 30
0.0
 11
24.24962228391278
 21
651.7732484076433
 31
0.0
 12
28.86500689929739
 22
651.7732484076433
 32
0.0
 13
28.86500689929739
 23
651.7732484076433
 33
0.0
  0
SOLID
  5
518
330
510
100
AcDbEntity
  8
SLD-0
 62
     7
100
AcDbTrace
 10
26.55731459160521
 20
6.773248407643258
 30
0.0
 11
28.86500689929751
 21
21.77324840764326
 31
0.0
 12
24.24962228391289
 22
21.77324840764326
 32
0.0
 13
24.24962228391289
 23
21.77324840764326
 33
0.0
  0
ENDBLK
  5
512
330
510
100
AcDbEntity
  8
0
100
AcDbBlockEnd
  0
BLOCK
  5
51B
330
51A
100
AcDbEntity
  8
0
100
AcDbBlockBegin
  2
_D_2
 70
     0
 10
0.0
 20
0.0
 30
0.0
  3
_D_2
  1

  0
LINE
  5
51D
330
51A
100
AcDbEntity
  8
SLD-0
 62
     7
100
AcDbLine
 10
519.1200367044635
 20
666.7832484076432
 30
0.0
 11
519.1200367044635
 21
681.0282527820251
 31
0.0
  0
LINE
  5
51E
330
51A
100
AcDbEntity
  8
SLD-0
 62
     7
100
AcDbLine
 10
979.1200367044635
 20
666.7832484076433
 30
0.0
 11
979.1200367044635
 21
681.0282527820251
 31
0.0
  0
LINE
  5
51F
330
51A
100
AcDbEntity
  8
SLD-0
 62
     7
100
AcDbLine
 10
519.1200367044635
 20
680.0282527820251
 30
0.0
 11
979.1200367044635
 21
680.0282527820251
 31
0.0
  0
MTEXT
  5
520
330
51A
100
AcDbEntity
  8
SLD-0
 62
     7
100
AcDbMText
 10
723.3956847483935
 20
698.5896209912805
 30
0.0
 40
15.0
 41
0.0
 71
     1
 72
     1
  1
460
  7
SLDTEXTSTYLE1
 73
     1
 44
1.0
  0
SOLID
  5
521
330
51A
100
AcDbEntity
  8
SLD-0
 62
     7
100
AcDbTrace
 10
519.1200367044635
 20
680.0282527820251
 30
0.0
 11
534.1200367044635
 21
677.7205604743327
 31
0.0
 12
534.1200367044635
 22
682.3359450897173
 32
0.0
 13
534.1200367044635
 23
682.3359450897173
 33
0.0
  0
SOLID
  5
522
330
51A
100
AcDbEntity
  8
SLD-0
 62
     7
100
AcDbTrace
 10
979.1200367044635
 20
680.0282527820251
 30
0.0
 11
964.1200367044635
 21
682.3359450897173
 31
0.0
 12
964.1200367044635
 22
677.7205604743327
 32
0.0
 13
964.1200367044635
 23
677.7205604743327
 33
0.0
  0
ENDBLK
  5
51C
330
51A
100
AcDbEntity
  8
0
100
AcDbBlockEnd
  0
BLOCK
  5
525
330
524
100
AcDbEntity
  8
0
100
AcDbBlockBegin
  2
_D_3
 70
     0
 10
0.0
 20
0.0
 30
0.0
  3
_D_3
  1

  0
LINE
  5
527
330
524
100
AcDbEntity
  8
SLD-0
 62
     7
100
AcDbLine
 10
519.1300367044635
 20
666.7732484076435
 30
0.0
 11
1005.776411445885
 21
666.7732484076435
 31
0.0
  0
LINE
  5
528
330
524
100
AcDbEntity
  8
SLD-0
 62
     7
100
AcDbLine
 10
519.1300367044635
 20
6.773248407643262
 30
0.0
 11
1005.776411445885
 21
6.773248407643291
 31
0.0
  0
LINE
  5
529
330
524
100
AcDbEntity
  8
SLD-0
 62
     7
100
AcDbLine
 10
1004.776411445885
 20
666.7732484076435
 30
0.0
 11
1004.776411445885
 21
6.773248407643291
 31
0.0
  0
MTEXT
  5
52A
330
524
100
AcDbEntity
  8
SLD-0
 62
     7
100
AcDbMText
 10
986.2150432366292
 20
324.030481613583
 30
0.0
 40
15.0
 41
0.0
 71
     1
 72
     1
  1
660
  7
SLDTEXTSTYLE1
 11
-7.044195017643634E-15
 21
1.0
 31
0.0
 73
     1
 44
1.0
  0
SOLID
  5
52B
330
524
100
AcDbEntity
  8
SLD-0
 62
     7
100
AcDbTrace
 10
1004.776411445885
 20
666.7732484076435
 30
0.0
 11
1002.468719138192
 21
651.7732484076433
 31
0.0
 12
1007.084103753577
 22
651.7732484076433
 32
0.0
 13
1007.084103753577
 23
651.7732484076433
 33
0.0
  0
SOLID
  5
52C
330
524
100
AcDbEntity
  8
SLD-0
 62
     7
100
AcDbTrace
 10
1004.776411445885
 20
6.773248407643291
 30
0.0
 11
1007.084103753577
 21
21.77324840764329
 31
0.0
 12
1002.468719138192
 22
21.77324840764329
 32
0.0
 13
1002.468719138192
 23
21.77324840764329
 33
0.0
  0
ENDBLK
  5
526
330
524
100
AcDbEntity
  8
0
100
AcDbBlockEnd
  0
BLOCK
  5
52F
330
52E
100
AcDbEntity
  8
0
100
AcDbBlockBegin
  2
_D_4
 70
     0
 10
0.0
 20
0.0
 30
0.0
  3
_D_4
  1

  0
LINE
  5
531
330
52E
100
AcDbEntity
  8
SLD-0
 62
     7
100
AcDbLine
 10
1018.030475023401
 20
666.7832484076432
 30
0.0
 11
1018.030475023401
 21
681.0282527820251
 31
0.0
  0
LINE
  5
532
330
52E
100
AcDbEntity
  8
SLD-0
 62
     7
100
AcDbLine
 10
1478.030475023402
 20
666.7832484076433
 30
0.0
 11
1478.030475023402
 21
681.0282527820251
 31
0.0
  0
LINE
  5
533
330
52E
100
AcDbEntity
  8
SLD-0
 62
     7
100
AcDbLine
 10
1018.030475023401
 20
680.0282527820251
 30
0.0
 11
1478.030475023402
 21
680.0282527820251
 31
0.0
  0
MTEXT
  5
534
330
52E
100
AcDbEntity
  8
SLD-0
 62
     7
100
AcDbMText
 10
1226.983830073701
 20
698.5896209912803
 30
0.0
 40
15.0
 41
0.0
 71
     1
 72
     1
  1
460
  7
SLDTEXTSTYLE1
 73
     1
 44
1.0
  0
SOLID
  5
535
330
52E
100
AcDbEntity
  8
SLD-0
 62
     7
100
AcDbTrace
 10
1018.030475023401
 20
680.0282527820251
 30
0.0
 11
1033.030475023401
 21
677.7205604743327
 31
0.0
 12
1033.030475023401
 22
682.3359450897173
 32
0.0
 13
1033.030475023401
 23
682.3359450897173
 33
0.0
  0
SOLID
  5
536
330
52E
100
AcDbEntity
  8
SLD-0
 62
     7
100
AcDbTrace
 10
1478.030475023402
 20
680.0282527820251
 30
0.0
 11
1463.030475023401
 21
682.3359450897173
 31
0.0
 12
1463.030475023401
 22
677.7205604743327
 32
0.0
 13
1463.030475023401
 23
677.7205604743327
 33
0.0
  0
ENDBLK
  5
530
330
52E
100
AcDbEntity
  8
0
100
AcDbBlockEnd
  0
BLOCK
  5
539
330
538
100
AcDbEntity
  8
0
100
AcDbBlockBegin
  2
_D_5
 70
     0
 10
0.0
 20
0.0
 30
0.0
  3
_D_5
  1

  0
LINE
  5
53B
330
538
100
AcDbEntity
  8
SLD-0
 62
     7
100
AcDbLine
 10
1018.040475023401
 20
666.7732484076435
 30
0.0
 11
1506.996521896604
 21
666.7732484076432
 31
0.0
  0
LINE
  5
53C
330
538
100
AcDbEntity
  8
SLD-0
 62
     7
100
AcDbLine
 10
1018.040475023401
 20
6.773248407643262
 30
0.0
 11
1506.996521896604
 21
6.773248407643129
 31
0.0
  0
LINE
  5
53D
330
538
100
AcDbEntity
  8
SLD-0
 62
     7
100
AcDbLine
 10
1505.996521896604
 20
666.7732484076432
 30
0.0
 11
1505.996521896604
 21
6.773248407643129
 31
0.0
  0
MTEXT
  5
53E
330
538
100
AcDbEntity
  8
SLD-0
 62
     7
100
AcDbMText
 10
1487.435153687349
 20
324.0304816135828
 30
0.0
 40
15.0
 41
0.0
 71
     1
 72
     1
  1
660
  7
SLDTEXTSTYLE1
 11
-7.044195017643634E-15
 21
1.0
 31
0.0
 73
     1
 44
1.0
  0
SOLID
  5
53F
330
538
100
AcDbEntity
  8
SLD-0
 62
     7
100
AcDbTrace
 10
1505.996521896604
 20
666.7732484076432
 30
0.0
 11
1503.688829588911
 21
651.7732484076432
 31
0.0
 12
1508.304214204296
 22
651.7732484076432
 32
0.0
 13
1508.304214204296
 23
651.7732484076432
 33
0.0
  0
SOLID
  5
540
330
538
100
AcDbEntity
  8
SLD-0
 62
     7
100
AcDbTrace
 10
1505.996521896604
 20
6.773248407643129
 30
0.0
 11
1508.304214204296
 21
21.77324840764313
 31
0.0
 12
1503.688829588911
 22
21.77324840764313
 32
0.0
 13
1503.688829588911
 23
21.77324840764313
 33
0.0
  0
ENDBLK
  5
53A
330
538
100
AcDbEntity
  8
0
100
AcDbBlockEnd
  0
BLOCK
  5
543
330
542
100
AcDbEntity
  8
0
100
AcDbBlockBegin
  2
_D_6
 70
     0
 10
0.0
 20
0.0
 30
0.0
  3
_D_6
  1

  0
LINE
  5
545
330
542
100
AcDbEntity
  8
SLD-0
 62
     7
100
AcDbLine
 10
147.3280852022022
 20
657.3979170247712
 30
0.0
 11
45.68835926196547
 21
657.3979170247713
 31
0.0
  0
LINE
  5
546
330
542
100
AcDbEntity
  8
SLD-0
 62
     7
100
AcDbLine
 10
147.3280852022022
 20
307.3979170247714
 30
0.0
 11
45.6883592619652
 21
307.3979170247715
 31
0.0
  0
LINE
  5
547
330
542
100
AcDbEntity
  8
SLD-0
 62
     7
100
AcDbLine
 10
46.68835926196547
 20
657.3979170247713
 30
0.0
 11
46.6883592619652
 21
307.3979170247715
 31
0.0
  0
MTEXT
  5
548
330
542
100
AcDbEntity
  8
SLD-0
 62
     7
100
AcDbMText
 10
28.1269910527098
 20
475.1096035363639
 30
0.0
 40
15.0
 41
0.0
 71
     1
 72
     1
  1
350
  7
SLDTEXTSTYLE1
 11
-6.156016597943509E-15
 21
1.0
 31
0.0
 73
     1
 44
1.0
  0
SOLID
  5
549
330
542
100
AcDbEntity
  8
SLD-0
 62
     7
100
AcDbTrace
 10
46.68835926196547
 20
657.3979170247713
 30
0.0
 11
44.38066695427315
 21
642.3979170247713
 31
0.0
 12
48.99605156965777
 22
642.3979170247713
 32
0.0
 13
48.99605156965777
 23
642.3979170247713
 33
0.0
  0
SOLID
  5
54A
330
542
100
AcDbEntity
  8
SLD-0
 62
     7
100
AcDbTrace
 10
46.6883592619652
 20
307.3979170247715
 30
0.0
 11
48.99605156965752
 21
322.3979170247715
 31
0.0
 12
44.3806669542729
 22
322.3979170247715
 32
0.0
 13
44.3806669542729
 23
322.3979170247715
 33
0.0
  0
ENDBLK
  5
544
330
542
100
AcDbEntity
  8
0
100
AcDbBlockEnd
  0
ENDSEC
  0
SECTION
  2
ENTITIES
  0
LINE
  5
64
330
1F
100
AcDbEntity
  8
SLD-0
  6
Continuous
 62
     7
370
    18
100
AcDbLine
 10
252.1279706616794
 20
111.6284920117643
 30
0.0
 11
492.8499468456701
 21
111.6284920117643
 31
0.0
  0
LINE
  5
65
330
1F
100
AcDbEntity
  8
SLD-0
  6
Continuous
 62
     7
370
    18
100
AcDbLine
 10
252.1279706616794
 20
111.6284920117643
 30
0.0
 11
252.1279706616794
 21
21.61129653401794
 31
0.0
  0
LINE
  5
66
330
1F
100
AcDbEntity
  8
SLD-0
  6
Continuous
 62
     7
370
    18
100
AcDbLine
 10
252.1279706616794
 20
21.61129653401794
 30
0.0
 11
492.8499468456701
 21
21.61129653401794
 31
0.0
  0
LINE
  5
67
330
1F
100
AcDbEntity
  8
SLD-0
  6
Continuous
 62
     7
370
    18
100
AcDbLine
 10
492.8499468456701
 20
111.6284920117643
 30
0.0
 11
492.8499468456701
 21
21.61129653401794
 31
0.0
  0
LINE
  5
68
330
1F
100
AcDbEntity
  8
SLD-0
  6
Continuous
 62
     7
370
    18
100
AcDbLine
 10
519.1200367044635
 20
666.7732484076435
 30
0.0
 11
979.1200367044635
 21
666.7732484076436
 31
0.0
  0
LINE
  5
69
330
1F
100
AcDbEntity
  8
SLD-0
  6
Continuous
 62
     7
370
    18
100
AcDbLine
 10
44.5638950991668
 20
666.7732484076435
 30
0.0
 11
504.5638950991668
 21
666.7732484076435
 31
0.0
  0
LINE
  5
6A
330
1F
100
AcDbEntity
  8
SLD-0
  6
Continuous
 62
     7
370
    18
100
AcDbLine
 10
44.5638950991668
 20
666.7732484076435
 30
0.0
 11
44.56389509916688
 21
6.773248407643262
 31
0.0
  0
LINE
  5
6B
330
1F
100
AcDbEntity
  8
SLD-0
  6
Continuous
 62
     7
370
    18
100
AcDbLine
 10
44.56389509916688
 20
6.773248407643262
 30
0.0
 11
504.5638950991669
 21
6.773248407643262
 31
0.0
  0
LINE
  5
6C
330
1F
100
AcDbEntity
  8
SLD-0
  6
Continuous
 62
     7
370
    18
100
AcDbLine
 10
504.5638950991668
 20
666.7732484076435
 30
0.0
 11
504.5638950991669
 21
6.773248407643262
 31
0.0
  0
LINE
  5
6D
330
1F
100
AcDbEntity
  8
SLD-0
  6
Continuous
 62
     7
370
    18
100
AcDbLine
 10
519.1200367044635
 20
666.7732484076435
 30
0.0
 11
519.1200367044635
 21
6.773248407643262
 31
0.0
  0
LINE
  5
6E
330
1F
100
AcDbEntity
  8
SLD-0
  6
Continuous
 62
     7
370
    18
100
AcDbLine
 10
519.1200367044635
 20
6.773248407643262
 30
0.0
 11
979.1200367044635
 21
6.773248407643262
 31
0.0
  0
LINE
  5
6F
330
1F
100
AcDbEntity
  8
SLD-0
  6
Continuous
 62
     7
370
    18
100
AcDbLine
 10
979.1200367044635
 20
666.7732484076436
 30
0.0
 11
979.1200367044635
 21
6.773248407643262
 31
0.0
  0
LINE
  5
70
330
1F
100
AcDbEntity
  8
SLD-0
  6
Continuous
 62
     7
370
    18
100
AcDbLine
 10
1018.030475023401
 20
666.7732484076435
 30
0.0
 11
1478.030475023402
 21
666.7732484076436
 31
0.0
  0
LINE
  5
71
330
1F
100
AcDbEntity
  8
SLD-0
  6
Continuous
 62
     7
370
    18
100
AcDbLine
 10
1018.030475023401
 20
666.7732484076435
 30
0.0
 11
1018.030475023401
 21
6.773248407643262
 31
0.0
  0
LINE
  5
72
330
1F
100
AcDbEntity
  8
SLD-0
  6
Continuous
 62
     7
370
    18
100
AcDbLine
 10
1018.030475023401
 20
6.773248407643262
 30
0.0
 11
1478.030475023402
 21
6.773248407643262
 31
0.0
  0
LINE
  5
73
330
1F
100
AcDbEntity
  8
SLD-0
  6
Continuous
 62
     7
370
    18
100
AcDbLine
 10
1478.030475023402
 20
666.7732484076436
 30
0.0
 11
1478.030475023402
 21
6.773248407643262
 31
0.0
  0
LINE
  5
74
330
1F
100
AcDbEntity
  8
SLD-0
  6
Continuous
 62
     7
370
    25
100
AcDbLine
 10
311.0753435024051
 20
544.8979170247715
 30
0.0
 11
235.6008269019976
 21
544.8979170247715
 31
0.0
  0
LINE
  5
75
330
1F
100
AcDbEntity
  8
SLD-0
  6
Continuous
 62
     7
370
    25
100
AcDbLine
 10
233.3380852022022
 20
542.6351753249729
 30
0.0
 11
233.3380852022022
 21
537.1606587245665
 31
0.0
  0
LINE
  5
76
330
1F
100
AcDbEntity
  8
SLD-0
  6
Continuous
 62
     7
370
    25
100
AcDbLine
 10
235.6008269020011
 20
534.8979170247716
 30
0.0
 11
311.0753435024051
 21
534.8979170247716
 31
0.0
  0
LINE
  5
77
330
1F
100
AcDbEntity
  8
SLD-0
  6
Continuous
 62
     7
370
    25
100
AcDbLine
 10
313.338085202202
 20
537.1606587245683
 30
0.0
 11
313.3380852022021
 21
542.6351753249744
 31
0.0
  0
LINE
  5
78
330
1F
100
AcDbEntity
  8
SLD-0
  6
Continuous
 62
     7
370
    25
100
AcDbLine
 10
308.3380852022022
 20
612.3979170247713
 30
0.0
 11
238.3380852022022
 21
612.3979170247712
 31
0.0
  0
LINE
  5
79
330
1F
100
AcDbEntity
  8
SLD-0
  6
Continuous
 62
     7
370
    25
100
AcDbLine
 10
238.3380852022025
 20
572.3979170247711
 30
0.0
 11
308.3380852022025
 21
572.3979170247711
 31
0.0
  0
LINE
  5
7A
330
1F
100
AcDbEntity
  8
SLD-0
  6
Continuous
 62
     7
370
    25
100
AcDbLine
 10
458.3380852022022
 20
612.3979170247713
 30
0.0
 11
426.3380852022022
 21
612.3979170247712
 31
0.0
  0
LINE
  5
7B
330
1F
100
AcDbEntity
  8
SLD-0
  6
Continuous
 62
     7
370
    25
100
AcDbLine
 10
426.3380852022025
 20
572.3979170247711
 30
0.0
 11
458.3380852022025
 21
572.3979170247711
 31
0.0
  0
LINE
  5
7C
330
1F
100
AcDbEntity
  8
SLD-0
  6
Continuous
 62
     7
370
    25
100
AcDbLine
 10
88.33808520220246
 20
572.3979170247711
 30
0.0
 11
120.3380852022022
 21
572.3979170247711
 31
0.0
  0
LINE
  5
7D
330
1F
100
AcDbEntity
  8
SLD-0
  6
Continuous
 62
     7
370
    25
100
AcDbLine
 10
120.3380852022022
 20
612.3979170247713
 30
0.0
 11
88.33808520220218
 21
612.3979170247713
 31
0.0
  0
LINE
  5
7E
330
1F
100
AcDbEntity
  8
SLD-0
  6
Continuous
 62
     7
370
    25
100
AcDbLine
 10
345.1805171455255
 20
470.3979170247735
 30
0.0
 11
327.600826902001
 21
470.3979170247737
 31
0.0
  0
LINE
  5
7F
330
1F
100
AcDbEntity
  8
SLD-0
  6
Continuous
 62
     7
370
    25
100
AcDbLine
 10
345.1805171455254
 20
494.3979170247692
 30
0.0
 11
327.600826902001
 21
494.3979170247691
 31
0.0
  0
LINE
  5
80
330
1F
100
AcDbEntity
  8
SLD-0
  6
Continuous
 62
     7
370
    25
100
AcDbLine
 10
325.338085202204
 20
472.6606587245707
 30
0.0
 11
325.338085202204
 21
492.1351753249721
 31
0.0
  0
LINE
  5
81
330
1F
100
AcDbEntity
  8
SLD-0
  6
Continuous
 62
     7
370
    25
100
AcDbLine
 10
235.6008269020011
 20
429.8979170247713
 30
0.0
 11
311.075343502405
 21
429.8979170247715
 31
0.0
  0
LINE
  5
82
330
1F
100
AcDbEntity
  8
SLD-0
  6
Continuous
 62
     7
370
    25
100
AcDbLine
 10
233.3380852022022
 20
422.1606587245698
 30
0.0
 11
233.3380852022022
 21
427.6351753249763
 31
0.0
  0
LINE
  5
83
330
1F
100
AcDbEntity
  8
SLD-0
  6
Continuous
 62
     7
370
    25
100
AcDbLine
 10
311.0753435024051
 20
419.8979170247714
 30
0.0
 11
235.6008269019976
 21
419.8979170247713
 31
0.0
  0
LINE
  5
84
330
1F
100
AcDbEntity
  8
SLD-0
  6
Continuous
 62
     7
370
    25
100
AcDbLine
 10
313.338085202202
 20
427.6351753249744
 30
0.0
 11
313.338085202202
 21
422.1606587245683
 31
0.0
  0
LINE
  5
85
330
1F
100
AcDbEntity
  8
SLD-0
  6
Continuous
 62
     7
370
    25
100
AcDbLine
 10
308.3380852022022
 20
352.3979170247716
 30
0.0
 11
238.3380852022025
 21
352.3979170247715
 31
0.0
  0
LINE
  5
86
330
1F
100
AcDbEntity
  8
SLD-0
  6
Continuous
 62
     7
370
    25
100
AcDbLine
 10
238.3380852022022
 20
392.3979170247716
 30
0.0
 11
308.3380852022022
 21
392.3979170247716
 31
0.0
  0
LINE
  5
87
330
1F
100
AcDbEntity
  8
SLD-0
  6
Continuous
 62
     7
370
    25
100
AcDbLine
 10
458.3380852022022
 20
352.3979170247716
 30
0.0
 11
426.3380852022025
 21
352.3979170247715
 31
0.0
  0
LINE
  5
88
330
1F
100
AcDbEntity
  8
SLD-0
  6
Continuous
 62
     7
370
    25
100
AcDbLine
 10
426.3380852022022
 20
392.3979170247716
 30
0.0
 11
458.3380852022022
 21
392.3979170247716
 31
0.0
  0
LINE
  5
89
330
1F
100
AcDbEntity
  8
SLD-0
  6
Continuous
 62
     7
370
    25
100
AcDbLine
 10
88.33808520220218
 20
392.3979170247716
 30
0.0
 11
120.3380852022022
 21
392.3979170247716
 31
0.0
  0
LINE
  5
8A
330
1F
100
AcDbEntity
  8
SLD-0
  6
Continuous
 62
     7
370
    25
100
AcDbLine
 10
120.3380852022025
 20
352.3979170247715
 30
0.0
 11
88.33808520220246
 21
352.3979170247715
 31
0.0
  0
LINE
  5
8B
330
1F
100
AcDbEntity
  8
SLD-0
  6
Continuous
 62
     7
370
    25
100
AcDbLine
 10
283.338085202202
 20
512.3979170247713
 30
0.0
 11
263.3380852022024
 21
512.3979170247713
 31
0.0
  0
LINE
  5
8C
330
1F
100
AcDbEntity
  8
SLD-0
  6
Continuous
 62
     7
370
    25
100
AcDbLine
 10
243.3380852022022
 20
472.3979170247716
 30
0.0
 11
243.3380852022022
 21
492.397917024771
 31
0.0
  0
LINE
  5
8D
330
1F
100
AcDbEntity
  8
SLD-0
  6
Continuous
 62
     7
370
    25
100
AcDbLine
 10
283.338085202202
 20
452.3979170247714
 30
0.0
 11
263.3380852022026
 21
452.3979170247714
 31
0.0
  0
LINE
  5
8E
330
1F
100
AcDbEntity
  8
SLD-0
  6
Continuous
 62
     7
370
    25
100
AcDbLine
 10
303.3380852022022
 20
492.3979170247712
 30
0.0
 11
303.3380852022022
 21
472.3979170247716
 31
0.0
  0
LINE
  5
8F
330
1F
100
AcDbEntity
  8
SLD-0
  6
Continuous
 62
     7
370
    25
100
AcDbLine
 10
219.0753435024057
 20
494.3979170247713
 30
0.0
 11
201.4956532588801
 21
494.3979170247713
 31
0.0
  0
LINE
  5
90
330
1F
100
AcDbEntity
  8
SLD-0
  6
Continuous
 62
     7
370
    25
100
AcDbLine
 10
219.0753435024057
 20
470.3979170247714
 30
0.0
 11
201.4956532588802
 21
470.397917024772
 31
0.0
  0
LINE
  5
91
330
1F
100
AcDbEntity
  8
SLD-0
  6
Continuous
 62
     7
370
    25
100
AcDbLine
 10
221.3380852022027
 20
492.1351753249745
 30
0.0
 11
221.3380852022028
 21
472.6606587245683
 31
0.0
  0
LINE
  5
92
330
1F
100
AcDbEntity
  8
SLD-0
  6
Continuous
 62
     7
370
    25
100
AcDbLine
 10
48.33808520220214
 20
529.3979170247712
 30
0.0
 11
106.0753435024052
 21
529.3979170247713
 31
0.0
  0
LINE
  5
93
330
1F
100
AcDbEntity
  8
SLD-0
  6
Continuous
 62
     7
370
    25
100
AcDbLine
 10
48.33808520220217
 20
584.8979170247719
 30
0.0
 11
48.33808520220214
 21
529.3979170247712
 31
0.0
  0
LINE
  5
94
330
1F
100
AcDbEntity
  8
SLD-0
  6
Continuous
 62
     7
370
    25
100
AcDbLine
 10
108.3380852022022
 20
637.1606587245687
 30
0.0
 11
108.3380852022022
 21
644.8979170247719
 31
0.0
  0
LINE
  5
95
330
1F
100
AcDbEntity
  8
SLD-0
  6
Continuous
 62
     7
370
    25
100
AcDbLine
 10
136.0753435024057
 20
634.8979170247712
 30
0.0
 11
110.6008269019991
 21
634.8979170247717
 31
0.0
  0
LINE
  5
96
330
1F
100
AcDbEntity
  8
SLD-0
  6
Continuous
 62
     7
370
    25
100
AcDbLine
 10
138.3380852022022
 20
648.3979170247713
 30
0.0
 11
138.3380852022023
 21
637.1606587245689
 31
0.0
  0
LINE
  5
97
330
1F
100
AcDbEntity
  8
SLD-0
  6
Continuous
 62
     7
370
    25
100
AcDbLine
 10
244.3380852022022
 20
657.3979170247713
 30
0.0
 11
147.3380852022022
 21
657.3979170247713
 31
0.0
  0
LINE
  5
98
330
1F
100
AcDbEntity
  8
SLD-0
  6
Continuous
 62
     7
370
    25
100
AcDbLine
 10
253.3380852022023
 20
637.1606587245687
 30
0.0
 11
253.3380852022023
 21
648.3979170247713
 31
0.0
  0
LINE
  5
99
330
1F
100
AcDbEntity
  8
SLD-0
  6
Continuous
 62
     7
370
    25
100
AcDbLine
 10
291.0753435024052
 20
634.8979170247718
 30
0.0
 11
255.6008269019992
 21
634.8979170247718
 31
0.0
  0
LINE
  5
9A
330
1F
100
AcDbEntity
  8
SLD-0
  6
Continuous
 62
     7
370
    25
100
AcDbLine
 10
293.3380852022023
 20
648.3979170247713
 30
0.0
 11
293.3380852022023
 21
637.1606587245689
 31
0.0
  0
LINE
  5
9B
330
1F
100
AcDbEntity
  8
SLD-0
  6
Continuous
 62
     7
370
    25
100
AcDbLine
 10
399.3380852022022
 20
657.3979170247713
 30
0.0
 11
302.3380852022023
 21
657.3979170247713
 31
0.0
  0
LINE
  5
9C
330
1F
100
AcDbEntity
  8
SLD-0
  6
Continuous
 62
     7
370
    25
100
AcDbLine
 10
408.3380852022022
 20
637.1606587245687
 30
0.0
 11
408.3380852022022
 21
648.3979170247713
 31
0.0
  0
LINE
  5
9D
330
1F
100
AcDbEntity
  8
SLD-0
  6
Continuous
 62
     7
370
    25
100
AcDbLine
 10
436.0753435024053
 20
634.8979170247717
 30
0.0
 11
410.6008269019987
 21
634.8979170247713
 31
0.0
  0
LINE
  5
9E
330
1F
100
AcDbEntity
  8
SLD-0
  6
Continuous
 62
     7
370
    25
100
AcDbLine
 10
438.3380852022022
 20
644.8979170247719
 30
0.0
 11
438.3380852022023
 21
637.1606587245689
 31
0.0
  0
LINE
  5
9F
330
1F
100
AcDbEntity
  8
SLD-0
  6
Continuous
 62
     7
370
    25
100
AcDbLine
 10
498.3380852022023
 20
529.3979170247713
 30
0.0
 11
498.3380852022023
 21
584.8979170247719
 31
0.0
  0
LINE
  5
A0
330
1F
100
AcDbEntity
  8
SLD-0
  6
Continuous
 62
     7
370
    25
100
AcDbLine
 10
440.6008269019992
 20
529.3979170247713
 30
0.0
 11
498.3380852022023
 21
529.3979170247713
 31
0.0
  0
LINE
  5
A1
330
1F
100
AcDbEntity
  8
SLD-0
  6
Continuous
 62
     7
370
    25
100
AcDbLine
 10
438.3380852022023
 20
527.1351753249744
 30
0.0
 11
438.3380852022023
 21
437.6606587245684
 31
0.0
  0
LINE
  5
A2
330
1F
100
AcDbEntity
  8
SLD-0
  6
Continuous
 62
     7
370
    25
100
AcDbLine
 10
440.6008269019992
 20
435.3979170247714
 30
0.0
 11
498.3380852022023
 21
435.3979170247714
 31
0.0
  0
LINE
  5
A3
330
1F
100
AcDbEntity
  8
SLD-0
  6
Continuous
 62
     7
370
    25
100
AcDbLine
 10
498.3380852022023
 20
435.3979170247714
 30
0.0
 11
498.3380852022023
 21
379.8979170247709
 31
0.0
  0
LINE
  5
A4
330
1F
100
AcDbEntity
  8
SLD-0
  6
Continuous
 62
     7
370
    25
100
AcDbLine
 10
438.3380852022031
 20
319.8979170247708
 30
0.0
 11
438.3380852022022
 21
327.6351753249741
 31
0.0
  0
LINE
  5
A5
330
1F
100
AcDbEntity
  8
SLD-0
  6
Continuous
 62
     7
370
    25
100
AcDbLine
 10
436.0753435024053
 20
329.897917024771
 30
0.0
 11
410.6008269019987
 21
329.8979170247715
 31
0.0
  0
LINE
  5
A6
330
1F
100
AcDbEntity
  8
SLD-0
  6
Continuous
 62
     7
370
    25
100
AcDbLine
 10
408.3380852022021
 20
327.6351753249741
 30
0.0
 11
408.3380852022022
 21
316.3979170247715
 31
0.0
  0
LINE
  5
A7
330
1F
100
AcDbEntity
  8
SLD-0
  6
Continuous
 62
     7
370
    25
100
AcDbLine
 10
399.3380852022022
 20
307.3979170247715
 30
0.0
 11
302.3380852022023
 21
307.3979170247713
 31
0.0
  0
LINE
  5
A8
330
1F
100
AcDbEntity
  8
SLD-0
  6
Continuous
 62
     7
370
    25
100
AcDbLine
 10
293.3380852022023
 20
316.3979170247715
 30
0.0
 11
293.3380852022023
 21
327.6351753249741
 31
0.0
  0
LINE
  5
A9
330
1F
100
AcDbEntity
  8
SLD-0
  6
Continuous
 62
     7
370
    25
100
AcDbLine
 10
291.0753435024052
 20
329.897917024771
 30
0.0
 11
255.6008269019991
 21
329.897917024771
 31
0.0
  0
LINE
  5
AA
330
1F
100
AcDbEntity
  8
SLD-0
  6
Continuous
 62
     7
370
    25
100
AcDbLine
 10
253.3380852022022
 20
327.635175324974
 30
0.0
 11
253.3380852022023
 21
316.3979170247715
 31
0.0
  0
LINE
  5
AB
330
1F
100
AcDbEntity
  8
SLD-0
  6
Continuous
 62
     7
370
    25
100
AcDbLine
 10
244.3380852022022
 20
307.3979170247713
 30
0.0
 11
147.3380852022022
 21
307.3979170247715
 31
0.0
  0
LINE
  5
AC
330
1F
100
AcDbEntity
  8
SLD-0
  6
Continuous
 62
     7
370
    25
100
AcDbLine
 10
138.3380852022022
 20
316.3979170247715
 30
0.0
 11
138.3380852022022
 21
327.6351753249741
 31
0.0
  0
LINE
  5
AD
330
1F
100
AcDbEntity
  8
SLD-0
  6
Continuous
 62
     7
370
    25
100
AcDbLine
 10
136.0753435024057
 20
329.8979170247715
 30
0.0
 11
110.6008269019991
 21
329.897917024771
 31
0.0
  0
LINE
  5
AE
330
1F
100
AcDbEntity
  8
SLD-0
  6
Continuous
 62
     7
370
    25
100
AcDbLine
 10
108.3380852022022
 20
327.635175324974
 30
0.0
 11
108.3380852022022
 21
319.897917024771
 31
0.0
  0
LINE
  5
AF
330
1F
100
AcDbEntity
  8
SLD-0
  6
Continuous
 62
     7
370
    25
100
AcDbLine
 10
48.33808520220217
 20
379.8979170247709
 30
0.0
 11
48.33808520220214
 21
435.3979170247715
 31
0.0
  0
LINE
  5
B0
330
1F
100
AcDbEntity
  8
SLD-0
  6
Continuous
 62
     7
370
    25
100
AcDbLine
 10
48.33808520220214
 20
435.3979170247715
 30
0.0
 11
106.0753435024052
 21
435.3979170247715
 31
0.0
  0
LINE
  5
B1
330
1F
100
AcDbEntity
  8
SLD-0
  6
Continuous
 62
     7
370
    25
100
AcDbLine
 10
108.3380852022022
 20
437.6606587245685
 30
0.0
 11
108.3380852022022
 21
527.1351753249743
 31
0.0
  0
LINE
  5
B2
330
1F
100
AcDbEntity
  8
SLD-0
  6
Continuous
 62
     7
370
    25
100
AcDbLine
 10
1058.606041272594
 20
594.0341035212225
 30
0.0
 11
1058.606041272594
 21
589.0341035212225
 31
0.0
  0
LINE
  5
B3
330
1F
100
AcDbEntity
  8
SLD-0
  6
Continuous
 62
     7
370
    25
100
AcDbLine
 10
1068.606041272595
 20
579.0341035212225
 30
0.0
 11
1318.606041272595
 21
579.0341035212225
 31
0.0
  0
LINE
  5
B4
330
1F
100
AcDbEntity
  8
SLD-0
  6
Continuous
 62
     7
370
    25
100
AcDbLine
 10
1328.606041272595
 20
589.0341035212226
 30
0.0
 11
1328.606041272595
 21
594.0341035212225
 31
0.0
  0
LINE
  5
B5
330
1F
100
AcDbEntity
  8
SLD-0
  6
Continuous
 62
     7
370
    25
100
AcDbLine
 10
1078.606041272595
 20
429.0341035212225
 30
0.0
 11
1153.606041272594
 21
429.0341035212226
 31
0.0
  0
LINE
  5
B6
330
1F
100
AcDbEntity
  8
SLD-0
  6
Continuous
 62
     7
370
    25
100
AcDbLine
 10
1173.606041272594
 20
449.0341035212225
 30
0.0
 11
1173.606041272594
 21
519.0341035212225
 31
0.0
  0
LINE
  5
B7
330
1F
100
AcDbEntity
  8
SLD-0
  6
Continuous
 62
     7
370
    25
100
AcDbLine
 10
1153.606041272594
 20
539.0341035212225
 30
0.0
 11
1078.606041272594
 21
539.0341035212225
 31
0.0
  0
LINE
  5
B8
330
1F
100
AcDbEntity
  8
SLD-0
  6
Continuous
 62
     7
370
    25
100
AcDbLine
 10
1058.606041272594
 20
519.0341035212225
 30
0.0
 11
1058.606041272594
 21
449.0341035212225
 31
0.0
  0
LINE
  5
B9
330
1F
100
AcDbEntity
  8
SLD-0
  6
Continuous
 62
     7
370
    25
100
AcDbLine
 10
1213.606041272595
 20
411.7713618214254
 30
0.0
 11
1213.606041272595
 21
406.2968452210195
 31
0.0
  0
LINE
  5
BA
330
1F
100
AcDbEntity
  8
SLD-0
  6
Continuous
 62
     7
370
    25
100
AcDbLine
 10
1215.868782972392
 20
404.0341035212226
 30
0.0
 11
1326.343299572798
 21
404.0341035212227
 31
0.0
  0
LINE
  5
BB
330
1F
100
AcDbEntity
  8
SLD-0
  6
Continuous
 62
     7
370
    25
100
AcDbLine
 10
1328.606041272595
 20
406.2968452210195
 30
0.0
 11
1328.606041272595
 21
411.7713618214257
 31
0.0
  0
LINE
  5
BC
330
1F
100
AcDbEntity
  8
SLD-0
  6
Continuous
 62
     7
370
    25
100
AcDbLine
 10
1326.343299572798
 20
414.0341035212226
 30
0.0
 11
1215.868782972392
 21
414.0341035212226
 31
0.0
  0
LINE
  5
BD
330
1F
100
AcDbEntity
  8
SLD-0
  6
Continuous
 62
     7
370
    25
100
AcDbLine
 10
1058.606041272594
 20
561.7713618214258
 30
0.0
 11
1058.606041272594
 21
556.2968452210197
 31
0.0
  0
LINE
  5
BE
330
1F
100
AcDbEntity
  8
SLD-0
  6
Continuous
 62
     7
370
    25
100
AcDbLine
 10
1060.868782972392
 20
554.0341035212224
 30
0.0
 11
1171.343299572797
 21
554.0341035212225
 31
0.0
  0
LINE
  5
BF
330
1F
100
AcDbEntity
  8
SLD-0
  6
Continuous
 62
     7
370
    25
100
AcDbLine
 10
1173.606041272595
 20
556.2968452210199
 30
0.0
 11
1173.606041272594
 21
561.7713618214258
 31
0.0
  0
LINE
  5
C0
330
1F
100
AcDbEntity
  8
SLD-0
  6
Continuous
 62
     7
370
    25
100
AcDbLine
 10
1171.343299572797
 20
564.0341035212225
 30
0.0
 11
1060.868782972392
 21
564.0341035212225
 31
0.0
  0
LINE
  5
C1
330
1F
100
AcDbEntity
  8
SLD-0
  6
Continuous
 62
     7
370
    25
100
AcDbLine
 10
1085.393606687715
 20
344.0341035212226
 30
0.0
 11
1123.606041272595
 21
344.0341035212226
 31
0.0
  0
LINE
  5
C2
330
1F
100
AcDbEntity
  8
SLD-0
  6
Continuous
 62
     7
370
    25
100
AcDbLine
 10
1028.606041272594
 20
594.0341035212225
 30
0.0
 11
1028.606041272594
 21
400.8216689363434
 31
0.0
  0
LINE
  5
C3
330
1F
100
AcDbEntity
  8
SLD-0
  6
Continuous
 62
     7
370
    25
100
AcDbLine
 10
1298.606041272595
 20
654.0341035212226
 30
0.0
 11
1088.606041272594
 21
654.0341035212226
 31
0.0
  0
LINE
  5
C4
330
1F
100
AcDbEntity
  8
SLD-0
  6
Continuous
 62
     7
370
    25
100
AcDbLine
 10
1358.606041272595
 20
400.8216689363435
 30
0.0
 11
1358.606041272596
 21
594.0341035212225
 31
0.0
  0
LINE
  5
C5
330
1F
100
AcDbEntity
  8
SLD-0
  6
Continuous
 62
     7
370
    25
100
AcDbLine
 10
1263.606041272595
 20
344.0341035212226
 30
0.0
 11
1301.818475857475
 21
344.0341035212224
 31
0.0
  0
LINE
  5
C6
330
1F
100
AcDbEntity
  8
SLD-0
  6
Continuous
 62
     7
370
    25
100
AcDbLine
 10
1158.805473086191
 20
365.0341035212226
 30
0.0
 11
1228.406609458999
 21
365.0341035212228
 31
0.0
  0
LINE
  5
C7
330
1F
100
AcDbEntity
  8
SLD-0
  6
Continuous
 62
     7
370
    25
100
AcDbLine
 10
1058.606041272594
 20
411.7713618214256
 30
0.0
 11
1058.606041272594
 21
406.2968452210195
 31
0.0
  0
LINE
  5
C8
330
1F
100
AcDbEntity
  8
SLD-0
  6
Continuous
 62
     7
370
    25
100
AcDbLine
 10
1060.868782972392
 20
404.0341035212225
 30
0.0
 11
1171.343299572797
 21
404.0341035212226
 31
0.0
  0
LINE
  5
C9
330
1F
100
AcDbEntity
  8
SLD-0
  6
Continuous
 62
     7
370
    25
100
AcDbLine
 10
1173.606041272595
 20
406.2968452210196
 30
0.0
 11
1173.606041272594
 21
411.7713618214256
 31
0.0
  0
LINE
  5
CA
330
1F
100
AcDbEntity
  8
SLD-0
  6
Continuous
 62
     7
370
    25
100
AcDbLine
 10
1171.343299572797
 20
414.0341035212226
 30
0.0
 11
1060.868782972392
 21
414.0341035212226
 31
0.0
  0
LINE
  5
CB
330
1F
100
AcDbEntity
  8
SLD-0
  6
Continuous
 62
     7
370
    25
100
AcDbLine
 10
1328.606041272595
 20
556.2968452210197
 30
0.0
 11
1328.606041272595
 21
561.7713618214258
 31
0.0
  0
LINE
  5
CC
330
1F
100
AcDbEntity
  8
SLD-0
  6
Continuous
 62
     7
370
    25
100
AcDbLine
 10
1326.343299572798
 20
564.0341035212226
 30
0.0
 11
1215.868782972392
 21
564.0341035212225
 31
0.0
  0
LINE
  5
CD
330
1F
100
AcDbEntity
  8
SLD-0
  6
Continuous
 62
     7
370
    25
100
AcDbLine
 10
1213.606041272595
 20
561.7713618214258
 30
0.0
 11
1213.606041272595
 21
556.2968452210197
 31
0.0
  0
LINE
  5
CE
330
1F
100
AcDbEntity
  8
SLD-0
  6
Continuous
 62
     7
370
    25
100
AcDbLine
 10
1215.868782972392
 20
554.0341035212224
 30
0.0
 11
1326.343299572798
 21
554.0341035212226
 31
0.0
  0
LINE
  5
CF
330
1F
100
AcDbEntity
  8
SLD-0
  6
Continuous
 62
     7
370
    25
100
AcDbLine
 10
1233.606041272595
 20
429.0341035212226
 30
0.0
 11
1308.606041272595
 21
429.0341035212226
 31
0.0
  0
LINE
  5
D0
330
1F
100
AcDbEntity
  8
SLD-0
  6
Continuous
 62
     7
370
    25
100
AcDbLine
 10
1328.606041272595
 20
449.0341035212226
 30
0.0
 11
1328.606041272595
 21
519.0341035212226
 31
0.0
  0
LINE
  5
D1
330
1F
100
AcDbEntity
  8
SLD-0
  6
Continuous
 62
     7
370
    25
100
AcDbLine
 10
1308.606041272595
 20
539.0341035212226
 30
0.0
 11
1233.606041272595
 21
539.0341035212225
 31
0.0
  0
LINE
  5
D2
330
1F
100
AcDbEntity
  8
SLD-0
  6
Continuous
 62
     7
370
    25
100
AcDbLine
 10
1213.606041272595
 20
519.0341035212226
 30
0.0
 11
1213.606041272595
 21
449.0341035212226
 31
0.0
  0
LINE
  5
D3
330
1F
100
AcDbEntity
  8
SLD-0
  6
Continuous
 62
     7
370
    25
100
AcDbLine
 10
1058.606041272594
 20
273.5888763601591
 30
0.0
 11
1058.606041272594
 21
268.5888763601591
 31
0.0
  0
LINE
  5
D4
330
1F
100
AcDbEntity
  8
SLD-0
  6
Continuous
 62
     7
370
    25
100
AcDbLine
 10
1068.606041272595
 20
258.588876360159
 30
0.0
 11
1318.606041272595
 21
258.588876360159
 31
0.0
  0
LINE
  5
D5
330
1F
100
AcDbEntity
  8
SLD-0
  6
Continuous
 62
     7
370
    25
100
AcDbLine
 10
1328.606041272595
 20
268.5888763601591
 30
0.0
 11
1328.606041272595
 21
273.5888763601591
 31
0.0
  0
LINE
  5
D6
330
1F
100
AcDbEntity
  8
SLD-0
  6
Continuous
 62
     7
370
    25
100
AcDbLine
 10
1078.606041272595
 20
108.5888763601591
 30
0.0
 11
1153.606041272594
 21
108.5888763601591
 31
0.0
  0
LINE
  5
D7
330
1F
100
AcDbEntity
  8
SLD-0
  6
Continuous
 62
     7
370
    25
100
AcDbLine
 10
1173.606041272594
 20
128.588876360159
 30
0.0
 11
1173.606041272594
 21
198.588876360159
 31
0.0
  0
LINE
  5
D8
330
1F
100
AcDbEntity
  8
SLD-0
  6
Continuous
 62
     7
370
    25
100
AcDbLine
 10
1153.606041272594
 20
218.588876360159
 30
0.0
 11
1078.606041272594
 21
218.588876360159
 31
0.0
  0
LINE
  5
D9
330
1F
100
AcDbEntity
  8
SLD-0
  6
Continuous
 62
     7
370
    25
100
AcDbLine
 10
1058.606041272594
 20
198.588876360159
 30
0.0
 11
1058.606041272594
 21
128.588876360159
 31
0.0
  0
LINE
  5
DA
330
1F
100
AcDbEntity
  8
SLD-0
  6
Continuous
 62
     7
370
    25
100
AcDbLine
 10
1213.606041272595
 20
91.32613466036193
 30
0.0
 11
1213.606041272595
 21
85.85161805995601
 31
0.0
  0
LINE
  5
DB
330
1F
100
AcDbEntity
  8
SLD-0
  6
Continuous
 62
     7
370
    25
100
AcDbLine
 10
1215.868782972392
 20
83.58887636015906
 30
0.0
 11
1326.343299572798
 21
83.58887636015908
 31
0.0
  0
LINE
  5
DC
330
1F
100
AcDbEntity
  8
SLD-0
  6
Continuous
 62
     7
370
    25
100
AcDbLine
 10
1328.606041272596
 20
85.85161805995605
 30
0.0
 11
1328.606041272595
 21
91.32613466036217
 31
0.0
  0
LINE
  5
DD
330
1F
100
AcDbEntity
  8
SLD-0
  6
Continuous
 62
     7
370
    25
100
AcDbLine
 10
1326.343299572798
 20
93.5888763601591
 30
0.0
 11
1215.868782972392
 21
93.58887636015908
 31
0.0
  0
LINE
  5
DE
330
1F
100
AcDbEntity
  8
SLD-0
  6
Continuous
 62
     7
370
    25
100
AcDbLine
 10
1058.606041272594
 20
241.3261346603621
 30
0.0
 11
1058.606041272594
 21
235.851618059956
 31
0.0
  0
LINE
  5
DF
330
1F
100
AcDbEntity
  8
SLD-0
  6
Continuous
 62
     7
370
    25
100
AcDbLine
 10
1060.868782972392
 20
233.5888763601591
 30
0.0
 11
1171.343299572797
 21
233.588876360159
 31
0.0
  0
LINE
  5
E0
330
1F
100
AcDbEntity
  8
SLD-0
  6
Continuous
 62
     7
370
    25
100
AcDbLine
 10
1173.606041272595
 20
235.8516180599562
 30
0.0
 11
1173.606041272594
 21
241.3261346603621
 31
0.0
  0
LINE
  5
E1
330
1F
100
AcDbEntity
  8
SLD-0
  6
Continuous
 62
     7
370
    25
100
AcDbLine
 10
1171.343299572797
 20
243.588876360159
 30
0.0
 11
1060.868782972392
 21
243.588876360159
 31
0.0
  0
LINE
  5
E2
330
1F
100
AcDbEntity
  8
SLD-0
  6
Continuous
 62
     7
370
    25
100
AcDbLine
 10
1085.393606687715
 20
23.58887636015902
 30
0.0
 11
1123.606041272595
 21
23.58887636015902
 31
0.0
  0
LINE
  5
E3
330
1F
100
AcDbEntity
  8
SLD-0
  6
Continuous
 62
     7
370
    25
100
AcDbLine
 10
1028.606041272594
 20
273.5888763601591
 30
0.0
 11
1028.606041272594
 21
80.3764417752799
 31
0.0
  0
LINE
  5
E4
330
1F
100
AcDbEntity
  8
SLD-0
  6
Continuous
 62
     7
370
    25
100
AcDbLine
 10
1298.606041272595
 20
333.5888763601591
 30
0.0
 11
1088.606041272594
 21
333.5888763601592
 31
0.0
  0
LINE
  5
E5
330
1F
100
AcDbEntity
  8
SLD-0
  6
Continuous
 62
     7
370
    25
100
AcDbLine
 10
1358.606041272595
 20
80.37644177527999
 30
0.0
 11
1358.606041272595
 21
273.5888763601591
 31
0.0
  0
LINE
  5
E6
330
1F
100
AcDbEntity
  8
SLD-0
  6
Continuous
 62
     7
370
    25
100
AcDbLine
 10
1263.606041272595
 20
23.58887636015908
 30
0.0
 11
1301.818475857475
 21
23.58887636015895
 31
0.0
  0
LINE
  5
E7
330
1F
100
AcDbEntity
  8
SLD-0
  6
Continuous
 62
     7
370
    25
100
AcDbLine
 10
1158.805473086191
 20
44.58887636015904
 30
0.0
 11
1228.406609458999
 21
44.58887636015932
 31
0.0
  0
LINE
  5
E8
330
1F
100
AcDbEntity
  8
SLD-0
  6
Continuous
 62
     7
370
    25
100
AcDbLine
 10
1058.606041272594
 20
91.32613466036209
 30
0.0
 11
1058.606041272594
 21
85.851618059956
 31
0.0
  0
LINE
  5
E9
330
1F
100
AcDbEntity
  8
SLD-0
  6
Continuous
 62
     7
370
    25
100
AcDbLine
 10
1060.868782972392
 20
83.58887636015906
 30
0.0
 11
1171.343299572797
 21
83.58887636015905
 31
0.0
  0
LINE
  5
EA
330
1F
100
AcDbEntity
  8
SLD-0
  6
Continuous
 62
     7
370
    25
100
AcDbLine
 10
1173.606041272595
 20
85.8516180599562
 30
0.0
 11
1173.606041272594
 21
91.32613466036211
 31
0.0
  0
LINE
  5
EB
330
1F
100
AcDbEntity
  8
SLD-0
  6
Continuous
 62
     7
370
    25
100
AcDbLine
 10
1171.343299572797
 20
93.58887636015908
 30
0.0
 11
1060.868782972392
 21
93.58887636015908
 31
0.0
  0
LINE
  5
EC
330
1F
100
AcDbEntity
  8
SLD-0
  6
Continuous
 62
     7
370
    25
100
AcDbLine
 10
1328.606041272595
 20
235.8516180599562
 30
0.0
 11
1328.606041272595
 21
241.3261346603621
 31
0.0
  0
LINE
  5
ED
330
1F
100
AcDbEntity
  8
SLD-0
  6
Continuous
 62
     7
370
    25
100
AcDbLine
 10
1326.343299572798
 20
243.5888763601591
 30
0.0
 11
1215.868782972392
 21
243.588876360159
 31
0.0
  0
LINE
  5
EE
330
1F
100
AcDbEntity
  8
SLD-0
  6
Continuous
 62
     7
370
    25
100
AcDbLine
 10
1213.606041272595
 20
241.3261346603621
 30
0.0
 11
1213.606041272595
 21
235.851618059956
 31
0.0
  0
LINE
  5
EF
330
1F
100
AcDbEntity
  8
SLD-0
  6
Continuous
 62
     7
370
    25
100
AcDbLine
 10
1215.868782972392
 20
233.5888763601589
 30
0.0
 11
1326.343299572798
 21
233.588876360159
 31
0.0
  0
LINE
  5
F0
330
1F
100
AcDbEntity
  8
SLD-0
  6
Continuous
 62
     7
370
    25
100
AcDbLine
 10
1233.606041272595
 20
108.5888763601591
 30
0.0
 11
1308.606041272595
 21
108.5888763601591
 31
0.0
  0
LINE
  5
F1
330
1F
100
AcDbEntity
  8
SLD-0
  6
Continuous
 62
     7
370
    25
100
AcDbLine
 10
1328.606041272595
 20
128.5888763601591
 30
0.0
 11
1328.606041272595
 21
198.5888763601591
 31
0.0
  0
LINE
  5
F2
330
1F
100
AcDbEntity
  8
SLD-0
  6
Continuous
 62
     7
370
    25
100
AcDbLine
 10
1308.606041272595
 20
218.588876360159
 30
0.0
 11
1233.606041272595
 21
218.588876360159
 31
0.0
  0
LINE
  5
F3
330
1F
100
AcDbEntity
  8
SLD-0
  6
Continuous
 62
     7
370
    25
100
AcDbLine
 10
1213.606041272595
 20
198.588876360159
 30
0.0
 11
1213.606041272595
 21
128.588876360159
 31
0.0
  0
LINE
  5
F4
330
1F
100
AcDbEntity
  8
SLD-0
  6
Continuous
 62
     7
370
    25
100
AcDbLine
 10
646.9344480354662
 20
252.1738738652499
 30
0.0
 11
621.9344480354663
 21
252.1738738652499
 31
0.0
  0
LINE
  5
F5
330
1F
100
AcDbEntity
  8
SLD-0
  6
Continuous
 62
     7
370
    25
100
AcDbLine
 10
619.4344480354662
 20
249.6738738652498
 30
0.0
 11
619.4344480354662
 21
247.4700634879638
 31
0.0
  0
LINE
  5
F6
330
1F
100
AcDbEntity
  8
SLD-0
  6
Continuous
 62
     7
370
    25
100
AcDbLine
 10
649.4344480354663
 20
236.8767601936401
 30
0.0
 11
649.4344480354663
 21
249.6738738652499
 31
0.0
  0
LINE
  5
F7
330
1F
100
AcDbEntity
  8
SLD-0
  6
Continuous
 62
     7
370
    25
100
AcDbLine
 10
569.4344480354662
 20
249.6738738652498
 30
0.0
 11
569.4344480354662
 21
236.8767601936401
 31
0.0
  0
LINE
  5
F8
330
1F
100
AcDbEntity
  8
SLD-0
  6
Continuous
 62
     7
370
    25
100
AcDbLine
 10
599.4344480354663
 20
247.4700634879638
 30
0.0
 11
599.4344480354662
 21
249.6738738652499
 31
0.0
  0
LINE
  5
F9
330
1F
100
AcDbEntity
  8
SLD-0
  6
Continuous
 62
     7
370
    25
100
AcDbLine
 10
596.9344480354662
 20
252.1738738652499
 30
0.0
 11
571.9344480354662
 21
252.1738738652499
 31
0.0
  0
LINE
  5
FA
330
1F
100
AcDbEntity
  8
SLD-0
  6
Continuous
 62
     7
370
    25
100
AcDbLine
 10
547.4681715566771
 20
203.1738738652498
 30
0.0
 11
547.4681715566771
 21
197.4366155650468
 31
0.0
  0
LINE
  5
FB
330
1F
100
AcDbEntity
  8
SLD-0
  6
Continuous
 62
     7
370
    25
100
AcDbLine
 10
549.6933399104909
 20
203.1738738652498
 30
0.0
 11
547.4681715566771
 21
203.1738738652498
 31
0.0
  0
LINE
  5
FC
330
1F
100
AcDbEntity
  8
SLD-0
  6
Continuous
 62
     7
370
    25
100
AcDbLine
 10
559.4344480354662
 20
260.1738738652498
 30
0.0
 11
559.4344480354663
 21
227.7720801072054
 31
0.0
  0
LINE
  5
FD
330
1F
100
AcDbEntity
  8
SLD-0
  6
Continuous
 62
     7
370
    25
100
AcDbLine
 10
567.1717063356692
 20
260.1738738652498
 30
0.0
 11
559.4344480354662
 21
260.1738738652498
 31
0.0
  0
LINE
  5
FE
330
1F
100
AcDbEntity
  8
SLD-0
  6
Continuous
 62
     7
370
    25
100
AcDbLine
 10
569.4344480354662
 20
272.1738738652498
 30
0.0
 11
569.4344480354662
 21
262.4366155650469
 31
0.0
  0
LINE
  5
FF
330
1F
100
AcDbEntity
  8
SLD-0
  6
Continuous
 62
     7
370
    25
100
AcDbLine
 10
639.4344480354662
 20
282.1738738652498
 30
0.0
 11
579.4344480354662
 21
282.1738738652498
 31
0.0
  0
LINE
  5
100
330
1F
100
AcDbEntity
  8
SLD-0
  6
Continuous
 62
     7
370
    25
100
AcDbLine
 10
649.4344480354663
 20
262.4366155650468
 30
0.0
 11
649.4344480354663
 21
272.1738738652498
 31
0.0
  0
LINE
  5
101
330
1F
100
AcDbEntity
  8
SLD-0
  6
Continuous
 62
     7
370
    25
100
AcDbLine
 10
659.4344480354663
 20
260.1738738652498
 30
0.0
 11
651.6971897352632
 21
260.1738738652498
 31
0.0
  0
LINE
  5
102
330
1F
100
AcDbEntity
  8
SLD-0
  6
Continuous
 62
     7
370
    25
100
AcDbLine
 10
659.4344480354663
 20
227.7720801072054
 30
0.0
 11
659.4344480354663
 21
260.1738738652498
 31
0.0
  0
LINE
  5
103
330
1F
100
AcDbEntity
  8
SLD-0
  6
Continuous
 62
     7
370
    25
100
AcDbLine
 10
671.4007245142551
 20
203.1738738652499
 30
0.0
 11
669.1755561604417
 21
203.1738738652498
 31
0.0
  0
LINE
  5
104
330
1F
100
AcDbEntity
  8
SLD-0
  6
Continuous
 62
     7
370
    25
100
AcDbLine
 10
671.4007245142552
 20
197.4366155650468
 30
0.0
 11
671.4007245142551
 21
203.1738738652499
 31
0.0
  0
LINE
  5
105
330
1F
100
AcDbEntity
  8
SLD-0
  6
Continuous
 62
     7
370
    25
100
AcDbLine
 10
688.4007245142551
 20
195.1738738652498
 30
0.0
 11
673.6634662140523
 21
195.1738738652498
 31
0.0
  0
LINE
  5
106
330
1F
100
AcDbEntity
  8
SLD-0
  6
Continuous
 62
     7
370
    25
100
AcDbLine
 10
693.4007245142552
 20
183.2238738652499
 30
0.0
 11
693.4007245142552
 21
190.1738738652499
 31
0.0
  0
LINE
  5
107
330
1F
100
AcDbEntity
  8
SLD-0
  6
Continuous
 62
     7
370
    25
100
AcDbLine
 10
662.4344244505553
 20
183.2238738652499
 30
0.0
 11
693.4007245142552
 21
183.2238738652499
 31
0.0
  0
LINE
  5
108
330
1F
100
AcDbEntity
  8
SLD-0
  6
Continuous
 62
     7
370
    25
100
AcDbLine
 10
525.4681715566772
 20
183.2238738652499
 30
0.0
 11
556.434471620377
 21
183.2238738652499
 31
0.0
  0
LINE
  5
109
330
1F
100
AcDbEntity
  8
SLD-0
  6
Continuous
 62
     7
370
    25
100
AcDbLine
 10
525.4681715566772
 20
190.1738738652498
 30
0.0
 11
525.4681715566772
 21
183.2238738652499
 31
0.0
  0
LINE
  5
10A
330
1F
100
AcDbEntity
  8
SLD-0
  6
Continuous
 62
     7
370
    25
100
AcDbLine
 10
545.2054298568804
 20
195.1738738652498
 30
0.0
 11
530.4681715566772
 21
195.1738738652498
 31
0.0
  0
LINE
  5
10B
330
1F
100
AcDbEntity
  8
SLD-0
  6
Continuous
 62
     7
370
    25
100
AcDbLine
 10
838.3801093895518
 20
251.0267564288805
 30
0.0
 11
813.3801093895519
 21
251.0267564288805
 31
0.0
  0
LINE
  5
10C
330
1F
100
AcDbEntity
  8
SLD-0
  6
Continuous
 62
     7
370
    25
100
AcDbLine
 10
810.8801093895518
 20
248.5267564288804
 30
0.0
 11
810.8801093895518
 21
246.3229460515945
 31
0.0
  0
LINE
  5
10D
330
1F
100
AcDbEntity
  8
SLD-0
  6
Continuous
 62
     7
370
    25
100
AcDbLine
 10
840.8801093895519
 20
235.7296427572707
 30
0.0
 11
840.8801093895519
 21
248.5267564288805
 31
0.0
  0
LINE
  5
10E
330
1F
100
AcDbEntity
  8
SLD-0
  6
Continuous
 62
     7
370
    25
100
AcDbLine
 10
760.8801093895518
 20
248.5267564288804
 30
0.0
 11
760.8801093895518
 21
235.7296427572707
 31
0.0
  0
LINE
  5
10F
330
1F
100
AcDbEntity
  8
SLD-0
  6
Continuous
 62
     7
370
    25
100
AcDbLine
 10
790.8801093895519
 20
246.3229460515945
 30
0.0
 11
790.8801093895518
 21
248.5267564288805
 31
0.0
  0
LINE
  5
110
330
1F
100
AcDbEntity
  8
SLD-0
  6
Continuous
 62
     7
370
    25
100
AcDbLine
 10
788.3801093895519
 20
251.0267564288805
 30
0.0
 11
763.3801093895518
 21
251.0267564288805
 31
0.0
  0
LINE
  5
111
330
1F
100
AcDbEntity
  8
SLD-0
  6
Continuous
 62
     7
370
    25
100
AcDbLine
 10
738.9138329107627
 20
202.0267564288804
 30
0.0
 11
738.9138329107627
 21
196.2894981286774
 31
0.0
  0
LINE
  5
112
330
1F
100
AcDbEntity
  8
SLD-0
  6
Continuous
 62
     7
370
    25
100
AcDbLine
 10
741.1390012645765
 20
202.0267564288805
 30
0.0
 11
738.9138329107627
 21
202.0267564288804
 31
0.0
  0
LINE
  5
113
330
1F
100
AcDbEntity
  8
SLD-0
  6
Continuous
 62
     7
370
    25
100
AcDbLine
 10
750.8801093895518
 20
259.0267564288805
 30
0.0
 11
750.8801093895518
 21
226.624962670836
 31
0.0
  0
LINE
  5
114
330
1F
100
AcDbEntity
  8
SLD-0
  6
Continuous
 62
     7
370
    25
100
AcDbLine
 10
758.6173676897548
 20
259.0267564288805
 30
0.0
 11
750.8801093895518
 21
259.0267564288805
 31
0.0
  0
LINE
  5
115
330
1F
100
AcDbEntity
  8
SLD-0
  6
Continuous
 62
     7
370
    25
100
AcDbLine
 10
760.8801093895518
 20
271.0267564288804
 30
0.0
 11
760.8801093895519
 21
261.2894981286775
 31
0.0
  0
LINE
  5
116
330
1F
100
AcDbEntity
  8
SLD-0
  6
Continuous
 62
     7
370
    25
100
AcDbLine
 10
830.8801093895518
 20
281.0267564288805
 30
0.0
 11
770.8801093895518
 21
281.0267564288805
 31
0.0
  0
LINE
  5
117
330
1F
100
AcDbEntity
  8
SLD-0
  6
Continuous
 62
     7
370
    25
100
AcDbLine
 10
840.8801093895519
 20
261.2894981286774
 30
0.0
 11
840.8801093895519
 21
271.0267564288804
 31
0.0
  0
LINE
  5
118
330
1F
100
AcDbEntity
  8
SLD-0
  6
Continuous
 62
     7
370
    25
100
AcDbLine
 10
850.880109389552
 20
259.0267564288805
 30
0.0
 11
843.1428510893487
 21
259.0267564288805
 31
0.0
  0
LINE
  5
119
330
1F
100
AcDbEntity
  8
SLD-0
  6
Continuous
 62
     7
370
    25
100
AcDbLine
 10
850.880109389552
 20
226.624962670836
 30
0.0
 11
850.880109389552
 21
259.0267564288805
 31
0.0
  0
LINE
  5
11A
330
1F
100
AcDbEntity
  8
SLD-0
  6
Continuous
 62
     7
370
    25
100
AcDbLine
 10
862.8463858683407
 20
202.0267564288805
 30
0.0
 11
860.6212175145272
 21
202.0267564288805
 31
0.0
  0
LINE
  5
11B
330
1F
100
AcDbEntity
  8
SLD-0
  6
Continuous
 62
     7
370
    25
100
AcDbLine
 10
862.8463858683408
 20
196.2894981286774
 30
0.0
 11
862.8463858683407
 21
202.0267564288805
 31
0.0
  0
LINE
  5
11C
330
1F
100
AcDbEntity
  8
SLD-0
  6
Continuous
 62
     7
370
    25
100
AcDbLine
 10
879.8463858683407
 20
194.0267564288805
 30
0.0
 11
865.1091275681379
 21
194.0267564288804
 31
0.0
  0
LINE
  5
11D
330
1F
100
AcDbEntity
  8
SLD-0
  6
Continuous
 62
     7
370
    25
100
AcDbLine
 10
884.8463858683407
 20
182.0767564288805
 30
0.0
 11
884.8463858683407
 21
189.0267564288805
 31
0.0
  0
LINE
  5
11E
330
1F
100
AcDbEntity
  8
SLD-0
  6
Continuous
 62
     7
370
    25
100
AcDbLine
 10
853.8800858046409
 20
182.0767564288805
 30
0.0
 11
884.8463858683407
 21
182.0767564288805
 31
0.0
  0
LINE
  5
11F
330
1F
100
AcDbEntity
  8
SLD-0
  6
Continuous
 62
     7
370
    25
100
AcDbLine
 10
716.9138329107628
 20
182.0767564288805
 30
0.0
 11
747.8801329744626
 21
182.0767564288805
 31
0.0
  0
LINE
  5
120
330
1F
100
AcDbEntity
  8
SLD-0
  6
Continuous
 62
     7
370
    25
100
AcDbLine
 10
716.9138329107628
 20
189.0267564288805
 30
0.0
 11
716.9138329107628
 21
182.0767564288805
 31
0.0
  0
LINE
  5
121
330
1F
100
AcDbEntity
  8
SLD-0
  6
Continuous
 62
     7
370
    25
100
AcDbLine
 10
736.6510912109659
 20
194.0267564288805
 30
0.0
 11
721.9138329107628
 21
194.0267564288805
 31
0.0
  0
LINE
  5
122
330
1F
100
AcDbEntity
  8
SLD-0
  6
Continuous
 62
     7
370
    25
100
AcDbLine
 10
559.4344480354663
 20
104.4480654696468
 30
0.0
 11
567.1717063356692
 21
104.4480654696468
 31
0.0
  0
LINE
  5
123
330
1F
100
AcDbEntity
  8
SLD-0
  6
Continuous
 62
     7
370
    25
100
AcDbLine
 10
559.4344480354663
 20
122.8498592276913
 30
0.0
 11
559.4344480354663
 21
104.4480654696468
 31
0.0
  0
LINE
  5
124
330
1F
100
AcDbEntity
  8
SLD-0
  6
Continuous
 62
     7
370
    25
100
AcDbLine
 10
547.4681715566772
 20
147.4480654696468
 30
0.0
 11
549.6933399104911
 21
147.448065469646
 31
0.0
  0
LINE
  5
125
330
1F
100
AcDbEntity
  8
SLD-0
  6
Continuous
 62
     7
370
    25
100
AcDbLine
 10
547.4681715566771
 20
153.18532376985
 30
0.0
 11
547.4681715566772
 21
147.4480654696468
 31
0.0
  0
LINE
  5
126
330
1F
100
AcDbEntity
  8
SLD-0
  6
Continuous
 62
     7
370
    25
100
AcDbLine
 10
530.4681715566772
 20
155.4480654696468
 30
0.0
 11
545.2054298568804
 21
155.4480654696468
 31
0.0
  0
LINE
  5
127
330
1F
100
AcDbEntity
  8
SLD-0
  6
Continuous
 62
     7
370
    25
100
AcDbLine
 10
525.4681715566772
 20
167.3980654696468
 30
0.0
 11
525.4681715566772
 21
160.4480654696468
 31
0.0
  0
LINE
  5
128
330
1F
100
AcDbEntity
  8
SLD-0
  6
Continuous
 62
     7
370
    25
100
AcDbLine
 10
556.434471620377
 20
167.3980654696468
 30
0.0
 11
525.4681715566772
 21
167.3980654696468
 31
0.0
  0
LINE
  5
129
330
1F
100
AcDbEntity
  8
SLD-0
  6
Continuous
 62
     7
370
    25
100
AcDbLine
 10
693.4007245142552
 20
167.3980654696468
 30
0.0
 11
662.4344244505553
 21
167.3980654696476
 31
0.0
  0
LINE
  5
12A
330
1F
100
AcDbEntity
  8
SLD-0
  6
Continuous
 62
     7
370
    25
100
AcDbLine
 10
693.4007245142552
 20
160.4480654696468
 30
0.0
 11
693.4007245142552
 21
167.3980654696468
 31
0.0
  0
LINE
  5
12B
330
1F
100
AcDbEntity
  8
SLD-0
  6
Continuous
 62
     7
370
    25
100
AcDbLine
 10
673.6634662140522
 20
155.4480654696468
 30
0.0
 11
688.4007245142552
 21
155.4480654696468
 31
0.0
  0
LINE
  5
12C
330
1F
100
AcDbEntity
  8
SLD-0
  6
Continuous
 62
     7
370
    25
100
AcDbLine
 10
671.4007245142551
 20
147.4480654696468
 30
0.0
 11
671.4007245142552
 21
153.1853237698499
 31
0.0
  0
LINE
  5
12D
330
1F
100
AcDbEntity
  8
SLD-0
  6
Continuous
 62
     7
370
    25
100
AcDbLine
 10
669.1755561604417
 20
147.4480654696468
 30
0.0
 11
671.4007245142551
 21
147.4480654696468
 31
0.0
  0
LINE
  5
12E
330
1F
100
AcDbEntity
  8
SLD-0
  6
Continuous
 62
     7
370
    25
100
AcDbLine
 10
659.4344480354662
 20
104.4480654696468
 30
0.0
 11
659.4344480354662
 21
122.8498592276913
 31
0.0
  0
LINE
  5
12F
330
1F
100
AcDbEntity
  8
SLD-0
  6
Continuous
 62
     7
370
    25
100
AcDbLine
 10
651.6971897352631
 20
104.4480654696468
 30
0.0
 11
659.4344480354662
 21
104.4480654696468
 31
0.0
  0
LINE
  5
130
330
1F
100
AcDbEntity
  8
SLD-0
  6
Continuous
 62
     7
370
    25
100
AcDbLine
 10
649.4344480354663
 20
92.44806546964696
 30
0.0
 11
649.4344480354663
 21
102.1853237698499
 31
0.0
  0
LINE
  5
131
330
1F
100
AcDbEntity
  8
SLD-0
  6
Continuous
 62
     7
370
    25
100
AcDbLine
 10
579.4344480354663
 20
82.44806546964683
 30
0.0
 11
639.4344480354662
 21
82.44806546964685
 31
0.0
  0
LINE
  5
132
330
1F
100
AcDbEntity
  8
SLD-0
  6
Continuous
 62
     7
370
    25
100
AcDbLine
 10
569.4344480354663
 20
102.1853237698499
 30
0.0
 11
569.4344480354662
 21
92.44806546964693
 31
0.0
  0
LINE
  5
133
330
1F
100
AcDbEntity
  8
SLD-0
  6
Continuous
 62
     7
370
    25
100
AcDbLine
 10
750.8801093895519
 20
103.1463201281832
 30
0.0
 11
758.6173676897548
 21
103.1463201281832
 31
0.0
  0
LINE
  5
134
330
1F
100
AcDbEntity
  8
SLD-0
  6
Continuous
 62
     7
370
    25
100
AcDbLine
 10
750.8801093895519
 20
121.5481138862277
 30
0.0
 11
750.8801093895519
 21
103.1463201281832
 31
0.0
  0
LINE
  5
135
330
1F
100
AcDbEntity
  8
SLD-0
  6
Continuous
 62
     7
370
    25
100
AcDbLine
 10
738.9138329107628
 20
146.1463201281832
 30
0.0
 11
741.1390012645767
 21
146.1463201281824
 31
0.0
  0
LINE
  5
136
330
1F
100
AcDbEntity
  8
SLD-0
  6
Continuous
 62
     7
370
    25
100
AcDbLine
 10
738.9138329107627
 20
151.8835784283864
 30
0.0
 11
738.9138329107628
 21
146.1463201281832
 31
0.0
  0
LINE
  5
137
330
1F
100
AcDbEntity
  8
SLD-0
  6
Continuous
 62
     7
370
    25
100
AcDbLine
 10
721.9138329107628
 20
154.1463201281832
 30
0.0
 11
736.6510912109659
 21
154.1463201281832
 31
0.0
  0
LINE
  5
138
330
1F
100
AcDbEntity
  8
SLD-0
  6
Continuous
 62
     7
370
    25
100
AcDbLine
 10
716.9138329107628
 20
166.0963201281832
 30
0.0
 11
716.9138329107628
 21
159.1463201281832
 31
0.0
  0
LINE
  5
139
330
1F
100
AcDbEntity
  8
SLD-0
  6
Continuous
 62
     7
370
    25
100
AcDbLine
 10
747.8801329744626
 20
166.0963201281832
 30
0.0
 11
716.9138329107628
 21
166.0963201281832
 31
0.0
  0
LINE
  5
13A
330
1F
100
AcDbEntity
  8
SLD-0
  6
Continuous
 62
     7
370
    25
100
AcDbLine
 10
884.8463858683407
 20
166.0963201281832
 30
0.0
 11
853.8800858046409
 21
166.096320128184
 31
0.0
  0
LINE
  5
13B
330
1F
100
AcDbEntity
  8
SLD-0
  6
Continuous
 62
     7
370
    25
100
AcDbLine
 10
884.8463858683407
 20
159.1463201281832
 30
0.0
 11
884.8463858683407
 21
166.0963201281832
 31
0.0
  0
LINE
  5
13C
330
1F
100
AcDbEntity
  8
SLD-0
  6
Continuous
 62
     7
370
    25
100
AcDbLine
 10
865.1091275681378
 20
154.1463201281832
 30
0.0
 11
879.8463858683408
 21
154.1463201281832
 31
0.0
  0
LINE
  5
13D
330
1F
100
AcDbEntity
  8
SLD-0
  6
Continuous
 62
     7
370
    25
100
AcDbLine
 10
862.8463858683407
 20
146.1463201281832
 30
0.0
 11
862.8463858683408
 21
151.8835784283863
 31
0.0
  0
LINE
  5
13E
330
1F
100
AcDbEntity
  8
SLD-0
  6
Continuous
 62
     7
370
    25
100
AcDbLine
 10
860.6212175145272
 20
146.1463201281832
 30
0.0
 11
862.8463858683407
 21
146.1463201281832
 31
0.0
  0
LINE
  5
13F
330
1F
100
AcDbEntity
  8
SLD-0
  6
Continuous
 62
     7
370
    25
100
AcDbLine
 10
850.8801093895519
 20
103.1463201281832
 30
0.0
 11
850.8801093895519
 21
121.5481138862277
 31
0.0
  0
LINE
  5
140
330
1F
100
AcDbEntity
  8
SLD-0
  6
Continuous
 62
     7
370
    25
100
AcDbLine
 10
843.1428510893487
 20
103.1463201281832
 30
0.0
 11
850.8801093895519
 21
103.1463201281832
 31
0.0
  0
LINE
  5
141
330
1F
100
AcDbEntity
  8
SLD-0
  6
Continuous
 62
     7
370
    25
100
AcDbLine
 10
840.8801093895519
 20
91.14632012818336
 30
0.0
 11
840.8801093895518
 21
100.8835784283863
 31
0.0
  0
LINE
  5
142
330
1F
100
AcDbEntity
  8
SLD-0
  6
Continuous
 62
     7
370
    25
100
AcDbLine
 10
770.8801093895519
 20
81.14632012818323
 30
0.0
 11
830.8801093895518
 21
81.14632012818325
 31
0.0
  0
LINE
  5
143
330
1F
100
AcDbEntity
  8
SLD-0
  6
Continuous
 62
     7
370
    25
100
AcDbLine
 10
760.8801093895519
 20
100.8835784283863
 30
0.0
 11
760.8801093895518
 21
91.14632012818333
 31
0.0
  0
LINE
  5
144
330
1F
100
AcDbEntity
  8
SLD-0
  6
Continuous
 62
     7
370
    25
100
AcDbLine
 10
339.3828744760291
 20
60.16546312918658
 30
0.0
 11
339.3828744760291
 21
57.16546312918656
 31
0.0
  0
LINE
  5
145
330
1F
100
AcDbEntity
  8
SLD-0
  6
Continuous
 62
     7
370
    25
100
AcDbLine
 10
269.7773949475007
 20
61.16546312918658
 30
0.0
 11
276.2168639875124
 21
61.16546312918659
 31
0.0
  0
LINE
  5
146
330
1F
100
AcDbEntity
  8
SLD-0
  6
Continuous
 62
     7
370
    25
100
AcDbLine
 10
318.5488849645459
 20
61.16546312918659
 30
0.0
 11
338.3828744760291
 21
61.16546312918658
 31
0.0
  0
LINE
  5
147
330
1F
100
AcDbEntity
  8
SLD-0
  6
Continuous
 62
     7
370
    25
100
AcDbLine
 10
290.815665527687
 20
46.21873992388752
 30
0.0
 11
290.8158828742152
 21
46.21866836657606
 31
0.0
  0
LINE
  5
148
330
1F
100
AcDbEntity
  8
SLD-0
  6
Continuous
 62
     7
370
    25
100
AcDbLine
 10
290.8158828742152
 20
46.21866836657606
 30
0.0
 11
290.8161002215231
 21
46.21859681163288
 31
0.0
  0
LINE
  5
149
330
1F
100
AcDbEntity
  8
SLD-0
  6
Continuous
 62
     7
370
    25
100
AcDbLine
 10
290.8161002215231
 20
46.21859681163288
 30
0.0
 11
290.8163175696107
 21
46.21852525905799
 31
0.0
  0
LINE
  5
14A
330
1F
100
AcDbEntity
  8
SLD-0
  6
Continuous
 62
     7
370
    25
100
AcDbLine
 10
290.8163175696107
 20
46.21852525905799
 30
0.0
 11
290.8165349184779
 21
46.21845370885141
 31
0.0
  0
LINE
  5
14B
330
1F
100
AcDbEntity
  8
SLD-0
  6
Continuous
 62
     7
370
    25
100
AcDbLine
 10
290.8165349184779
 20
46.21845370885141
 30
0.0
 11
290.8167522681248
 21
46.21838216101315
 31
0.0
  0
LINE
  5
14C
330
1F
100
AcDbEntity
  8
SLD-0
  6
Continuous
 62
     7
370
    25
100
AcDbLine
 10
290.8167522681248
 20
46.21838216101315
 30
0.0
 11
290.8169696185513
 21
46.21831061554319
 31
0.0
  0
LINE
  5
14D
330
1F
100
AcDbEntity
  8
SLD-0
  6
Continuous
 62
     7
370
    25
100
AcDbLine
 10
290.8169696185513
 20
46.21831061554319
 30
0.0
 11
290.8171869697574
 21
46.21823907244156
 31
0.0
  0
LINE
  5
14E
330
1F
100
AcDbEntity
  8
SLD-0
  6
Continuous
 62
     7
370
    25
100
AcDbLine
 10
290.8171869697574
 20
46.21823907244156
 30
0.0
 11
290.8174043217429
 21
46.21816753170818
 31
0.0
  0
LINE
  5
14F
330
1F
100
AcDbEntity
  8
SLD-0
  6
Continuous
 62
     7
370
    25
100
AcDbLine
 10
303.9483446303154
 20
46.21816753170836
 30
0.0
 11
303.9485619823009
 21
46.21823907244156
 31
0.0
  0
LINE
  5
150
330
1F
100
AcDbEntity
  8
SLD-0
  6
Continuous
 62
     7
370
    25
100
AcDbLine
 10
303.9485619823009
 20
46.21823907244156
 30
0.0
 11
303.9487793335069
 21
46.21831061554318
 31
0.0
  0
LINE
  5
151
330
1F
100
AcDbEntity
  8
SLD-0
  6
Continuous
 62
     7
370
    25
100
AcDbLine
 10
303.9487793335069
 20
46.21831061554318
 30
0.0
 11
303.9489966839334
 21
46.21838216101315
 31
0.0
  0
LINE
  5
152
330
1F
100
AcDbEntity
  8
SLD-0
  6
Continuous
 62
     7
370
    25
100
AcDbLine
 10
303.9489966839334
 20
46.21838216101315
 30
0.0
 11
303.9492140335803
 21
46.21845370885141
 31
0.0
  0
LINE
  5
153
330
1F
100
AcDbEntity
  8
SLD-0
  6
Continuous
 62
     7
370
    25
100
AcDbLine
 10
303.9492140335803
 20
46.21845370885141
 30
0.0
 11
303.9494313824475
 21
46.21852525905799
 31
0.0
  0
LINE
  5
154
330
1F
100
AcDbEntity
  8
SLD-0
  6
Continuous
 62
     7
370
    25
100
AcDbLine
 10
303.9494313824475
 20
46.21852525905799
 30
0.0
 11
303.9496487305351
 21
46.21859681163288
 31
0.0
  0
LINE
  5
155
330
1F
100
AcDbEntity
  8
SLD-0
  6
Continuous
 62
     7
370
    25
100
AcDbLine
 10
303.9496487305351
 20
46.21859681163288
 30
0.0
 11
303.949866077843
 21
46.21866836657606
 31
0.0
  0
LINE
  5
156
330
1F
100
AcDbEntity
  8
SLD-0
  6
Continuous
 62
     7
370
    25
100
AcDbLine
 10
303.949866077843
 20
46.21866836657606
 30
0.0
 11
303.9500834243713
 21
46.21873992388752
 31
0.0
  0
LINE
  5
157
330
1F
100
AcDbEntity
  8
SLD-0
  6
Continuous
 62
     7
370
    25
100
AcDbLine
 10
338.3828744760291
 20
56.16546312918656
 30
0.0
 11
336.9828744760291
 21
56.16546312918656
 31
0.0
  0
LINE
  5
158
330
1F
100
AcDbEntity
  8
SLD-0
  6
Continuous
 62
     7
370
    25
100
AcDbLine
 10
333.7828744760291
 20
56.16546312918656
 30
0.0
 11
325.561989082418
 21
56.16546312918657
 31
0.0
  0
LINE
  5
159
330
1F
100
AcDbEntity
  8
SLD-0
100
AcDbLine
 10
281.9103418374997
 20
57.9966834235983
 30
0.0
 11
278.4344285304089
 21
57.28372868494624
 31
0.0
  0
LINE
  5
15A
330
1F
100
AcDbEntity
  8
SLD-0
100
AcDbLine
 10
278.4344285304089
 20
57.28372868494624
 30
0.0
 11
281.4912260678238
 21
59.08546856434927
 31
0.0
  0
LINE
  5
15B
330
1F
100
AcDbEntity
  8
SLD-0
100
AcDbLine
 10
281.4912260678238
 20
59.08546856434927
 30
0.0
 11
281.9103418374997
 21
57.9966834235983
 31
0.0
  0
LINE
  5
15C
330
1F
100
AcDbEntity
  8
SLD-0
  6
Continuous
 62
     7
370
    18
100
AcDbLine
 10
281.7007839526618
 20
58.54107599397378
 30
0.0
 11
331.6435242839353
 21
77.76598022000438
 31
0.0
  0
LINE
  5
15D
330
1F
100
AcDbEntity
  8
SLD-0
  6
Continuous
 62
     7
370
    18
100
AcDbLine
 10
331.6435242839353
 20
77.76598022000438
 30
0.0
 11
337.8935242839354
 21
77.76598022000438
 31
0.0
  0
LINE
  5
15E
330
1F
100
AcDbEntity
  8
SLD-0
100
AcDbLine
 10
292.8651035926599
 20
48.05967256809308
 30
0.0
 11
289.7122547824825
 21
46.43184513315397
 31
0.0
  0
LINE
  5
15F
330
1F
100
AcDbEntity
  8
SLD-0
100
AcDbLine
 10
289.7122547824825
 20
46.43184513315397
 30
0.0
 11
292.1667352996971
 21
48.99422745599177
 31
0.0
  0
LINE
  5
160
330
1F
100
AcDbEntity
  8
SLD-0
100
AcDbLine
 10
292.1667352996971
 20
48.99422745599177
 30
0.0
 11
292.8651035926599
 21
48.05967256809308
 31
0.0
  0
LINE
  5
161
330
1F
100
AcDbEntity
  8
SLD-0
  6
Continuous
 62
     7
370
    18
100
AcDbLine
 10
292.5159194461785
 20
48.52695001204243
 30
0.0
 11
331.6435242839353
 21
77.76598022000438
 31
0.0
  0
LINE
  5
162
330
1F
100
AcDbEntity
  8
SLD-0
  6
Continuous
 62
     7
370
    18
100
AcDbLine
 10
331.6435242839353
 20
77.76598022000438
 30
0.0
 11
337.8935242839354
 21
77.76598022000438
 31
0.0
  0
LINE
  5
163
330
1F
100
AcDbEntity
  8
SLD-0
100
AcDbLine
 10
312.2082963962447
 20
48.95316168469755
 30
0.0
 11
309.7245887147692
 21
46.41909895249119
 31
0.0
  0
LINE
  5
164
330
1F
100
AcDbEntity
  8
SLD-0
100
AcDbLine
 10
309.7245887147692
 20
46.41909895249119
 30
0.0
 11
311.2521837435575
 21
49.6217121364082
 31
0.0
  0
LINE
  5
165
330
1F
100
AcDbEntity
  8
SLD-0
100
AcDbLine
 10
311.2521837435575
 20
49.6217121364082
 30
0.0
 11
312.2082963962447
 21
48.95316168469755
 31
0.0
  0
LINE
  5
166
330
1F
100
AcDbEntity
  8
SLD-0
  6
Continuous
 62
     7
370
    18
100
AcDbLine
 10
311.7302400699011
 20
49.28743691055287
 30
0.0
 11
331.6435242839353
 21
77.76598022000438
 31
0.0
  0
LINE
  5
167
330
1F
100
AcDbEntity
  8
SLD-0
  6
Continuous
 62
     7
370
    18
100
AcDbLine
 10
331.6435242839353
 20
77.76598022000438
 30
0.0
 11
337.8935242839354
 21
77.76598022000438
 31
0.0
  0
LINE
  5
168
330
1F
100
AcDbEntity
  8
SLD-0
100
AcDbLine
 10
324.1295503228862
 20
60.87396621198042
 30
0.0
 11
322.0816238747746
 21
57.97633355049575
 31
0.0
  0
LINE
  5
169
330
1F
100
AcDbEntity
  8
SLD-0
100
AcDbLine
 10
322.0816238747746
 20
57.97633355049575
 30
0.0
 11
323.0790788408851
 21
61.38152978101745
 31
0.0
  0
LINE
  5
16A
330
1F
100
AcDbEntity
  8
SLD-0
100
AcDbLine
 10
323.0790788408851
 20
61.38152978101745
 30
0.0
 11
324.1295503228862
 21
60.87396621198042
 31
0.0
  0
LINE
  5
16B
330
1F
100
AcDbEntity
  8
SLD-0
  6
Continuous
 62
     7
370
    18
100
AcDbLine
 10
323.6043145818857
 20
61.12774799649893
 30
0.0
 11
331.6435242839353
 21
77.76598022000438
 31
0.0
  0
LINE
  5
16C
330
1F
100
AcDbEntity
  8
SLD-0
  6
Continuous
 62
     7
370
    18
100
AcDbLine
 10
331.6435242839353
 20
77.76598022000438
 30
0.0
 11
337.8935242839354
 21
77.76598022000438
 31
0.0
  0
LINE
  5
16D
330
1F
100
AcDbEntity
  8
SLD-0
  6
Continuous
 62
     7
370
    25
100
AcDbLine
 10
146.5370641914085
 20
252.4312551105055
 30
0.0
 11
146.5370641914085
 21
249.4312551105055
 31
0.0
  0
LINE
  5
16E
330
1F
100
AcDbEntity
  8
SLD-0
  6
Continuous
 62
     7
370
    25
100
AcDbLine
 10
76.9315846628801
 20
253.4312551105055
 30
0.0
 11
83.37105370289176
 21
253.4312551105055
 31
0.0
  0
LINE
  5
16F
330
1F
100
AcDbEntity
  8
SLD-0
  6
Continuous
 62
     7
370
    25
100
AcDbLine
 10
125.7030746799252
 20
253.4312551105055
 30
0.0
 11
145.5370641914085
 21
253.4312551105055
 31
0.0
  0
LINE
  5
170
330
1F
100
AcDbEntity
  8
SLD-0
  6
Continuous
 62
     7
370
    25
100
AcDbLine
 10
97.96985524306638
 20
238.4845319052064
 30
0.0
 11
97.9700725895946
 21
238.484460347895
 31
0.0
  0
LINE
  5
171
330
1F
100
AcDbEntity
  8
SLD-0
  6
Continuous
 62
     7
370
    25
100
AcDbLine
 10
97.9700725895946
 20
238.484460347895
 30
0.0
 11
97.9702899369025
 21
238.4843887929518
 31
0.0
  0
LINE
  5
172
330
1F
100
AcDbEntity
  8
SLD-0
  6
Continuous
 62
     7
370
    25
100
AcDbLine
 10
97.9702899369025
 20
238.4843887929518
 30
0.0
 11
97.9705072849901
 21
238.484317240377
 31
0.0
  0
LINE
  5
173
330
1F
100
AcDbEntity
  8
SLD-0
  6
Continuous
 62
     7
370
    25
100
AcDbLine
 10
97.9705072849901
 20
238.484317240377
 30
0.0
 11
97.97072463385733
 21
238.4842456901704
 31
0.0
  0
LINE
  5
174
330
1F
100
AcDbEntity
  8
SLD-0
  6
Continuous
 62
     7
370
    25
100
AcDbLine
 10
97.97072463385733
 20
238.4842456901704
 30
0.0
 11
97.97094198350419
 21
238.4841741423321
 31
0.0
  0
LINE
  5
175
330
1F
100
AcDbEntity
  8
SLD-0
  6
Continuous
 62
     7
370
    25
100
AcDbLine
 10
97.97094198350419
 20
238.4841741423321
 30
0.0
 11
97.97115933393066
 21
238.4841025968622
 31
0.0
  0
LINE
  5
176
330
1F
100
AcDbEntity
  8
SLD-0
  6
Continuous
 62
     7
370
    25
100
AcDbLine
 10
97.97115933393066
 20
238.4841025968622
 30
0.0
 11
97.97137668513669
 21
238.4840310537605
 31
0.0
  0
LINE
  5
177
330
1F
100
AcDbEntity
  8
SLD-0
  6
Continuous
 62
     7
370
    25
100
AcDbLine
 10
97.97137668513669
 20
238.4840310537605
 30
0.0
 11
97.97159403712229
 21
238.4839595130271
 31
0.0
  0
LINE
  5
178
330
1F
100
AcDbEntity
  8
SLD-0
  6
Continuous
 62
     7
370
    25
100
AcDbLine
 10
111.1025343456948
 20
238.4839595130273
 30
0.0
 11
111.1027516976803
 21
238.4840310537605
 31
0.0
  0
LINE
  5
179
330
1F
100
AcDbEntity
  8
SLD-0
  6
Continuous
 62
     7
370
    25
100
AcDbLine
 10
111.1027516976803
 20
238.4840310537605
 30
0.0
 11
111.1029690488863
 21
238.4841025968622
 31
0.0
  0
LINE
  5
17A
330
1F
100
AcDbEntity
  8
SLD-0
  6
Continuous
 62
     7
370
    25
100
AcDbLine
 10
111.1029690488863
 20
238.4841025968622
 30
0.0
 11
111.1031863993128
 21
238.4841741423321
 31
0.0
  0
LINE
  5
17B
330
1F
100
AcDbEntity
  8
SLD-0
  6
Continuous
 62
     7
370
    25
100
AcDbLine
 10
111.1031863993128
 20
238.4841741423321
 30
0.0
 11
111.1034037489596
 21
238.4842456901704
 31
0.0
  0
LINE
  5
17C
330
1F
100
AcDbEntity
  8
SLD-0
  6
Continuous
 62
     7
370
    25
100
AcDbLine
 10
111.1034037489596
 20
238.4842456901704
 30
0.0
 11
111.1036210978269
 21
238.484317240377
 31
0.0
  0
LINE
  5
17D
330
1F
100
AcDbEntity
  8
SLD-0
  6
Continuous
 62
     7
370
    25
100
AcDbLine
 10
111.1036210978269
 20
238.484317240377
 30
0.0
 11
111.1038384459145
 21
238.4843887929518
 31
0.0
  0
LINE
  5
17E
330
1F
100
AcDbEntity
  8
SLD-0
  6
Continuous
 62
     7
370
    25
100
AcDbLine
 10
111.1038384459145
 20
238.4843887929518
 30
0.0
 11
111.1040557932224
 21
238.484460347895
 31
0.0
  0
LINE
  5
17F
330
1F
100
AcDbEntity
  8
SLD-0
  6
Continuous
 62
     7
370
    25
100
AcDbLine
 10
111.1040557932224
 20
238.484460347895
 30
0.0
 11
111.1042731397506
 21
238.4845319052064
 31
0.0
  0
LINE
  5
180
330
1F
100
AcDbEntity
  8
SLD-0
  6
Continuous
 62
     7
370
    25
100
AcDbLine
 10
145.5370641914085
 20
248.4312551105055
 30
0.0
 11
144.1370641914085
 21
248.4312551105055
 31
0.0
  0
LINE
  5
181
330
1F
100
AcDbEntity
  8
SLD-0
  6
Continuous
 62
     7
370
    25
100
AcDbLine
 10
140.9370641914085
 20
248.4312551105055
 30
0.0
 11
132.7161787977974
 21
248.4312551105055
 31
0.0
  0
LINE
  5
182
330
1F
100
AcDbEntity
  8
SLD-0
  6
Continuous
 62
     7
370
    25
100
AcDbLine
 10
245.3501384803094
 20
252.4312551105055
 30
0.0
 11
245.3501384803094
 21
249.4312551105055
 31
0.0
  0
LINE
  5
183
330
1F
100
AcDbEntity
  8
SLD-0
  6
Continuous
 62
     7
370
    25
100
AcDbLine
 10
175.744658951781
 20
253.4312551105055
 30
0.0
 11
182.1841279917927
 21
253.4312551105055
 31
0.0
  0
LINE
  5
184
330
1F
100
AcDbEntity
  8
SLD-0
  6
Continuous
 62
     7
370
    25
100
AcDbLine
 10
224.5161489688261
 20
253.4312551105055
 30
0.0
 11
244.3501384803094
 21
253.4312551105055
 31
0.0
  0
LINE
  5
185
330
1F
100
AcDbEntity
  8
SLD-0
  6
Continuous
 62
     7
370
    25
100
AcDbLine
 10
196.7829295319673
 20
238.4845319052064
 30
0.0
 11
196.7831468784955
 21
238.484460347895
 31
0.0
  0
LINE
  5
186
330
1F
100
AcDbEntity
  8
SLD-0
  6
Continuous
 62
     7
370
    25
100
AcDbLine
 10
196.7831468784955
 20
238.484460347895
 30
0.0
 11
196.7833642258034
 21
238.4843887929518
 31
0.0
  0
LINE
  5
187
330
1F
100
AcDbEntity
  8
SLD-0
  6
Continuous
 62
     7
370
    25
100
AcDbLine
 10
196.7833642258034
 20
238.4843887929518
 30
0.0
 11
196.783581573891
 21
238.484317240377
 31
0.0
  0
LINE
  5
188
330
1F
100
AcDbEntity
  8
SLD-0
  6
Continuous
 62
     7
370
    25
100
AcDbLine
 10
196.783581573891
 20
238.484317240377
 30
0.0
 11
196.7837989227583
 21
238.4842456901704
 31
0.0
  0
LINE
  5
189
330
1F
100
AcDbEntity
  8
SLD-0
  6
Continuous
 62
     7
370
    25
100
AcDbLine
 10
196.7837989227583
 20
238.4842456901704
 30
0.0
 11
196.7840162724051
 21
238.4841741423321
 31
0.0
  0
LINE
  5
18A
330
1F
100
AcDbEntity
  8
SLD-0
  6
Continuous
 62
     7
370
    25
100
AcDbLine
 10
196.7840162724051
 20
238.4841741423321
 30
0.0
 11
196.7842336228316
 21
238.4841025968622
 31
0.0
  0
LINE
  5
18B
330
1F
100
AcDbEntity
  8
SLD-0
  6
Continuous
 62
     7
370
    25
100
AcDbLine
 10
196.7842336228316
 20
238.4841025968622
 30
0.0
 11
196.7844509740376
 21
238.4840310537605
 31
0.0
  0
LINE
  5
18C
330
1F
100
AcDbEntity
  8
SLD-0
  6
Continuous
 62
     7
370
    25
100
AcDbLine
 10
196.7844509740376
 20
238.4840310537605
 30
0.0
 11
196.7846683260232
 21
238.4839595130271
 31
0.0
  0
LINE
  5
18D
330
1F
100
AcDbEntity
  8
SLD-0
  6
Continuous
 62
     7
370
    25
100
AcDbLine
 10
209.9156086345957
 20
238.4839595130273
 30
0.0
 11
209.9158259865812
 21
238.4840310537605
 31
0.0
  0
LINE
  5
18E
330
1F
100
AcDbEntity
  8
SLD-0
  6
Continuous
 62
     7
370
    25
100
AcDbLine
 10
209.9158259865812
 20
238.4840310537605
 30
0.0
 11
209.9160433377872
 21
238.4841025968622
 31
0.0
  0
LINE
  5
18F
330
1F
100
AcDbEntity
  8
SLD-0
  6
Continuous
 62
     7
370
    25
100
AcDbLine
 10
209.9160433377872
 20
238.4841025968622
 30
0.0
 11
209.9162606882137
 21
238.4841741423321
 31
0.0
  0
LINE
  5
190
330
1F
100
AcDbEntity
  8
SLD-0
  6
Continuous
 62
     7
370
    25
100
AcDbLine
 10
209.9162606882137
 20
238.4841741423321
 30
0.0
 11
209.9164780378605
 21
238.4842456901704
 31
0.0
  0
LINE
  5
191
330
1F
100
AcDbEntity
  8
SLD-0
  6
Continuous
 62
     7
370
    25
100
AcDbLine
 10
209.9164780378605
 20
238.4842456901704
 30
0.0
 11
209.9166953867278
 21
238.484317240377
 31
0.0
  0
LINE
  5
192
330
1F
100
AcDbEntity
  8
SLD-0
  6
Continuous
 62
     7
370
    25
100
AcDbLine
 10
209.9166953867278
 20
238.484317240377
 30
0.0
 11
209.9169127348154
 21
238.4843887929518
 31
0.0
  0
LINE
  5
193
330
1F
100
AcDbEntity
  8
SLD-0
  6
Continuous
 62
     7
370
    25
100
AcDbLine
 10
209.9169127348154
 20
238.4843887929518
 30
0.0
 11
209.9171300821233
 21
238.484460347895
 31
0.0
  0
LINE
  5
194
330
1F
100
AcDbEntity
  8
SLD-0
  6
Continuous
 62
     7
370
    25
100
AcDbLine
 10
209.9171300821233
 20
238.484460347895
 30
0.0
 11
209.9173474286515
 21
238.4845319052064
 31
0.0
  0
LINE
  5
195
330
1F
100
AcDbEntity
  8
SLD-0
  6
Continuous
 62
     7
370
    25
100
AcDbLine
 10
244.3501384803094
 20
248.4312551105055
 30
0.0
 11
242.9501384803094
 21
248.4312551105055
 31
0.0
  0
LINE
  5
196
330
1F
100
AcDbEntity
  8
SLD-0
  6
Continuous
 62
     7
370
    25
100
AcDbLine
 10
239.7501384803094
 20
248.4312551105055
 30
0.0
 11
231.5292530866983
 21
248.4312551105055
 31
0.0
  0
LINE
  5
197
330
1F
100
AcDbEntity
  8
SLD-0
  6
Continuous
 62
     7
370
    25
100
AcDbLine
 10
245.3501384803095
 20
265.1927394601886
 30
0.0
 11
245.3501384803094
 21
268.1927394601887
 31
0.0
  0
LINE
  5
198
330
1F
100
AcDbEntity
  8
SLD-0
  6
Continuous
 62
     7
370
    25
100
AcDbLine
 10
175.744658951781
 20
264.1927394601886
 30
0.0
 11
182.1841279917927
 21
264.1927394601886
 31
0.0
  0
LINE
  5
199
330
1F
100
AcDbEntity
  8
SLD-0
  6
Continuous
 62
     7
370
    25
100
AcDbLine
 10
224.5161489688261
 20
264.1927394601886
 30
0.0
 11
244.3501384803094
 21
264.1927394601886
 31
0.0
  0
LINE
  5
19A
330
1F
100
AcDbEntity
  8
SLD-0
  6
Continuous
 62
     7
370
    25
100
AcDbLine
 10
196.7829295319673
 20
279.1394626654877
 30
0.0
 11
196.7831468784955
 21
279.1395342227991
 31
0.0
  0
LINE
  5
19B
330
1F
100
AcDbEntity
  8
SLD-0
  6
Continuous
 62
     7
370
    25
100
AcDbLine
 10
196.7831468784955
 20
279.1395342227991
 30
0.0
 11
196.7833642258034
 21
279.1396057777423
 31
0.0
  0
LINE
  5
19C
330
1F
100
AcDbEntity
  8
SLD-0
  6
Continuous
 62
     7
370
    25
100
AcDbLine
 10
196.7833642258034
 20
279.1396057777423
 30
0.0
 11
196.783581573891
 21
279.1396773303172
 31
0.0
  0
LINE
  5
19D
330
1F
100
AcDbEntity
  8
SLD-0
  6
Continuous
 62
     7
370
    25
100
AcDbLine
 10
196.783581573891
 20
279.1396773303172
 30
0.0
 11
196.7837989227583
 21
279.1397488805238
 31
0.0
  0
LINE
  5
19E
330
1F
100
AcDbEntity
  8
SLD-0
  6
Continuous
 62
     7
370
    25
100
AcDbLine
 10
196.7837989227583
 20
279.1397488805238
 30
0.0
 11
196.7840162724051
 21
279.139820428362
 31
0.0
  0
LINE
  5
19F
330
1F
100
AcDbEntity
  8
SLD-0
  6
Continuous
 62
     7
370
    25
100
AcDbLine
 10
196.7840162724051
 20
279.139820428362
 30
0.0
 11
196.7842336228316
 21
279.139891973832
 31
0.0
  0
LINE
  5
1A0
330
1F
100
AcDbEntity
  8
SLD-0
  6
Continuous
 62
     7
370
    25
100
AcDbLine
 10
196.7842336228316
 20
279.139891973832
 30
0.0
 11
196.7844509740376
 21
279.1399635169336
 31
0.0
  0
LINE
  5
1A1
330
1F
100
AcDbEntity
  8
SLD-0
  6
Continuous
 62
     7
370
    25
100
AcDbLine
 10
196.7844509740376
 20
279.1399635169336
 30
0.0
 11
196.7846683260231
 21
279.1400350576669
 31
0.0
  0
LINE
  5
1A2
330
1F
100
AcDbEntity
  8
SLD-0
  6
Continuous
 62
     7
370
    25
100
AcDbLine
 10
209.9156086345957
 20
279.1400350576669
 30
0.0
 11
209.9158259865812
 21
279.1399635169336
 31
0.0
  0
LINE
  5
1A3
330
1F
100
AcDbEntity
  8
SLD-0
  6
Continuous
 62
     7
370
    25
100
AcDbLine
 10
209.9158259865812
 20
279.1399635169336
 30
0.0
 11
209.9160433377872
 21
279.139891973832
 31
0.0
  0
LINE
  5
1A4
330
1F
100
AcDbEntity
  8
SLD-0
  6
Continuous
 62
     7
370
    25
100
AcDbLine
 10
209.9160433377872
 20
279.139891973832
 30
0.0
 11
209.9162606882137
 21
279.139820428362
 31
0.0
  0
LINE
  5
1A5
330
1F
100
AcDbEntity
  8
SLD-0
  6
Continuous
 62
     7
370
    25
100
AcDbLine
 10
209.9162606882137
 20
279.139820428362
 30
0.0
 11
209.9164780378605
 21
279.1397488805238
 31
0.0
  0
LINE
  5
1A6
330
1F
100
AcDbEntity
  8
SLD-0
  6
Continuous
 62
     7
370
    25
100
AcDbLine
 10
209.9164780378605
 20
279.1397488805238
 30
0.0
 11
209.9166953867278
 21
279.1396773303172
 31
0.0
  0
LINE
  5
1A7
330
1F
100
AcDbEntity
  8
SLD-0
  6
Continuous
 62
     7
370
    25
100
AcDbLine
 10
209.9166953867278
 20
279.1396773303172
 30
0.0
 11
209.9169127348154
 21
279.1396057777423
 31
0.0
  0
LINE
  5
1A8
330
1F
100
AcDbEntity
  8
SLD-0
  6
Continuous
 62
     7
370
    25
100
AcDbLine
 10
209.9169127348154
 20
279.1396057777423
 30
0.0
 11
209.9171300821233
 21
279.1395342227991
 31
0.0
  0
LINE
  5
1A9
330
1F
100
AcDbEntity
  8
SLD-0
  6
Continuous
 62
     7
370
    25
100
AcDbLine
 10
209.9171300821233
 20
279.1395342227991
 30
0.0
 11
209.9173474286516
 21
279.1394626654876
 31
0.0
  0
LINE
  5
1AA
330
1F
100
AcDbEntity
  8
SLD-0
  6
Continuous
 62
     7
370
    25
100
AcDbLine
 10
244.3501384803094
 20
269.1927394601887
 30
0.0
 11
242.9501384803094
 21
269.1927394601887
 31
0.0
  0
LINE
  5
1AB
330
1F
100
AcDbEntity
  8
SLD-0
  6
Continuous
 62
     7
370
    25
100
AcDbLine
 10
239.7501384803094
 20
269.1927394601887
 30
0.0
 11
231.5292530866983
 21
269.1927394601886
 31
0.0
  0
LINE
  5
1AC
330
1F
100
AcDbEntity
  8
SLD-0
  6
Continuous
 62
     7
370
    25
100
AcDbLine
 10
146.5370641914085
 20
270.1308731445941
 30
0.0
 11
146.5370641914085
 21
273.1308731445941
 31
0.0
  0
LINE
  5
1AD
330
1F
100
AcDbEntity
  8
SLD-0
  6
Continuous
 62
     7
370
    25
100
AcDbLine
 10
76.93158466288011
 20
269.1308731445941
 30
0.0
 11
83.37105370289177
 21
269.1308731445941
 31
0.0
  0
LINE
  5
1AE
330
1F
100
AcDbEntity
  8
SLD-0
  6
Continuous
 62
     7
370
    25
100
AcDbLine
 10
125.7030746799253
 20
269.1308731445941
 30
0.0
 11
145.5370641914085
 21
269.1308731445941
 31
0.0
  0
LINE
  5
1AF
330
1F
100
AcDbEntity
  8
SLD-0
  6
Continuous
 62
     7
370
    25
100
AcDbLine
 10
97.96985524306643
 20
284.0775963498932
 30
0.0
 11
97.9700725895946
 21
284.0776679072046
 31
0.0
  0
LINE
  5
1B0
330
1F
100
AcDbEntity
  8
SLD-0
  6
Continuous
 62
     7
370
    25
100
AcDbLine
 10
97.9700725895946
 20
284.0776679072046
 30
0.0
 11
97.9702899369025
 21
284.0777394621477
 31
0.0
  0
LINE
  5
1B1
330
1F
100
AcDbEntity
  8
SLD-0
  6
Continuous
 62
     7
370
    25
100
AcDbLine
 10
97.9702899369025
 20
284.0777394621477
 30
0.0
 11
97.9705072849901
 21
284.0778110147227
 31
0.0
  0
LINE
  5
1B2
330
1F
100
AcDbEntity
  8
SLD-0
  6
Continuous
 62
     7
370
    25
100
AcDbLine
 10
97.9705072849901
 20
284.0778110147227
 30
0.0
 11
97.97072463385733
 21
284.0778825649293
 31
0.0
  0
LINE
  5
1B3
330
1F
100
AcDbEntity
  8
SLD-0
  6
Continuous
 62
     7
370
    25
100
AcDbLine
 10
97.97072463385733
 20
284.0778825649293
 30
0.0
 11
97.97094198350419
 21
284.0779541127675
 31
0.0
  0
LINE
  5
1B4
330
1F
100
AcDbEntity
  8
SLD-0
  6
Continuous
 62
     7
370
    25
100
AcDbLine
 10
97.97094198350419
 20
284.0779541127675
 30
0.0
 11
97.97115933393066
 21
284.0780256582375
 31
0.0
  0
LINE
  5
1B5
330
1F
100
AcDbEntity
  8
SLD-0
  6
Continuous
 62
     7
370
    25
100
AcDbLine
 10
97.97115933393066
 20
284.0780256582375
 30
0.0
 11
97.97137668513669
 21
284.0780972013391
 31
0.0
  0
LINE
  5
1B6
330
1F
100
AcDbEntity
  8
SLD-0
  6
Continuous
 62
     7
370
    25
100
AcDbLine
 10
97.97137668513669
 20
284.0780972013391
 30
0.0
 11
97.97159403712223
 21
284.0781687420724
 31
0.0
  0
LINE
  5
1B7
330
1F
100
AcDbEntity
  8
SLD-0
  6
Continuous
 62
     7
370
    25
100
AcDbLine
 10
111.1025343456947
 20
284.0781687420724
 30
0.0
 11
111.1027516976803
 21
284.0780972013391
 31
0.0
  0
LINE
  5
1B8
330
1F
100
AcDbEntity
  8
SLD-0
  6
Continuous
 62
     7
370
    25
100
AcDbLine
 10
111.1027516976803
 20
284.0780972013391
 30
0.0
 11
111.1029690488863
 21
284.0780256582375
 31
0.0
  0
LINE
  5
1B9
330
1F
100
AcDbEntity
  8
SLD-0
  6
Continuous
 62
     7
370
    25
100
AcDbLine
 10
111.1029690488863
 20
284.0780256582375
 30
0.0
 11
111.1031863993128
 21
284.0779541127675
 31
0.0
  0
LINE
  5
1BA
330
1F
100
AcDbEntity
  8
SLD-0
  6
Continuous
 62
     7
370
    25
100
AcDbLine
 10
111.1031863993128
 20
284.0779541127675
 30
0.0
 11
111.1034037489596
 21
284.0778825649293
 31
0.0
  0
LINE
  5
1BB
330
1F
100
AcDbEntity
  8
SLD-0
  6
Continuous
 62
     7
370
    25
100
AcDbLine
 10
111.1034037489596
 20
284.0778825649293
 30
0.0
 11
111.1036210978269
 21
284.0778110147227
 31
0.0
  0
LINE
  5
1BC
330
1F
100
AcDbEntity
  8
SLD-0
  6
Continuous
 62
     7
370
    25
100
AcDbLine
 10
111.1036210978269
 20
284.0778110147227
 30
0.0
 11
111.1038384459145
 21
284.0777394621477
 31
0.0
  0
LINE
  5
1BD
330
1F
100
AcDbEntity
  8
SLD-0
  6
Continuous
 62
     7
370
    25
100
AcDbLine
 10
111.1038384459145
 20
284.0777394621477
 30
0.0
 11
111.1040557932224
 21
284.0776679072046
 31
0.0
  0
LINE
  5
1BE
330
1F
100
AcDbEntity
  8
SLD-0
  6
Continuous
 62
     7
370
    25
100
AcDbLine
 10
111.1040557932224
 20
284.0776679072046
 30
0.0
 11
111.1042731397506
 21
284.0775963498931
 31
0.0
  0
LINE
  5
1BF
330
1F
100
AcDbEntity
  8
SLD-0
  6
Continuous
 62
     7
370
    25
100
AcDbLine
 10
145.5370641914085
 20
274.1308731445941
 30
0.0
 11
144.1370641914085
 21
274.1308731445941
 31
0.0
  0
LINE
  5
1C0
330
1F
100
AcDbEntity
  8
SLD-0
  6
Continuous
 62
     7
370
    25
100
AcDbLine
 10
140.9370641914085
 20
274.1308731445941
 30
0.0
 11
132.7161787977974
 21
274.1308731445941
 31
0.0
  0
LINE
  5
1C1
330
1F
100
AcDbEntity
  8
SLD-0
  6
Continuous
 62
     7
370
    25
100
AcDbLine
 10
337.0220732079426
 20
252.6177326422433
 30
0.0
 11
337.0220732079426
 21
249.6177326422433
 31
0.0
  0
LINE
  5
1C2
330
1F
100
AcDbEntity
  8
SLD-0
  6
Continuous
 62
     7
370
    25
100
AcDbLine
 10
267.4165936794143
 20
253.6177326422434
 30
0.0
 11
273.8560627194259
 21
253.6177326422434
 31
0.0
  0
LINE
  5
1C3
330
1F
100
AcDbEntity
  8
SLD-0
  6
Continuous
 62
     7
370
    25
100
AcDbLine
 10
316.1880836964594
 20
253.6177326422434
 30
0.0
 11
336.0220732079426
 21
253.6177326422434
 31
0.0
  0
LINE
  5
1C4
330
1F
100
AcDbEntity
  8
SLD-0
  6
Continuous
 62
     7
370
    25
100
AcDbLine
 10
288.4548642596005
 20
238.6710094369443
 30
0.0
 11
288.4550816061288
 21
238.6709378796328
 31
0.0
  0
LINE
  5
1C5
330
1F
100
AcDbEntity
  8
SLD-0
  6
Continuous
 62
     7
370
    25
100
AcDbLine
 10
288.4550816061288
 20
238.6709378796328
 30
0.0
 11
288.4552989534367
 21
238.6708663246897
 31
0.0
  0
LINE
  5
1C6
330
1F
100
AcDbEntity
  8
SLD-0
  6
Continuous
 62
     7
370
    25
100
AcDbLine
 10
288.4552989534367
 20
238.6708663246897
 30
0.0
 11
288.4555163015243
 21
238.6707947721148
 31
0.0
  0
LINE
  5
1C7
330
1F
100
AcDbEntity
  8
SLD-0
  6
Continuous
 62
     7
370
    25
100
AcDbLine
 10
288.4555163015243
 20
238.6707947721148
 30
0.0
 11
288.4557336503915
 21
238.6707232219082
 31
0.0
  0
LINE
  5
1C8
330
1F
100
AcDbEntity
  8
SLD-0
  6
Continuous
 62
     7
370
    25
100
AcDbLine
 10
288.4557336503915
 20
238.6707232219082
 30
0.0
 11
288.4559510000383
 21
238.6706516740699
 31
0.0
  0
LINE
  5
1C9
330
1F
100
AcDbEntity
  8
SLD-0
  6
Continuous
 62
     7
370
    25
100
AcDbLine
 10
288.4559510000383
 20
238.6706516740699
 30
0.0
 11
288.4561683504648
 21
238.6705801286
 31
0.0
  0
LINE
  5
1CA
330
1F
100
AcDbEntity
  8
SLD-0
  6
Continuous
 62
     7
370
    25
100
AcDbLine
 10
288.4561683504648
 20
238.6705801286
 30
0.0
 11
288.4563857016709
 21
238.6705085854983
 31
0.0
  0
LINE
  5
1CB
330
1F
100
AcDbEntity
  8
SLD-0
  6
Continuous
 62
     7
370
    25
100
AcDbLine
 10
288.4563857016709
 20
238.6705085854983
 30
0.0
 11
288.4566030536565
 21
238.670437044765
 31
0.0
  0
LINE
  5
1CC
330
1F
100
AcDbEntity
  8
SLD-0
  6
Continuous
 62
     7
370
    25
100
AcDbLine
 10
301.5875433622289
 20
238.6704370447651
 30
0.0
 11
301.5877607142144
 21
238.6705085854983
 31
0.0
  0
LINE
  5
1CD
330
1F
100
AcDbEntity
  8
SLD-0
  6
Continuous
 62
     7
370
    25
100
AcDbLine
 10
301.5877607142144
 20
238.6705085854983
 30
0.0
 11
301.5879780654205
 21
238.6705801286
 31
0.0
  0
LINE
  5
1CE
330
1F
100
AcDbEntity
  8
SLD-0
  6
Continuous
 62
     7
370
    25
100
AcDbLine
 10
301.5879780654205
 20
238.6705801286
 30
0.0
 11
301.5881954158469
 21
238.6706516740699
 31
0.0
  0
LINE
  5
1CF
330
1F
100
AcDbEntity
  8
SLD-0
  6
Continuous
 62
     7
370
    25
100
AcDbLine
 10
301.5881954158469
 20
238.6706516740699
 30
0.0
 11
301.5884127654938
 21
238.6707232219082
 31
0.0
  0
LINE
  5
1D0
330
1F
100
AcDbEntity
  8
SLD-0
  6
Continuous
 62
     7
370
    25
100
AcDbLine
 10
301.5884127654938
 20
238.6707232219082
 30
0.0
 11
301.588630114361
 21
238.6707947721148
 31
0.0
  0
LINE
  5
1D1
330
1F
100
AcDbEntity
  8
SLD-0
  6
Continuous
 62
     7
370
    25
100
AcDbLine
 10
301.588630114361
 20
238.6707947721148
 30
0.0
 11
301.5888474624487
 21
238.6708663246897
 31
0.0
  0
LINE
  5
1D2
330
1F
100
AcDbEntity
  8
SLD-0
  6
Continuous
 62
     7
370
    25
100
AcDbLine
 10
301.5888474624487
 20
238.6708663246897
 30
0.0
 11
301.5890648097566
 21
238.6709378796328
 31
0.0
  0
LINE
  5
1D3
330
1F
100
AcDbEntity
  8
SLD-0
  6
Continuous
 62
     7
370
    25
100
AcDbLine
 10
301.5890648097566
 20
238.6709378796328
 30
0.0
 11
301.5892821562848
 21
238.6710094369443
 31
0.0
  0
LINE
  5
1D4
330
1F
100
AcDbEntity
  8
SLD-0
  6
Continuous
 62
     7
370
    25
100
AcDbLine
 10
336.0220732079426
 20
248.6177326422433
 30
0.0
 11
334.6220732079426
 21
248.6177326422433
 31
0.0
  0
LINE
  5
1D5
330
1F
100
AcDbEntity
  8
SLD-0
  6
Continuous
 62
     7
370
    25
100
AcDbLine
 10
331.4220732079427
 20
248.6177326422433
 30
0.0
 11
323.2011878143315
 21
248.6177326422433
 31
0.0
  0
LINE
  5
1D6
330
1F
100
AcDbEntity
  8
SLD-0
  6
Continuous
 62
     7
370
    25
100
AcDbLine
 10
425.4291211321305
 20
252.6177326422433
 30
0.0
 11
425.4291211321305
 21
249.6177326422433
 31
0.0
  0
LINE
  5
1D7
330
1F
100
AcDbEntity
  8
SLD-0
  6
Continuous
 62
     7
370
    25
100
AcDbLine
 10
355.8236416036021
 20
253.6177326422434
 30
0.0
 11
362.2631106436138
 21
253.6177326422434
 31
0.0
  0
LINE
  5
1D8
330
1F
100
AcDbEntity
  8
SLD-0
  6
Continuous
 62
     7
370
    25
100
AcDbLine
 10
404.5951316206472
 20
253.6177326422434
 30
0.0
 11
424.4291211321305
 21
253.6177326422434
 31
0.0
  0
LINE
  5
1D9
330
1F
100
AcDbEntity
  8
SLD-0
  6
Continuous
 62
     7
370
    25
100
AcDbLine
 10
376.8619121837884
 20
238.6710094369443
 30
0.0
 11
376.8621295303166
 21
238.6709378796328
 31
0.0
  0
LINE
  5
1DA
330
1F
100
AcDbEntity
  8
SLD-0
  6
Continuous
 62
     7
370
    25
100
AcDbLine
 10
376.8621295303166
 20
238.6709378796328
 30
0.0
 11
376.8623468776245
 21
238.6708663246897
 31
0.0
  0
LINE
  5
1DB
330
1F
100
AcDbEntity
  8
SLD-0
  6
Continuous
 62
     7
370
    25
100
AcDbLine
 10
376.8623468776245
 20
238.6708663246897
 30
0.0
 11
376.8625642257121
 21
238.6707947721148
 31
0.0
  0
LINE
  5
1DC
330
1F
100
AcDbEntity
  8
SLD-0
  6
Continuous
 62
     7
370
    25
100
AcDbLine
 10
376.8625642257121
 20
238.6707947721148
 30
0.0
 11
376.8627815745793
 21
238.6707232219082
 31
0.0
  0
LINE
  5
1DD
330
1F
100
AcDbEntity
  8
SLD-0
  6
Continuous
 62
     7
370
    25
100
AcDbLine
 10
376.8627815745793
 20
238.6707232219082
 30
0.0
 11
376.8629989242262
 21
238.6706516740699
 31
0.0
  0
LINE
  5
1DE
330
1F
100
AcDbEntity
  8
SLD-0
  6
Continuous
 62
     7
370
    25
100
AcDbLine
 10
376.8629989242262
 20
238.6706516740699
 30
0.0
 11
376.8632162746527
 21
238.6705801286
 31
0.0
  0
LINE
  5
1DF
330
1F
100
AcDbEntity
  8
SLD-0
  6
Continuous
 62
     7
370
    25
100
AcDbLine
 10
376.8632162746527
 20
238.6705801286
 30
0.0
 11
376.8634336258587
 21
238.6705085854983
 31
0.0
  0
LINE
  5
1E0
330
1F
100
AcDbEntity
  8
SLD-0
  6
Continuous
 62
     7
370
    25
100
AcDbLine
 10
376.8634336258587
 20
238.6705085854983
 30
0.0
 11
376.8636509778443
 21
238.670437044765
 31
0.0
  0
LINE
  5
1E1
330
1F
100
AcDbEntity
  8
SLD-0
  6
Continuous
 62
     7
370
    25
100
AcDbLine
 10
389.9945912864168
 20
238.6704370447651
 30
0.0
 11
389.9948086384023
 21
238.6705085854983
 31
0.0
  0
LINE
  5
1E2
330
1F
100
AcDbEntity
  8
SLD-0
  6
Continuous
 62
     7
370
    25
100
AcDbLine
 10
389.9948086384023
 20
238.6705085854983
 30
0.0
 11
389.9950259896083
 21
238.6705801286
 31
0.0
  0
LINE
  5
1E3
330
1F
100
AcDbEntity
  8
SLD-0
  6
Continuous
 62
     7
370
    25
100
AcDbLine
 10
389.9950259896083
 20
238.6705801286
 30
0.0
 11
389.9952433400347
 21
238.6706516740699
 31
0.0
  0
LINE
  5
1E4
330
1F
100
AcDbEntity
  8
SLD-0
  6
Continuous
 62
     7
370
    25
100
AcDbLine
 10
389.9952433400347
 20
238.6706516740699
 30
0.0
 11
389.9954606896816
 21
238.6707232219082
 31
0.0
  0
LINE
  5
1E5
330
1F
100
AcDbEntity
  8
SLD-0
  6
Continuous
 62
     7
370
    25
100
AcDbLine
 10
389.9954606896816
 20
238.6707232219082
 30
0.0
 11
389.9956780385489
 21
238.6707947721148
 31
0.0
  0
LINE
  5
1E6
330
1F
100
AcDbEntity
  8
SLD-0
  6
Continuous
 62
     7
370
    25
100
AcDbLine
 10
389.9956780385489
 20
238.6707947721148
 30
0.0
 11
389.9958953866365
 21
238.6708663246897
 31
0.0
  0
LINE
  5
1E7
330
1F
100
AcDbEntity
  8
SLD-0
  6
Continuous
 62
     7
370
    25
100
AcDbLine
 10
389.9958953866365
 20
238.6708663246897
 30
0.0
 11
389.9961127339444
 21
238.6709378796328
 31
0.0
  0
LINE
  5
1E8
330
1F
100
AcDbEntity
  8
SLD-0
  6
Continuous
 62
     7
370
    25
100
AcDbLine
 10
389.9961127339444
 20
238.6709378796328
 30
0.0
 11
389.9963300804726
 21
238.6710094369443
 31
0.0
  0
LINE
  5
1E9
330
1F
100
AcDbEntity
  8
SLD-0
  6
Continuous
 62
     7
370
    25
100
AcDbLine
 10
424.4291211321305
 20
248.6177326422433
 30
0.0
 11
423.0291211321305
 21
248.6177326422433
 31
0.0
  0
LINE
  5
1EA
330
1F
100
AcDbEntity
  8
SLD-0
  6
Continuous
 62
     7
370
    25
100
AcDbLine
 10
419.8291211321305
 20
248.6177326422433
 30
0.0
 11
411.6082357385194
 21
248.6177326422433
 31
0.0
  0
LINE
  5
1EB
330
1F
100
AcDbEntity
  8
SLD-0
  6
Continuous
 62
     7
370
    25
100
AcDbLine
 10
425.4291211321304
 20
267.6371595380476
 30
0.0
 11
425.4291211321304
 21
270.6371595380476
 31
0.0
  0
LINE
  5
1EC
330
1F
100
AcDbEntity
  8
SLD-0
  6
Continuous
 62
     7
370
    25
100
AcDbLine
 10
355.823641603602
 20
266.6371595380476
 30
0.0
 11
362.2631106436137
 21
266.6371595380476
 31
0.0
  0
LINE
  5
1ED
330
1F
100
AcDbEntity
  8
SLD-0
  6
Continuous
 62
     7
370
    25
100
AcDbLine
 10
404.5951316206471
 20
266.6371595380476
 30
0.0
 11
424.4291211321304
 21
266.6371595380476
 31
0.0
  0
LINE
  5
1EE
330
1F
100
AcDbEntity
  8
SLD-0
  6
Continuous
 62
     7
370
    25
100
AcDbLine
 10
376.8619121837883
 20
281.5838827433467
 30
0.0
 11
376.8621295303165
 21
281.5839543006581
 31
0.0
  0
LINE
  5
1EF
330
1F
100
AcDbEntity
  8
SLD-0
  6
Continuous
 62
     7
370
    25
100
AcDbLine
 10
376.8621295303165
 20
281.5839543006581
 30
0.0
 11
376.8623468776244
 21
281.5840258556013
 31
0.0
  0
LINE
  5
1F0
330
1F
100
AcDbEntity
  8
SLD-0
  6
Continuous
 62
     7
370
    25
100
AcDbLine
 10
376.8623468776244
 20
281.5840258556013
 30
0.0
 11
376.862564225712
 21
281.5840974081761
 31
0.0
  0
LINE
  5
1F1
330
1F
100
AcDbEntity
  8
SLD-0
  6
Continuous
 62
     7
370
    25
100
AcDbLine
 10
376.862564225712
 20
281.5840974081761
 30
0.0
 11
376.8627815745792
 21
281.5841689583827
 31
0.0
  0
LINE
  5
1F2
330
1F
100
AcDbEntity
  8
SLD-0
  6
Continuous
 62
     7
370
    25
100
AcDbLine
 10
376.8627815745792
 20
281.5841689583827
 30
0.0
 11
376.8629989242261
 21
281.5842405062211
 31
0.0
  0
LINE
  5
1F3
330
1F
100
AcDbEntity
  8
SLD-0
  6
Continuous
 62
     7
370
    25
100
AcDbLine
 10
376.8629989242261
 20
281.5842405062211
 30
0.0
 11
376.8632162746526
 21
281.5843120516909
 31
0.0
  0
LINE
  5
1F4
330
1F
100
AcDbEntity
  8
SLD-0
  6
Continuous
 62
     7
370
    25
100
AcDbLine
 10
376.8632162746526
 20
281.5843120516909
 30
0.0
 11
376.8634336258586
 21
281.5843835947925
 31
0.0
  0
LINE
  5
1F5
330
1F
100
AcDbEntity
  8
SLD-0
  6
Continuous
 62
     7
370
    25
100
AcDbLine
 10
376.8634336258586
 20
281.5843835947925
 30
0.0
 11
376.8636509778441
 21
281.5844551355259
 31
0.0
  0
LINE
  5
1F6
330
1F
100
AcDbEntity
  8
SLD-0
  6
Continuous
 62
     7
370
    25
100
AcDbLine
 10
389.9945912864166
 20
281.5844551355259
 30
0.0
 11
389.9948086384022
 21
281.5843835947925
 31
0.0
  0
LINE
  5
1F7
330
1F
100
AcDbEntity
  8
SLD-0
  6
Continuous
 62
     7
370
    25
100
AcDbLine
 10
389.9948086384022
 20
281.5843835947925
 30
0.0
 11
389.9950259896082
 21
281.5843120516909
 31
0.0
  0
LINE
  5
1F8
330
1F
100
AcDbEntity
  8
SLD-0
  6
Continuous
 62
     7
370
    25
100
AcDbLine
 10
389.9950259896082
 20
281.5843120516909
 30
0.0
 11
389.9952433400347
 21
281.5842405062211
 31
0.0
  0
LINE
  5
1F9
330
1F
100
AcDbEntity
  8
SLD-0
  6
Continuous
 62
     7
370
    25
100
AcDbLine
 10
389.9952433400347
 20
281.5842405062211
 30
0.0
 11
389.9954606896815
 21
281.5841689583827
 31
0.0
  0
LINE
  5
1FA
330
1F
100
AcDbEntity
  8
SLD-0
  6
Continuous
 62
     7
370
    25
100
AcDbLine
 10
389.9954606896815
 20
281.5841689583827
 30
0.0
 11
389.9956780385488
 21
281.5840974081761
 31
0.0
  0
LINE
  5
1FB
330
1F
100
AcDbEntity
  8
SLD-0
  6
Continuous
 62
     7
370
    25
100
AcDbLine
 10
389.9956780385488
 20
281.5840974081761
 30
0.0
 11
389.9958953866363
 21
281.5840258556013
 31
0.0
  0
LINE
  5
1FC
330
1F
100
AcDbEntity
  8
SLD-0
  6
Continuous
 62
     7
370
    25
100
AcDbLine
 10
389.9958953866363
 20
281.5840258556013
 30
0.0
 11
389.9961127339443
 21
281.5839543006581
 31
0.0
  0
LINE
  5
1FD
330
1F
100
AcDbEntity
  8
SLD-0
  6
Continuous
 62
     7
370
    25
100
AcDbLine
 10
389.9961127339443
 20
281.5839543006581
 30
0.0
 11
389.9963300804725
 21
281.5838827433466
 31
0.0
  0
LINE
  5
1FE
330
1F
100
AcDbEntity
  8
SLD-0
  6
Continuous
 62
     7
370
    25
100
AcDbLine
 10
424.4291211321304
 20
271.6371595380476
 30
0.0
 11
423.0291211321303
 21
271.6371595380476
 31
0.0
  0
LINE
  5
1FF
330
1F
100
AcDbEntity
  8
SLD-0
  6
Continuous
 62
     7
370
    25
100
AcDbLine
 10
419.8291211321304
 20
271.6371595380476
 30
0.0
 11
411.6082357385193
 21
271.6371595380476
 31
0.0
  0
LINE
  5
200
330
1F
100
AcDbEntity
  8
SLD-0
  6
Continuous
 62
     7
370
    25
100
AcDbLine
 10
337.0220732079427
 20
265.7882515823567
 30
0.0
 11
337.0220732079427
 21
268.7882515823567
 31
0.0
  0
LINE
  5
201
330
1F
100
AcDbEntity
  8
SLD-0
  6
Continuous
 62
     7
370
    25
100
AcDbLine
 10
267.4165936794143
 20
264.7882515823567
 30
0.0
 11
273.8560627194259
 21
264.7882515823567
 31
0.0
  0
LINE
  5
202
330
1F
100
AcDbEntity
  8
SLD-0
  6
Continuous
 62
     7
370
    25
100
AcDbLine
 10
316.1880836964594
 20
264.7882515823567
 30
0.0
 11
336.0220732079427
 21
264.7882515823567
 31
0.0
  0
LINE
  5
203
330
1F
100
AcDbEntity
  8
SLD-0
  6
Continuous
 62
     7
370
    25
100
AcDbLine
 10
288.4548642596006
 20
279.7349747876557
 30
0.0
 11
288.4550816061288
 21
279.7350463449672
 31
0.0
  0
LINE
  5
204
330
1F
100
AcDbEntity
  8
SLD-0
  6
Continuous
 62
     7
370
    25
100
AcDbLine
 10
288.4550816061288
 20
279.7350463449672
 30
0.0
 11
288.4552989534367
 21
279.7351178999103
 31
0.0
  0
LINE
  5
205
330
1F
100
AcDbEntity
  8
SLD-0
  6
Continuous
 62
     7
370
    25
100
AcDbLine
 10
288.4552989534367
 20
279.7351178999103
 30
0.0
 11
288.4555163015243
 21
279.7351894524853
 31
0.0
  0
LINE
  5
206
330
1F
100
AcDbEntity
  8
SLD-0
  6
Continuous
 62
     7
370
    25
100
AcDbLine
 10
288.4555163015243
 20
279.7351894524853
 30
0.0
 11
288.4557336503916
 21
279.7352610026919
 31
0.0
  0
LINE
  5
207
330
1F
100
AcDbEntity
  8
SLD-0
  6
Continuous
 62
     7
370
    25
100
AcDbLine
 10
288.4557336503916
 20
279.7352610026919
 30
0.0
 11
288.4559510000384
 21
279.7353325505301
 31
0.0
  0
LINE
  5
208
330
1F
100
AcDbEntity
  8
SLD-0
  6
Continuous
 62
     7
370
    25
100
AcDbLine
 10
288.4559510000384
 20
279.7353325505301
 30
0.0
 11
288.4561683504649
 21
279.7354040960001
 31
0.0
  0
LINE
  5
209
330
1F
100
AcDbEntity
  8
SLD-0
  6
Continuous
 62
     7
370
    25
100
AcDbLine
 10
288.4561683504649
 20
279.7354040960001
 30
0.0
 11
288.4563857016709
 21
279.7354756391017
 31
0.0
  0
LINE
  5
20A
330
1F
100
AcDbEntity
  8
SLD-0
  6
Continuous
 62
     7
370
    25
100
AcDbLine
 10
288.4563857016709
 20
279.7354756391017
 30
0.0
 11
288.4566030536565
 21
279.735547179835
 31
0.0
  0
LINE
  5
20B
330
1F
100
AcDbEntity
  8
SLD-0
  6
Continuous
 62
     7
370
    25
100
AcDbLine
 10
301.5875433622289
 20
279.735547179835
 30
0.0
 11
301.5877607142145
 21
279.7354756391017
 31
0.0
  0
LINE
  5
20C
330
1F
100
AcDbEntity
  8
SLD-0
  6
Continuous
 62
     7
370
    25
100
AcDbLine
 10
301.5877607142145
 20
279.7354756391017
 30
0.0
 11
301.5879780654205
 21
279.7354040960001
 31
0.0
  0
LINE
  5
20D
330
1F
100
AcDbEntity
  8
SLD-0
  6
Continuous
 62
     7
370
    25
100
AcDbLine
 10
301.5879780654205
 20
279.7354040960001
 30
0.0
 11
301.588195415847
 21
279.7353325505301
 31
0.0
  0
LINE
  5
20E
330
1F
100
AcDbEntity
  8
SLD-0
  6
Continuous
 62
     7
370
    25
100
AcDbLine
 10
301.588195415847
 20
279.7353325505301
 30
0.0
 11
301.5884127654938
 21
279.7352610026919
 31
0.0
  0
LINE
  5
20F
330
1F
100
AcDbEntity
  8
SLD-0
  6
Continuous
 62
     7
370
    25
100
AcDbLine
 10
301.5884127654938
 20
279.7352610026919
 30
0.0
 11
301.5886301143611
 21
279.7351894524853
 31
0.0
  0
LINE
  5
210
330
1F
100
AcDbEntity
  8
SLD-0
  6
Continuous
 62
     7
370
    25
100
AcDbLine
 10
301.5886301143611
 20
279.7351894524853
 30
0.0
 11
301.5888474624487
 21
279.7351178999103
 31
0.0
  0
LINE
  5
211
330
1F
100
AcDbEntity
  8
SLD-0
  6
Continuous
 62
     7
370
    25
100
AcDbLine
 10
301.5888474624487
 20
279.7351178999103
 30
0.0
 11
301.5890648097566
 21
279.7350463449672
 31
0.0
  0
LINE
  5
212
330
1F
100
AcDbEntity
  8
SLD-0
  6
Continuous
 62
     7
370
    25
100
AcDbLine
 10
301.5890648097566
 20
279.7350463449672
 30
0.0
 11
301.5892821562848
 21
279.7349747876557
 31
0.0
  0
LINE
  5
213
330
1F
100
AcDbEntity
  8
SLD-0
  6
Continuous
 62
     7
370
    25
100
AcDbLine
 10
336.0220732079427
 20
269.7882515823567
 30
0.0
 11
334.6220732079427
 21
269.7882515823567
 31
0.0
  0
LINE
  5
214
330
1F
100
AcDbEntity
  8
SLD-0
  6
Continuous
 62
     7
370
    25
100
AcDbLine
 10
331.4220732079427
 20
269.7882515823567
 30
0.0
 11
323.2011878143316
 21
269.7882515823567
 31
0.0
  0
LINE
  5
215
330
1F
100
AcDbEntity
  8
SLD-0
  6
Continuous
 62
     7
370
    25
100
AcDbLine
 10
82.92392099487935
 20
205.0161302121434
 30
0.0
 11
82.92392099487935
 21
200.0161302121434
 31
0.0
  0
LINE
  5
216
330
1F
100
AcDbEntity
  8
SLD-0
  6
Continuous
 62
     7
370
    25
100
AcDbLine
 10
118.9239209948794
 20
215.0161302121435
 30
0.0
 11
94.92392099487935
 21
215.0161302121435
 31
0.0
  0
LINE
  5
217
330
1F
100
AcDbEntity
  8
SLD-0
  6
Continuous
 62
     7
370
    25
100
AcDbLine
 10
118.9239209948794
 20
215.0161302121435
 30
0.0
 11
118.9239209948794
 21
207.0161302121434
 31
0.0
  0
LINE
  5
218
330
1F
100
AcDbEntity
  8
SLD-0
  6
Continuous
 62
     7
370
    25
100
AcDbLine
 10
130.9239209948794
 20
205.0161302121434
 30
0.0
 11
130.9239209948794
 21
200.0161302121434
 31
0.0
  0
LINE
  5
219
330
1F
100
AcDbEntity
  8
SLD-0
  6
Continuous
 62
     7
370
    25
100
AcDbLine
 10
130.9239209948794
 20
200.0161302121434
 30
0.0
 11
121.1866626946763
 21
200.0161302121434
 31
0.0
  0
LINE
  5
21A
330
1F
100
AcDbEntity
  8
SLD-0
  6
Continuous
 62
     7
370
    25
100
AcDbLine
 10
118.9239209948794
 20
197.7533885123465
 30
0.0
 11
118.9239209948794
 21
192.2788719119404
 31
0.0
  0
LINE
  5
21B
330
1F
100
AcDbEntity
  8
SLD-0
  6
Continuous
 62
     7
370
    25
100
AcDbLine
 10
121.1866626946763
 20
190.0161302121435
 30
0.0
 11
130.9239209948794
 21
190.0161302121435
 31
0.0
  0
LINE
  5
21C
330
1F
100
AcDbEntity
  8
SLD-0
  6
Continuous
 62
     7
370
    25
100
AcDbLine
 10
130.9239209948794
 20
190.0161302121435
 30
0.0
 11
130.9239209948794
 21
185.0161302121435
 31
0.0
  0
LINE
  5
21D
330
1F
100
AcDbEntity
  8
SLD-0
  6
Continuous
 62
     7
370
    25
100
AcDbLine
 10
130.9239209948794
 20
185.0161302121435
 30
0.0
 11
127.4071606922985
 21
185.0161302121435
 31
0.0
  0
LINE
  5
21E
330
1F
100
AcDbEntity
  8
SLD-0
  6
Continuous
 62
     7
370
    25
100
AcDbLine
 10
124.4406812974602
 20
185.0161302121435
 30
0.0
 11
120.9239209948794
 21
185.0161302121435
 31
0.0
  0
LINE
  5
21F
330
1F
100
AcDbEntity
  8
SLD-0
  6
Continuous
 62
     7
370
    25
100
AcDbLine
 10
118.9239209948794
 20
183.0161302121435
 30
0.0
 11
118.9239209948794
 21
174.7161302121435
 31
0.0
  0
LINE
  5
220
330
1F
100
AcDbEntity
  8
SLD-0
  6
Continuous
 62
     7
370
    25
100
AcDbLine
 10
96.92392099487938
 20
172.7161302121434
 30
0.0
 11
116.9239209948794
 21
172.7161302121434
 31
0.0
  0
LINE
  5
221
330
1F
100
AcDbEntity
  8
SLD-0
  6
Continuous
 62
     7
370
    25
100
AcDbLine
 10
94.92392099487935
 20
183.0161302121435
 30
0.0
 11
94.92392099487935
 21
174.7161302121435
 31
0.0
  0
LINE
  5
222
330
1F
100
AcDbEntity
  8
SLD-0
  6
Continuous
 62
     7
370
    25
100
AcDbLine
 10
82.92392099487935
 20
190.0161302121435
 30
0.0
 11
82.92392099487935
 21
185.0161302121435
 31
0.0
  0
LINE
  5
223
330
1F
100
AcDbEntity
  8
SLD-0
  6
Continuous
 62
     7
370
    25
100
AcDbLine
 10
94.92392099487935
 20
215.0161302121435
 30
0.0
 11
94.92392099487935
 21
207.0161302121434
 31
0.0
  0
LINE
  5
224
330
1F
100
AcDbEntity
  8
SLD-0
  6
Continuous
 62
     7
370
    25
100
AcDbLine
 10
120.9239209948794
 20
205.0161302121434
 30
0.0
 11
124.6749213951997
 21
205.0161302121434
 31
0.0
  0
LINE
  5
225
330
1F
100
AcDbEntity
  8
SLD-0
  6
Continuous
 62
     7
370
    25
100
AcDbLine
 10
127.1729205945591
 20
205.0161302121435
 30
0.0
 11
130.9239209948794
 21
205.0161302121434
 31
0.0
  0
LINE
  5
226
330
1F
100
AcDbEntity
  8
SLD-0
  6
Continuous
 62
     7
370
    25
100
AcDbLine
 10
92.92392099487938
 20
205.0161302121434
 30
0.0
 11
89.17292059455905
 21
205.0161302121435
 31
0.0
  0
LINE
  5
227
330
1F
100
AcDbEntity
  8
SLD-0
  6
Continuous
 62
     7
370
    25
100
AcDbLine
 10
86.67492139519969
 20
205.0161302121434
 30
0.0
 11
82.92392099487935
 21
205.0161302121434
 31
0.0
  0
LINE
  5
228
330
1F
100
AcDbEntity
  8
SLD-0
  6
Continuous
 62
     7
370
    25
100
AcDbLine
 10
82.92392099487935
 20
185.0161302121435
 30
0.0
 11
86.44068129746022
 21
185.0161302121435
 31
0.0
  0
LINE
  5
229
330
1F
100
AcDbEntity
  8
SLD-0
  6
Continuous
 62
     7
370
    25
100
AcDbLine
 10
89.40716069229849
 20
185.0161302121435
 30
0.0
 11
92.92392099487935
 21
185.0161302121435
 31
0.0
  0
LINE
  5
22A
330
1F
100
AcDbEntity
  8
SLD-0
  6
Continuous
 62
     7
370
    25
100
AcDbLine
 10
82.92392099487935
 20
200.0161302121434
 30
0.0
 11
92.66117929508242
 21
200.0161302121434
 31
0.0
  0
LINE
  5
22B
330
1F
100
AcDbEntity
  8
SLD-0
  6
Continuous
 62
     7
370
    25
100
AcDbLine
 10
92.66117929508243
 20
190.0161302121434
 30
0.0
 11
82.92392099487935
 21
190.0161302121435
 31
0.0
  0
LINE
  5
22C
330
1F
100
AcDbEntity
  8
SLD-0
  6
Continuous
 62
     7
370
    25
100
AcDbLine
 10
94.92392099487937
 20
197.7533885123465
 30
0.0
 11
94.92392099487937
 21
192.2788719119404
 31
0.0
  0
LINE
  5
22D
330
1F
100
AcDbEntity
  8
SLD-0
  6
Continuous
 62
     7
370
    25
100
AcDbLine
 10
159.0321872713971
 20
206.1353694220923
 30
0.0
 11
159.0321872713971
 21
201.1353694220923
 31
0.0
  0
LINE
  5
22E
330
1F
100
AcDbEntity
  8
SLD-0
  6
Continuous
 62
     7
370
    25
100
AcDbLine
 10
195.0321872713971
 20
216.1353694220923
 30
0.0
 11
171.0321872713971
 21
216.1353694220923
 31
0.0
  0
LINE
  5
22F
330
1F
100
AcDbEntity
  8
SLD-0
  6
Continuous
 62
     7
370
    25
100
AcDbLine
 10
195.0321872713971
 20
216.1353694220923
 30
0.0
 11
195.0321872713971
 21
208.1353694220923
 31
0.0
  0
LINE
  5
230
330
1F
100
AcDbEntity
  8
SLD-0
  6
Continuous
 62
     7
370
    25
100
AcDbLine
 10
207.0321872713971
 20
206.1353694220923
 30
0.0
 11
207.0321872713971
 21
201.1353694220923
 31
0.0
  0
LINE
  5
231
330
1F
100
AcDbEntity
  8
SLD-0
  6
Continuous
 62
     7
370
    25
100
AcDbLine
 10
207.0321872713971
 20
201.1353694220923
 30
0.0
 11
197.2949289711941
 21
201.1353694220923
 31
0.0
  0
LINE
  5
232
330
1F
100
AcDbEntity
  8
SLD-0
  6
Continuous
 62
     7
370
    25
100
AcDbLine
 10
195.0321872713971
 20
198.8726277222953
 30
0.0
 11
195.0321872713971
 21
193.3981111218892
 31
0.0
  0
LINE
  5
233
330
1F
100
AcDbEntity
  8
SLD-0
  6
Continuous
 62
     7
370
    25
100
AcDbLine
 10
197.2949289711941
 20
191.1353694220923
 30
0.0
 11
207.0321872713971
 21
191.1353694220923
 31
0.0
  0
LINE
  5
234
330
1F
100
AcDbEntity
  8
SLD-0
  6
Continuous
 62
     7
370
    25
100
AcDbLine
 10
207.0321872713971
 20
191.1353694220923
 30
0.0
 11
207.0321872713971
 21
186.1353694220923
 31
0.0
  0
LINE
  5
235
330
1F
100
AcDbEntity
  8
SLD-0
  6
Continuous
 62
     7
370
    25
100
AcDbLine
 10
207.0321872713971
 20
186.1353694220923
 30
0.0
 11
203.5154269688162
 21
186.1353694220923
 31
0.0
  0
LINE
  5
236
330
1F
100
AcDbEntity
  8
SLD-0
  6
Continuous
 62
     7
370
    25
100
AcDbLine
 10
200.548947573978
 20
186.1353694220923
 30
0.0
 11
197.0321872713971
 21
186.1353694220923
 31
0.0
  0
LINE
  5
237
330
1F
100
AcDbEntity
  8
SLD-0
  6
Continuous
 62
     7
370
    25
100
AcDbLine
 10
195.0321872713971
 20
184.1353694220923
 30
0.0
 11
195.0321872713971
 21
175.8353694220923
 31
0.0
  0
LINE
  5
238
330
1F
100
AcDbEntity
  8
SLD-0
  6
Continuous
 62
     7
370
    25
100
AcDbLine
 10
173.0321872713971
 20
173.8353694220923
 30
0.0
 11
193.0321872713971
 21
173.8353694220923
 31
0.0
  0
LINE
  5
239
330
1F
100
AcDbEntity
  8
SLD-0
  6
Continuous
 62
     7
370
    25
100
AcDbLine
 10
171.0321872713971
 20
184.1353694220923
 30
0.0
 11
171.0321872713971
 21
175.8353694220923
 31
0.0
  0
LINE
  5
23A
330
1F
100
AcDbEntity
  8
SLD-0
  6
Continuous
 62
     7
370
    25
100
AcDbLine
 10
159.0321872713971
 20
191.1353694220923
 30
0.0
 11
159.0321872713971
 21
186.1353694220923
 31
0.0
  0
LINE
  5
23B
330
1F
100
AcDbEntity
  8
SLD-0
  6
Continuous
 62
     7
370
    25
100
AcDbLine
 10
171.0321872713971
 20
216.1353694220923
 30
0.0
 11
171.0321872713971
 21
208.1353694220923
 31
0.0
  0
LINE
  5
23C
330
1F
100
AcDbEntity
  8
SLD-0
  6
Continuous
 62
     7
370
    25
100
AcDbLine
 10
197.0321872713972
 20
206.1353694220923
 30
0.0
 11
200.7831876717174
 21
206.1353694220923
 31
0.0
  0
LINE
  5
23D
330
1F
100
AcDbEntity
  8
SLD-0
  6
Continuous
 62
     7
370
    25
100
AcDbLine
 10
203.2811868710768
 20
206.1353694220923
 30
0.0
 11
207.0321872713971
 21
206.1353694220923
 31
0.0
  0
LINE
  5
23E
330
1F
100
AcDbEntity
  8
SLD-0
  6
Continuous
 62
     7
370
    25
100
AcDbLine
 10
169.0321872713971
 20
206.1353694220923
 30
0.0
 11
165.2811868710768
 21
206.1353694220923
 31
0.0
  0
LINE
  5
23F
330
1F
100
AcDbEntity
  8
SLD-0
  6
Continuous
 62
     7
370
    25
100
AcDbLine
 10
162.7831876717174
 20
206.1353694220923
 30
0.0
 11
159.0321872713971
 21
206.1353694220923
 31
0.0
  0
LINE
  5
240
330
1F
100
AcDbEntity
  8
SLD-0
  6
Continuous
 62
     7
370
    25
100
AcDbLine
 10
159.0321872713971
 20
186.1353694220923
 30
0.0
 11
162.548947573978
 21
186.1353694220923
 31
0.0
  0
LINE
  5
241
330
1F
100
AcDbEntity
  8
SLD-0
  6
Continuous
 62
     7
370
    25
100
AcDbLine
 10
165.5154269688163
 20
186.1353694220923
 30
0.0
 11
169.0321872713971
 21
186.1353694220924
 31
0.0
  0
LINE
  5
242
330
1F
100
AcDbEntity
  8
SLD-0
  6
Continuous
 62
     7
370
    25
100
AcDbLine
 10
159.0321872713971
 20
201.1353694220923
 30
0.0
 11
168.7694455716002
 21
201.1353694220923
 31
0.0
  0
LINE
  5
243
330
1F
100
AcDbEntity
  8
SLD-0
  6
Continuous
 62
     7
370
    25
100
AcDbLine
 10
168.7694455716002
 20
191.1353694220923
 30
0.0
 11
159.0321872713971
 21
191.1353694220923
 31
0.0
  0
LINE
  5
244
330
1F
100
AcDbEntity
  8
SLD-0
  6
Continuous
 62
     7
370
    25
100
AcDbLine
 10
171.0321872713971
 20
198.8726277222954
 30
0.0
 11
171.0321872713971
 21
193.3981111218892
 31
0.0
  0
LINE
  5
245
330
1F
100
AcDbEntity
  8
SLD-0
  6
Continuous
 62
     7
370
    25
100
AcDbLine
 10
244.2484401163426
 20
208.555826155887
 30
0.0
 11
244.2484401163425
 21
188.581309555481
 31
0.0
  0
LINE
  5
246
330
1F
100
AcDbEntity
  8
SLD-0
  6
Continuous
 62
     7
370
    25
100
AcDbLine
 10
246.5111818161395
 20
186.318567855684
 30
0.0
 11
252.1856984165456
 21
186.318567855684
 31
0.0
  0
LINE
  5
247
330
1F
100
AcDbEntity
  8
SLD-0
  6
Continuous
 62
     7
370
    25
100
AcDbLine
 10
254.4484401163425
 20
188.581309555481
 30
0.0
 11
254.4484401163425
 21
208.5558261558871
 31
0.0
  0
LINE
  5
248
330
1F
100
AcDbEntity
  8
SLD-0
  6
Continuous
 62
     7
370
    25
100
AcDbLine
 10
252.1856984165456
 20
210.818567855684
 30
0.0
 11
246.5111818161395
 21
210.818567855684
 31
0.0
  0
LINE
  5
249
330
1F
100
AcDbEntity
  8
SLD-0
  6
Continuous
 62
     7
370
    25
100
AcDbLine
 10
236.2484401163425
 20
208.818567855684
 30
0.0
 11
236.2484401163425
 21
188.3185678556841
 31
0.0
  0
LINE
  5
24A
330
1F
100
AcDbEntity
  8
SLD-0
  6
Continuous
 62
     7
370
    25
100
AcDbLine
 10
252.4484401163425
 20
218.818567855684
 30
0.0
 11
246.2484401163425
 21
218.818567855684
 31
0.0
  0
LINE
  5
24B
330
1F
100
AcDbEntity
  8
SLD-0
  6
Continuous
 62
     7
370
    25
100
AcDbLine
 10
262.4484401163425
 20
188.3185678556841
 30
0.0
 11
262.4484401163425
 21
208.818567855684
 31
0.0
  0
LINE
  5
24C
330
1F
100
AcDbEntity
  8
SLD-0
  6
Continuous
 62
     7
370
    25
100
AcDbLine
 10
246.2484401163426
 20
178.318567855684
 30
0.0
 11
252.4484401163426
 21
178.318567855684
 31
0.0
  0
LINE
  5
24D
330
1F
100
AcDbEntity
  8
SLD-0
  6
Continuous
 62
     7
370
    25
100
AcDbLine
 10
291.675536810183
 20
209.2560154898447
 30
0.0
 11
291.675536810183
 21
189.2814988894386
 31
0.0
  0
LINE
  5
24E
330
1F
100
AcDbEntity
  8
SLD-0
  6
Continuous
 62
     7
370
    25
100
AcDbLine
 10
293.93827850998
 20
187.0187571896416
 30
0.0
 11
299.612795110386
 21
187.0187571896416
 31
0.0
  0
LINE
  5
24F
330
1F
100
AcDbEntity
  8
SLD-0
  6
Continuous
 62
     7
370
    25
100
AcDbLine
 10
301.875536810183
 20
189.2814988894387
 30
0.0
 11
301.875536810183
 21
209.2560154898447
 31
0.0
  0
LINE
  5
250
330
1F
100
AcDbEntity
  8
SLD-0
  6
Continuous
 62
     7
370
    25
100
AcDbLine
 10
299.612795110386
 20
211.5187571896417
 30
0.0
 11
293.9382785099799
 21
211.5187571896417
 31
0.0
  0
LINE
  5
251
330
1F
100
AcDbEntity
  8
SLD-0
  6
Continuous
 62
     7
370
    25
100
AcDbLine
 10
283.675536810183
 20
209.5187571896417
 30
0.0
 11
283.675536810183
 21
189.0187571896417
 31
0.0
  0
LINE
  5
252
330
1F
100
AcDbEntity
  8
SLD-0
  6
Continuous
 62
     7
370
    25
100
AcDbLine
 10
299.875536810183
 20
219.5187571896416
 30
0.0
 11
293.675536810183
 21
219.5187571896417
 31
0.0
  0
LINE
  5
253
330
1F
100
AcDbEntity
  8
SLD-0
  6
Continuous
 62
     7
370
    25
100
AcDbLine
 10
309.875536810183
 20
189.0187571896417
 30
0.0
 11
309.875536810183
 21
209.5187571896417
 31
0.0
  0
LINE
  5
254
330
1F
100
AcDbEntity
  8
SLD-0
  6
Continuous
 62
     7
370
    25
100
AcDbLine
 10
293.675536810183
 20
179.0187571896417
 30
0.0
 11
299.8755368101831
 21
179.0187571896416
 31
0.0
  0
LINE
  5
255
330
1F
100
AcDbEntity
  8
SLD-0
  6
Continuous
 62
     7
370
    25
100
AcDbLine
 10
338.4024441700658
 20
209.3276300098153
 30
0.0
 11
338.4024441700658
 21
189.3531134094092
 31
0.0
  0
LINE
  5
256
330
1F
100
AcDbEntity
  8
SLD-0
  6
Continuous
 62
     7
370
    25
100
AcDbLine
 10
340.6651858698629
 20
187.0903717096123
 30
0.0
 11
346.3397024702689
 21
187.0903717096122
 31
0.0
  0
LINE
  5
257
330
1F
100
AcDbEntity
  8
SLD-0
  6
Continuous
 62
     7
370
    25
100
AcDbLine
 10
348.6024441700659
 20
189.3531134094092
 30
0.0
 11
348.6024441700658
 21
209.3276300098153
 31
0.0
  0
LINE
  5
258
330
1F
100
AcDbEntity
  8
SLD-0
  6
Continuous
 62
     7
370
    25
100
AcDbLine
 10
346.3397024702689
 20
211.5903717096123
 30
0.0
 11
340.6651858698629
 21
211.5903717096123
 31
0.0
  0
LINE
  5
259
330
1F
100
AcDbEntity
  8
SLD-0
  6
Continuous
 62
     7
370
    25
100
AcDbLine
 10
330.4024441700658
 20
209.5903717096122
 30
0.0
 11
330.4024441700658
 21
189.0903717096123
 31
0.0
  0
LINE
  5
25A
330
1F
100
AcDbEntity
  8
SLD-0
  6
Continuous
 62
     7
370
    25
100
AcDbLine
 10
346.6024441700658
 20
219.5903717096122
 30
0.0
 11
340.4024441700658
 21
219.5903717096122
 31
0.0
  0
LINE
  5
25B
330
1F
100
AcDbEntity
  8
SLD-0
  6
Continuous
 62
     7
370
    25
100
AcDbLine
 10
356.6024441700659
 20
189.0903717096123
 30
0.0
 11
356.6024441700659
 21
209.5903717096122
 31
0.0
  0
LINE
  5
25C
330
1F
100
AcDbEntity
  8
SLD-0
  6
Continuous
 62
     7
370
    25
100
AcDbLine
 10
340.4024441700659
 20
179.0903717096122
 30
0.0
 11
346.602444170066
 21
179.0903717096122
 31
0.0
  0
LINE
  5
25D
330
1F
100
AcDbEntity
  8
SLD-0
  6
Continuous
 62
     7
370
    25
100
AcDbLine
 10
384.90918934812
 20
209.9562048238021
 30
0.0
 11
384.90918934812
 21
189.981688223396
 31
0.0
  0
LINE
  5
25E
330
1F
100
AcDbEntity
  8
SLD-0
  6
Continuous
 62
     7
370
    25
100
AcDbLine
 10
387.171931047917
 20
187.7189465235991
 30
0.0
 11
392.846447648323
 21
187.7189465235991
 31
0.0
  0
LINE
  5
25F
330
1F
100
AcDbEntity
  8
SLD-0
  6
Continuous
 62
     7
370
    25
100
AcDbLine
 10
395.1091893481201
 20
189.9816882233961
 30
0.0
 11
395.10918934812
 21
209.9562048238022
 31
0.0
  0
LINE
  5
260
330
1F
100
AcDbEntity
  8
SLD-0
  6
Continuous
 62
     7
370
    25
100
AcDbLine
 10
392.846447648323
 20
212.2189465235991
 30
0.0
 11
387.171931047917
 21
212.2189465235991
 31
0.0
  0
LINE
  5
261
330
1F
100
AcDbEntity
  8
SLD-0
  6
Continuous
 62
     7
370
    25
100
AcDbLine
 10
376.90918934812
 20
210.2189465235991
 30
0.0
 11
376.90918934812
 21
189.7189465235992
 31
0.0
  0
LINE
  5
262
330
1F
100
AcDbEntity
  8
SLD-0
  6
Continuous
 62
     7
370
    25
100
AcDbLine
 10
393.10918934812
 20
220.2189465235991
 30
0.0
 11
386.90918934812
 21
220.2189465235992
 31
0.0
  0
LINE
  5
263
330
1F
100
AcDbEntity
  8
SLD-0
  6
Continuous
 62
     7
370
    25
100
AcDbLine
 10
403.10918934812
 20
189.7189465235992
 30
0.0
 11
403.10918934812
 21
210.2189465235991
 31
0.0
  0
LINE
  5
264
330
1F
100
AcDbEntity
  8
SLD-0
  6
Continuous
 62
     7
370
    25
100
AcDbLine
 10
386.9091893481201
 20
179.7189465235991
 30
0.0
 11
393.1091893481201
 21
179.718946523599
 31
0.0
  0
CIRCLE
  5
265
330
1F
100
AcDbEntity
  8
SLD-0
  6
Continuous
 62
     7
370
    25
100
AcDbCircle
 10
65.83808520220221
 20
554.8979170247715
 30
0.0
 40
3.0
  0
CIRCLE
  5
266
330
1F
100
AcDbEntity
  8
SLD-0
  6
Continuous
 62
     7
370
    25
100
AcDbCircle
 10
195.8380852022022
 20
649.8979170247718
 30
0.0
 40
2.5
  0
CIRCLE
  5
267
330
1F
100
AcDbEntity
  8
SLD-0
  6
Continuous
 62
     7
370
    25
100
AcDbCircle
 10
330.3380852022042
 20
501.3979170247683
 30
0.0
 40
1.5
  0
CIRCLE
  5
268
330
1F
100
AcDbEntity
  8
SLD-0
  6
Continuous
 62
     7
370
    25
100
AcDbCircle
 10
388.3380852022022
 20
614.8979170247725
 30
0.0
 40
3.0
  0
CIRCLE
  5
269
330
1F
100
AcDbEntity
  8
SLD-0
  6
Continuous
 62
     7
370
    25
100
AcDbCircle
 10
123.3353905027852
 20
558.0547712742637
 30
0.0
 40
1.5
  0
CIRCLE
  5
26A
330
1F
100
AcDbEntity
  8
SLD-0
  6
Continuous
 62
     7
370
    25
100
AcDbCircle
 10
159.3978363432992
 20
571.489800116808
 30
0.0
 40
1.5
  0
CIRCLE
  5
26B
330
1F
100
AcDbEntity
  8
SLD-0
  6
Continuous
 62
     7
370
    25
100
AcDbCircle
 10
398.59204256009
 20
582.8035086157929
 30
0.0
 40
1.500000000000057
  0
ARC
  5
26C
330
1F
100
AcDbEntity
  8
SLD-0
  6
Continuous
 62
     7
370
    25
100
AcDbCircle
 10
312.2067143523035
 20
543.7665461748728
 30
0.0
 40
1.600000000000077
100
AcDbArc
 50
315.0000000000052
 51
134.9999999999943
  0
ARC
  5
26D
330
1F
100
AcDbEntity
  8
SLD-0
  6
Continuous
 62
     7
370
    25
100
AcDbCircle
 10
234.4694560521007
 20
543.7665461748715
 30
0.0
 40
1.600000000000057
100
AcDbArc
 50
45.00000000007989
 51
225.0000000000015
  0
ARC
  5
26E
330
1F
100
AcDbEntity
  8
SLD-0
  6
Continuous
 62
     7
370
    25
100
AcDbCircle
 10
234.469456052101
 20
536.0292878746683
 30
0.0
 40
1.600000000000017
100
AcDbArc
 50
135.0000000000151
 51
315.0000000000872
  0
ARC
  5
26F
330
1F
100
AcDbEntity
  8
SLD-0
  6
Continuous
 62
     7
370
    25
100
AcDbCircle
 10
312.2067143523035
 20
536.0292878746699
 30
0.0
 40
1.599999999999997
100
AcDbArc
 50
224.9999999999979
 51
44.99999999999712
  0
CIRCLE
  5
270
330
1F
100
AcDbEntity
  8
SLD-0
  6
Continuous
 62
     7
370
    25
100
AcDbCircle
 10
412.0270714026344
 20
546.7410627752789
 30
0.0
 40
1.500000000000057
  0
CIRCLE
  5
271
330
1F
100
AcDbEntity
  8
SLD-0
  6
Continuous
 62
     7
370
    25
100
AcDbCircle
 10
423.3407799016191
 20
558.0547712742638
 30
0.0
 40
1.499999999999943
  0
CIRCLE
  5
272
330
1F
100
AcDbEntity
  8
SLD-0
  6
Continuous
 62
     7
370
    25
100
AcDbCircle
 10
387.2783340611052
 20
571.489800116808
 30
0.0
 40
1.5
  0
CIRCLE
  5
273
330
1F
100
AcDbEntity
  8
SLD-0
  6
Continuous
 62
     7
370
    25
100
AcDbCircle
 10
134.6490990017699
 20
546.7410627752789
 30
0.0
 40
1.5
  0
CIRCLE
  5
274
330
1F
100
AcDbEntity
  8
SLD-0
  6
Continuous
 62
     7
370
    25
100
AcDbCircle
 10
148.0841278443144
 20
582.8035086157929
 30
0.0
 40
1.5
  0
CIRCLE
  5
275
330
1F
100
AcDbEntity
  8
SLD-0
  6
Continuous
 62
     7
370
    25
100
AcDbCircle
 10
216.3380852022017
 20
501.3979170247711
 30
0.0
 40
1.5
  0
ARC
  5
276
330
1F
100
AcDbEntity
  8
SLD-0
  6
Continuous
 62
     7
370
    25
100
AcDbCircle
 10
308.3380852022022
 20
592.3979170247713
 30
0.0
 40
20.00000000000023
100
AcDbArc
 50
270.0000000000016
 51
90.0
  0
ARC
  5
277
330
1F
100
AcDbEntity
  8
SLD-0
  6
Continuous
 62
     7
370
    25
100
AcDbCircle
 10
238.3380852022022
 20
592.3979170247713
 30
0.0
 40
20.00000000000023
100
AcDbArc
 50
90.0
 51
270.0000000000016
  0
CIRCLE
  5
278
330
1F
100
AcDbEntity
  8
SLD-0
  6
Continuous
 62
     7
370
    25
100
AcDbCircle
 10
350.8380852022022
 20
649.8979170247718
 30
0.0
 40
2.500000000000057
  0
CIRCLE
  5
279
330
1F
100
AcDbEntity
  8
SLD-0
  6
Continuous
 62
     7
370
    25
100
AcDbCircle
 10
481.3380852022023
 20
554.8979170247715
 30
0.0
 40
3.0
  0
ARC
  5
27A
330
1F
100
AcDbEntity
  8
SLD-0
  6
Continuous
 62
     7
370
    25
100
AcDbCircle
 10
458.3380852022022
 20
592.3979170247713
 30
0.0
 40
20.00000000000023
100
AcDbArc
 50
270.0000000000016
 51
90.0
  0
ARC
  5
27B
330
1F
100
AcDbEntity
  8
SLD-0
  6
Continuous
 62
     7
370
    25
100
AcDbCircle
 10
426.3380852022022
 20
592.3979170247713
 30
0.0
 40
20.00000000000023
100
AcDbArc
 50
90.0
 51
270.0000000000018
  0
ARC
  5
27C
330
1F
100
AcDbEntity
  8
SLD-0
  6
Continuous
 62
     7
370
    25
100
AcDbCircle
 10
88.33808520220218
 20
592.3979170247713
 30
0.0
 40
20.00000000000023
100
AcDbArc
 50
90.0
 51
270.0000000000016
  0
ARC
  5
27D
330
1F
100
AcDbEntity
  8
SLD-0
  6
Continuous
 62
     7
370
    25
100
AcDbCircle
 10
120.3380852022022
 20
592.3979170247713
 30
0.0
 40
20.00000000000023
100
AcDbArc
 50
270.0000000000008
 51
90.0
  0
CIRCLE
  5
27E
330
1F
100
AcDbEntity
  8
SLD-0
  6
Continuous
 62
     7
370
    25
100
AcDbCircle
 10
143.3380852022022
 20
619.8979170247724
 30
0.0
 40
3.0
  0
CIRCLE
  5
27F
330
1F
100
AcDbEntity
  8
SLD-0
  6
Continuous
 62
     7
370
    25
100
AcDbCircle
 10
116.3380852022021
 20
532.3979170247715
 30
0.0
 40
1.59999999999998
  0
CIRCLE
  5
280
330
1F
100
AcDbEntity
  8
SLD-0
  6
Continuous
 62
     7
370
    25
100
AcDbCircle
 10
430.3380852022023
 20
532.3979170247715
 30
0.0
 40
1.600000000000023
  0
ARC
  5
281
330
1F
100
AcDbEntity
  8
SLD-0
  6
Continuous
 62
     7
370
    25
100
AcDbCircle
 10
326.4694560521025
 20
471.5292878746723
 30
0.0
 40
1.600000000000077
100
AcDbArc
 50
135.0000000000029
 51
314.9999999999979
  0
ARC
  5
282
330
1F
100
AcDbEntity
  8
SLD-0
  6
Continuous
 62
     7
370
    25
100
AcDbCircle
 10
383.3380852022019
 20
482.3979170247714
 30
0.0
 40
39.99999999999807
100
AcDbArc
 50
197.4576031237206
 51
162.5423968762804
  0
ARC
  5
283
330
1F
100
AcDbEntity
  8
SLD-0
  6
Continuous
 62
     7
370
    25
100
AcDbCircle
 10
326.4694560521025
 20
493.2665461748706
 30
0.0
 40
1.600000000000077
100
AcDbArc
 50
45.00000000000145
 51
225.0000000000008
  0
CIRCLE
  5
284
330
1F
100
AcDbEntity
  8
SLD-0
  6
Continuous
 62
     7
370
    25
100
AcDbCircle
 10
65.83808520220221
 20
409.8979170247713
 30
0.0
 40
3.0
  0
CIRCLE
  5
285
330
1F
100
AcDbEntity
  8
SLD-0
  6
Continuous
 62
     7
370
    25
100
AcDbCircle
 10
195.8380852022022
 20
314.897917024771
 30
0.0
 40
2.5
  0
CIRCLE
  5
286
330
1F
100
AcDbEntity
  8
SLD-0
  6
Continuous
 62
     7
370
    25
100
AcDbCircle
 10
330.3380852022042
 20
463.3979170247744
 30
0.0
 40
1.5
  0
CIRCLE
  5
287
330
1F
100
AcDbEntity
  8
SLD-0
  6
Continuous
 62
     7
370
    25
100
AcDbCircle
 10
388.3380852022022
 20
349.8979170247704
 30
0.0
 40
3.0
  0
CIRCLE
  5
288
330
1F
100
AcDbEntity
  8
SLD-0
  6
Continuous
 62
     7
370
    25
100
AcDbCircle
 10
123.3353905027852
 20
406.7410627752791
 30
0.0
 40
1.5
  0
CIRCLE
  5
289
330
1F
100
AcDbEntity
  8
SLD-0
  6
Continuous
 62
     7
370
    25
100
AcDbCircle
 10
159.3978363432992
 20
393.3060339327347
 30
0.0
 40
1.5
  0
CIRCLE
  5
28A
330
1F
100
AcDbEntity
  8
SLD-0
  6
Continuous
 62
     7
370
    25
100
AcDbCircle
 10
398.59204256009
 20
381.9923254337498
 30
0.0
 40
1.500000000000057
  0
ARC
  5
28B
330
1F
100
AcDbEntity
  8
SLD-0
  6
Continuous
 62
     7
370
    25
100
AcDbCircle
 10
312.2067143523035
 20
428.7665461748729
 30
0.0
 40
1.600000000000077
100
AcDbArc
 50
315.0000000000008
 51
135.0
  0
ARC
  5
28C
330
1F
100
AcDbEntity
  8
SLD-0
  6
Continuous
 62
     7
370
    25
100
AcDbCircle
 10
234.469456052101
 20
428.7665461748744
 30
0.0
 40
1.599999999999997
100
AcDbArc
 50
44.9999999999194
 51
224.9999999999821
  0
ARC
  5
28D
330
1F
100
AcDbEntity
  8
SLD-0
  6
Continuous
 62
     7
370
    25
100
AcDbCircle
 10
234.4694560521007
 20
421.0292878746714
 30
0.0
 40
1.600000000000037
100
AcDbArc
 50
135.0000000000014
 51
314.9999999999209
  0
ARC
  5
28E
330
1F
100
AcDbEntity
  8
SLD-0
  6
Continuous
 62
     7
370
    25
100
AcDbCircle
 10
312.2067143523035
 20
421.0292878746699
 30
0.0
 40
1.599999999999997
100
AcDbArc
 50
225.0000000000022
 51
44.99999999999712
  0
CIRCLE
  5
28F
330
1F
100
AcDbEntity
  8
SLD-0
  6
Continuous
 62
     7
370
    25
100
AcDbCircle
 10
412.0270714026344
 20
418.0547712742638
 30
0.0
 40
1.500000000000057
  0
CIRCLE
  5
290
330
1F
100
AcDbEntity
  8
SLD-0
  6
Continuous
 62
     7
370
    25
100
AcDbCircle
 10
423.3407799016191
 20
406.741062775279
 30
0.0
 40
1.499999999999943
  0
CIRCLE
  5
291
330
1F
100
AcDbEntity
  8
SLD-0
  6
Continuous
 62
     7
370
    25
100
AcDbCircle
 10
387.2783340611052
 20
393.3060339327347
 30
0.0
 40
1.5
  0
CIRCLE
  5
292
330
1F
100
AcDbEntity
  8
SLD-0
  6
Continuous
 62
     7
370
    25
100
AcDbCircle
 10
134.6490990017699
 20
418.0547712742638
 30
0.0
 40
1.5
  0
CIRCLE
  5
293
330
1F
100
AcDbEntity
  8
SLD-0
  6
Continuous
 62
     7
370
    25
100
AcDbCircle
 10
148.0841278443144
 20
381.9923254337499
 30
0.0
 40
1.5
  0
CIRCLE
  5
294
330
1F
100
AcDbEntity
  8
SLD-0
  6
Continuous
 62
     7
370
    25
100
AcDbCircle
 10
216.3380852022017
 20
463.3979170247717
 30
0.0
 40
1.5
  0
ARC
  5
295
330
1F
100
AcDbEntity
  8
SLD-0
  6
Continuous
 62
     7
370
    25
100
AcDbCircle
 10
238.3380852022022
 20
372.3979170247715
 30
0.0
 40
20.00000000000006
100
AcDbArc
 50
90.0
 51
270.0000000000016
  0
ARC
  5
296
330
1F
100
AcDbEntity
  8
SLD-0
  6
Continuous
 62
     7
370
    25
100
AcDbCircle
 10
308.3380852022022
 20
372.3979170247715
 30
0.0
 40
20.00000000000006
100
AcDbArc
 50
270.0000000000008
 51
90.0
  0
CIRCLE
  5
297
330
1F
100
AcDbEntity
  8
SLD-0
  6
Continuous
 62
     7
370
    25
100
AcDbCircle
 10
350.8380852022022
 20
314.897917024771
 30
0.0
 40
2.500000000000057
  0
CIRCLE
  5
298
330
1F
100
AcDbEntity
  8
SLD-0
  6
Continuous
 62
     7
370
    25
100
AcDbCircle
 10
481.3380852022023
 20
409.8979170247713
 30
0.0
 40
3.0
  0
ARC
  5
299
330
1F
100
AcDbEntity
  8
SLD-0
  6
Continuous
 62
     7
370
    25
100
AcDbCircle
 10
426.3380852022022
 20
372.3979170247715
 30
0.0
 40
20.00000000000006
100
AcDbArc
 50
90.0
 51
270.0000000000018
  0
ARC
  5
29A
330
1F
100
AcDbEntity
  8
SLD-0
  6
Continuous
 62
     7
370
    25
100
AcDbCircle
 10
458.3380852022022
 20
372.3979170247715
 30
0.0
 40
20.00000000000006
100
AcDbArc
 50
270.0000000000008
 51
90.0
  0
ARC
  5
29B
330
1F
100
AcDbEntity
  8
SLD-0
  6
Continuous
 62
     7
370
    25
100
AcDbCircle
 10
120.3380852022022
 20
372.3979170247715
 30
0.0
 40
20.00000000000006
100
AcDbArc
 50
270.0000000000016
 51
90.0
  0
ARC
  5
29C
330
1F
100
AcDbEntity
  8
SLD-0
  6
Continuous
 62
     7
370
    25
100
AcDbCircle
 10
88.33808520220218
 20
372.3979170247715
 30
0.0
 40
20.00000000000006
100
AcDbArc
 50
90.0
 51
270.0000000000016
  0
CIRCLE
  5
29D
330
1F
100
AcDbEntity
  8
SLD-0
  6
Continuous
 62
     7
370
    25
100
AcDbCircle
 10
143.3380852022022
 20
344.8979170247704
 30
0.0
 40
3.0
  0
CIRCLE
  5
29E
330
1F
100
AcDbEntity
  8
SLD-0
  6
Continuous
 62
     7
370
    25
100
AcDbCircle
 10
116.3380852022021
 20
432.3979170247713
 30
0.0
 40
1.59999999999998
  0
CIRCLE
  5
29F
330
1F
100
AcDbEntity
  8
SLD-0
  6
Continuous
 62
     7
370
    25
100
AcDbCircle
 10
430.3380852022023
 20
432.3979170247713
 30
0.0
 40
1.600000000000023
  0
ARC
  5
2A0
330
1F
100
AcDbEntity
  8
SLD-0
  6
Continuous
 62
     7
370
    25
100
AcDbCircle
 10
263.3380852022022
 20
492.3979170247713
 30
0.0
 40
20.0
100
AcDbArc
 50
89.99999999999952
 51
180.0000000000018
  0
ARC
  5
2A1
330
1F
100
AcDbEntity
  8
SLD-0
  6
Continuous
 62
     7
370
    25
100
AcDbCircle
 10
263.3380852022022
 20
472.3979170247714
 30
0.0
 40
20.0
100
AcDbArc
 50
179.9999999999995
 51
270.0000000000021
  0
ARC
  5
2A2
330
1F
100
AcDbEntity
  8
SLD-0
  6
Continuous
 62
     7
370
    25
100
AcDbCircle
 10
283.3380852022022
 20
472.3979170247714
 30
0.0
 40
20.0
100
AcDbArc
 50
270.0000000000003
 51
0.0000000000004885
  0
ARC
  5
2A3
330
1F
100
AcDbEntity
  8
SLD-0
  6
Continuous
 62
     7
370
    25
100
AcDbCircle
 10
283.3380852022022
 20
492.3979170247713
 30
0.0
 40
20.0
100
AcDbArc
 50
0.0000000000005089
 51
90.0000000000005
  0
ARC
  5
2A4
330
1F
100
AcDbEntity
  8
SLD-0
  6
Continuous
 62
     7
370
    25
100
AcDbCircle
 10
163.3380852022022
 20
482.3979170247713
 30
0.0
 40
39.99999999999999
100
AcDbArc
 50
17.45760312372201
 51
342.5423968762796
  0
ARC
  5
2A5
330
1F
100
AcDbEntity
  8
SLD-0
  6
Continuous
 62
     7
370
    25
100
AcDbCircle
 10
220.2067143523041
 20
471.52928787467
 30
0.0
 40
1.600000000000077
100
AcDbArc
 50
225.0000000000037
 51
44.99999999999137
  0
ARC
  5
2A6
330
1F
100
AcDbEntity
  8
SLD-0
  6
Continuous
 62
     7
370
    25
100
AcDbCircle
 10
220.2067143523041
 20
493.2665461748729
 30
0.0
 40
1.600000000000037
100
AcDbArc
 50
315.0000000000052
 51
135.0000000000014
  0
CIRCLE
  5
2A7
330
1F
100
AcDbEntity
  8
SLD-0
  6
Continuous
 62
     7
370
    25
100
AcDbCircle
 10
235.3380852022022
 20
482.3979170247714
 30
0.0
 40
2.5
  0
ARC
  5
2A8
330
1F
100
AcDbEntity
  8
SLD-0
  6
Continuous
 62
     7
370
    25
100
AcDbCircle
 10
108.3380852022022
 20
584.8979170247719
 30
0.0
 40
60.0
100
AcDbArc
 50
89.99999999999994
 51
180.0
  0
ARC
  5
2A9
330
1F
100
AcDbEntity
  8
SLD-0
  6
Continuous
 62
     7
370
    25
100
AcDbCircle
 10
109.4694560521004
 20
636.0292878746702
 30
0.0
 40
1.600000000000178
100
AcDbArc
 50
134.9999999999917
 51
315.0000000000044
  0
ARC
  5
2AA
330
1F
100
AcDbEntity
  8
SLD-0
  6
Continuous
 62
     7
370
    25
100
AcDbCircle
 10
137.2067143523039
 20
636.0292878746702
 30
0.0
 40
1.600000000000178
100
AcDbArc
 50
225.0000000000202
 51
45.0000000000072
  0
ARC
  5
2AB
330
1F
100
AcDbEntity
  8
SLD-0
  6
Continuous
 62
     7
370
    25
100
AcDbCircle
 10
147.3380852022022
 20
648.3979170247713
 30
0.0
 40
9.0
100
AcDbArc
 50
90.0
 51
180.0
  0
ARC
  5
2AC
330
1F
100
AcDbEntity
  8
SLD-0
  6
Continuous
 62
     7
370
    25
100
AcDbCircle
 10
244.3380852022022
 20
648.3979170247713
 30
0.0
 40
9.000000000000028
100
AcDbArc
 50
0.0
 51
90.0
  0
ARC
  5
2AD
330
1F
100
AcDbEntity
  8
SLD-0
  6
Continuous
 62
     7
370
    25
100
AcDbCircle
 10
254.4694560521007
 20
636.0292878746704
 30
0.0
 40
1.600000000000138
100
AcDbArc
 50
135.0000000000036
 51
314.9999999999972
  0
ARC
  5
2AE
330
1F
100
AcDbEntity
  8
SLD-0
  6
Continuous
 62
     7
370
    25
100
AcDbCircle
 10
292.2067143523037
 20
636.0292878746704
 30
0.0
 40
1.600000000000117
100
AcDbArc
 50
225.0000000000051
 51
44.99999999999568
  0
ARC
  5
2AF
330
1F
100
AcDbEntity
  8
SLD-0
  6
Continuous
 62
     7
370
    25
100
AcDbCircle
 10
302.3380852022022
 20
648.3979170247713
 30
0.0
 40
9.0
100
AcDbArc
 50
89.99999999999964
 51
180.0
  0
ARC
  5
2B0
330
1F
100
AcDbEntity
  8
SLD-0
  6
Continuous
 62
     7
370
    25
100
AcDbCircle
 10
399.3380852022022
 20
648.3979170247713
 30
0.0
 40
9.0
100
AcDbArc
 50
0.0
 51
90.0
  0
ARC
  5
2B1
330
1F
100
AcDbEntity
  8
SLD-0
  6
Continuous
 62
     7
370
    25
100
AcDbCircle
 10
409.4694560521007
 20
636.0292878746704
 30
0.0
 40
1.600000000000117
100
AcDbArc
 50
135.0000000000057
 51
314.9999999999735
  0
ARC
  5
2B2
330
1F
100
AcDbEntity
  8
SLD-0
  6
Continuous
 62
     7
370
    25
100
AcDbCircle
 10
437.2067143523037
 20
636.0292878746704
 30
0.0
 40
1.600000000000158
100
AcDbArc
 50
225.0000000000094
 51
44.99999999999712
  0
ARC
  5
2B3
330
1F
100
AcDbEntity
  8
SLD-0
  6
Continuous
 62
     7
370
    25
100
AcDbCircle
 10
438.3380852022022
 20
584.8979170247719
 30
0.0
 40
60.00000000000006
100
AcDbArc
 50
0.0
 51
90.0
  0
ARC
  5
2B4
330
1F
100
AcDbEntity
  8
SLD-0
  6
Continuous
 62
     7
370
    25
100
AcDbCircle
 10
439.4694560521007
 20
528.2665461748729
 30
0.0
 40
1.599999999999997
100
AcDbArc
 50
44.99999999999856
 51
225.0000000000037
  0
ARC
  5
2B5
330
1F
100
AcDbEntity
  8
SLD-0
  6
Continuous
 62
     7
370
    25
100
AcDbCircle
 10
439.4694560521007
 20
436.5292878746699
 30
0.0
 40
1.599999999999997
100
AcDbArc
 50
134.9999999999971
 51
315.0000000000008
  0
ARC
  5
2B6
330
1F
100
AcDbEntity
  8
SLD-0
  6
Continuous
 62
     7
370
    25
100
AcDbCircle
 10
438.3380852022022
 20
379.8979170247709
 30
0.0
 40
60.00000000000006
100
AcDbArc
 50
270.0000000000017
 51
0.0
  0
ARC
  5
2B7
330
1F
100
AcDbEntity
  8
SLD-0
  6
Continuous
 62
     7
370
    25
100
AcDbCircle
 10
437.2067143523037
 20
328.7665461748725
 30
0.0
 40
1.599999999999997
100
AcDbArc
 50
315.0000000000022
 51
134.9999999999971
  0
ARC
  5
2B8
330
1F
100
AcDbEntity
  8
SLD-0
  6
Continuous
 62
     7
370
    25
100
AcDbCircle
 10
409.4694560521007
 20
328.7665461748725
 30
0.0
 40
1.600000000000037
100
AcDbArc
 50
45.00000000002447
 51
224.9999999999965
  0
ARC
  5
2B9
330
1F
100
AcDbEntity
  8
SLD-0
  6
Continuous
 62
     7
370
    25
100
AcDbCircle
 10
292.2067143523037
 20
328.7665461748725
 30
0.0
 40
1.600000000000037
100
AcDbArc
 50
315.0000000000037
 51
134.9999999999986
  0
ARC
  5
2BA
330
1F
100
AcDbEntity
  8
SLD-0
  6
Continuous
 62
     7
370
    25
100
AcDbCircle
 10
254.4694560521007
 20
328.7665461748725
 30
0.0
 40
1.600000000000017
100
AcDbArc
 50
45.00000000000216
 51
225.0000000000001
  0
ARC
  5
2BB
330
1F
100
AcDbEntity
  8
SLD-0
  6
Continuous
 62
     7
370
    25
100
AcDbCircle
 10
147.3380852022022
 20
316.3979170247715
 30
0.0
 40
9.000000000000057
100
AcDbArc
 50
180.0
 51
270.0000000000008
  0
ARC
  5
2BC
330
1F
100
AcDbEntity
  8
SLD-0
  6
Continuous
 62
     7
370
    25
100
AcDbCircle
 10
137.2067143523039
 20
328.7665461748728
 30
0.0
 40
1.599999999999997
100
AcDbArc
 50
314.9999999999893
 51
134.9999999999878
  0
ARC
  5
2BD
330
1F
100
AcDbEntity
  8
SLD-0
  6
Continuous
 62
     7
370
    25
100
AcDbCircle
 10
109.4694560521004
 20
328.7665461748728
 30
0.0
 40
1.599999999999997
100
AcDbArc
 50
44.99999999998957
 51
225.0000000000152
  0
ARC
  5
2BE
330
1F
100
AcDbEntity
  8
SLD-0
  6
Continuous
 62
     7
370
    25
100
AcDbCircle
 10
108.3380852022022
 20
379.8979170247709
 30
0.0
 40
60.0
100
AcDbArc
 50
180.0
 51
270.0000000000009
  0
ARC
  5
2BF
330
1F
100
AcDbEntity
  8
SLD-0
  6
Continuous
 62
     7
370
    25
100
AcDbCircle
 10
107.2067143523037
 20
436.5292878746699
 30
0.0
 40
1.600000000000047
100
AcDbArc
 50
225.0000000000004
 51
45.00000000000108
  0
ARC
  5
2C0
330
1F
100
AcDbEntity
  8
SLD-0
  6
Continuous
 62
     7
370
    25
100
AcDbCircle
 10
107.2067143523037
 20
528.2665461748728
 30
0.0
 40
1.600000000000047
100
AcDbArc
 50
314.9999999999998
 51
134.9999999999989
  0
ARC
  5
2C1
330
1F
100
AcDbEntity
  8
SLD-0
  6
Continuous
 62
     7
370
    25
100
AcDbCircle
 10
399.3380852022022
 20
316.3979170247715
 30
0.0
 40
9.000000000000057
100
AcDbArc
 50
270.0000000000008
 51
0.0
  0
ARC
  5
2C2
330
1F
100
AcDbEntity
  8
SLD-0
  6
Continuous
 62
     7
370
    25
100
AcDbCircle
 10
244.3380852022022
 20
316.3979170247715
 30
0.0
 40
9.000000000000114
100
AcDbArc
 50
270.0000000000008
 51
0.0
  0
ARC
  5
2C3
330
1F
100
AcDbEntity
  8
SLD-0
  6
Continuous
 62
     7
370
    25
100
AcDbCircle
 10
302.3380852022022
 20
316.3979170247715
 30
0.0
 40
9.000000000000114
100
AcDbArc
 50
180.0
 51
270.0000000000011
  0
CIRCLE
  5
2C4
330
1F
100
AcDbEntity
  8
SLD-0
  6
Continuous
 62
     7
370
    25
100
AcDbCircle
 10
1063.606041272595
 20
374.0341035212226
 30
0.0
 40
3.0
  0
CIRCLE
  5
2C5
330
1F
100
AcDbEntity
  8
SLD-0
  6
Continuous
 62
     7
370
    25
100
AcDbCircle
 10
1093.606041272595
 20
374.0341035212226
 30
0.0
 40
2.999999999999773
  0
CIRCLE
  5
2C6
330
1F
100
AcDbEntity
  8
SLD-0
  6
Continuous
 62
     7
370
    25
100
AcDbCircle
 10
1123.606041272595
 20
374.0341035212226
 30
0.0
 40
2.999999999999773
  0
CIRCLE
  5
2C7
330
1F
100
AcDbEntity
  8
SLD-0
  6
Continuous
 62
     7
370
    25
100
AcDbCircle
 10
1263.606041272595
 20
374.0341035212226
 30
0.0
 40
3.0
  0
CIRCLE
  5
2C8
330
1F
100
AcDbEntity
  8
SLD-0
  6
Continuous
 62
     7
370
    25
100
AcDbCircle
 10
1193.606041272595
 20
385.3665942534853
 30
0.0
 40
2.999999999999773
  0
CIRCLE
  5
2C9
330
1F
100
AcDbEntity
  8
SLD-0
  6
Continuous
 62
     7
370
    25
100
AcDbCircle
 10
1293.606041272595
 20
374.0341035212226
 30
0.0
 40
3.0
  0
ARC
  5
2CA
330
1F
100
AcDbEntity
  8
SLD-0
  6
Continuous
 62
     7
370
    25
100
AcDbCircle
 10
1068.606041272594
 20
589.0341035212225
 30
0.0
 40
10.0
100
AcDbArc
 50
180.0
 51
270.0000000000034
  0
ARC
  5
2CB
330
1F
100
AcDbEntity
  8
SLD-0
  6
Continuous
 62
     7
370
    25
100
AcDbCircle
 10
1318.606041272595
 20
589.0341035212225
 30
0.0
 40
10.0
100
AcDbArc
 50
270.0000000000008
 51
0.0000000000006514
  0
ARC
  5
2CC
330
1F
100
AcDbEntity
  8
SLD-0
  6
Continuous
 62
     7
370
    25
100
AcDbCircle
 10
1298.606041272595
 20
594.0341035212224
 30
0.0
 40
30.00000000000017
100
AcDbArc
 50
0.0000000000002171
 51
52.23586559460976
  0
ARC
  5
2CD
330
1F
100
AcDbEntity
  8
SLD-0
  6
Continuous
 62
     7
370
    25
100
AcDbCircle
 10
1294.447064336675
 20
624.4009843888748
 30
0.0
 40
5.000000000000271
100
AcDbArc
 50
223.7192594793928
 51
302.3338827020832
  0
ARC
  5
2CE
330
1F
100
AcDbEntity
  8
SLD-0
  6
Continuous
 62
     7
370
    25
100
AcDbCircle
 10
1283.606041272595
 20
614.0341035212226
 30
0.0
 40
10.00000000000018
100
AcDbArc
 50
43.71925947939333
 51
131.8103148957783
  0
ARC
  5
2CF
330
1F
100
AcDbEntity
  8
SLD-0
  6
Continuous
 62
     7
370
    25
100
AcDbCircle
 10
1273.606041272595
 20
625.2144434087214
 30
0.0
 40
5.000000000000037
100
AcDbArc
 50
228.1896851042203
 51
311.8103148957792
  0
ARC
  5
2D0
330
1F
100
AcDbEntity
  8
SLD-0
  6
Continuous
 62
     7
370
    25
100
AcDbCircle
 10
1263.606041272595
 20
614.0341035212226
 30
0.0
 40
10.00000000000001
100
AcDbArc
 50
48.18968510422183
 51
131.8103148957791
  0
ARC
  5
2D1
330
1F
100
AcDbEntity
  8
SLD-0
  6
Continuous
 62
     7
370
    25
100
AcDbCircle
 10
1253.606041272595
 20
625.2144434087214
 30
0.0
 40
5.000000000000037
100
AcDbArc
 50
228.1896851042203
 51
311.8103148957794
  0
ARC
  5
2D2
330
1F
100
AcDbEntity
  8
SLD-0
  6
Continuous
 62
     7
370
    25
100
AcDbCircle
 10
1243.606041272595
 20
614.0341035212226
 30
0.0
 40
10.00000000000001
100
AcDbArc
 50
48.18968510422183
 51
131.8103148957791
  0
ARC
  5
2D3
330
1F
100
AcDbEntity
  8
SLD-0
  6
Continuous
 62
     7
370
    25
100
AcDbCircle
 10
1233.606041272595
 20
625.2144434087214
 30
0.0
 40
5.000000000000037
100
AcDbArc
 50
228.1896851042203
 51
311.8103148957794
  0
ARC
  5
2D4
330
1F
100
AcDbEntity
  8
SLD-0
  6
Continuous
 62
     7
370
    25
100
AcDbCircle
 10
1223.606041272595
 20
614.0341035212226
 30
0.0
 40
9.999999999999854
100
AcDbArc
 50
48.18968510422183
 51
131.8103148957782
  0
ARC
  5
2D5
330
1F
100
AcDbEntity
  8
SLD-0
  6
Continuous
 62
     7
370
    25
100
AcDbCircle
 10
1213.606041272595
 20
625.2144434087214
 30
0.0
 40
5.000000000000037
100
AcDbArc
 50
228.1896851042203
 51
311.8103148957814
  0
ARC
  5
2D6
330
1F
100
AcDbEntity
  8
SLD-0
  6
Continuous
 62
     7
370
    25
100
AcDbCircle
 10
1203.606041272595
 20
614.0341035212226
 30
0.0
 40
10.00000000000016
100
AcDbArc
 50
48.18968510422183
 51
131.8103148957801
  0
ARC
  5
2D7
330
1F
100
AcDbEntity
  8
SLD-0
  6
Continuous
 62
     7
370
    25
100
AcDbCircle
 10
1193.606041272595
 20
625.2144434087214
 30
0.0
 40
5.000000000000122
100
AcDbArc
 50
228.1896851042212
 51
311.8103148957775
  0
ARC
  5
2D8
330
1F
100
AcDbEntity
  8
SLD-0
  6
Continuous
 62
     7
370
    25
100
AcDbCircle
 10
1183.606041272595
 20
614.0341035212226
 30
0.0
 40
9.99999999999999
100
AcDbArc
 50
48.18968510422139
 51
131.810314895781
  0
ARC
  5
2D9
330
1F
100
AcDbEntity
  8
SLD-0
  6
Continuous
 62
     7
370
    25
100
AcDbCircle
 10
1173.606041272595
 20
625.2144434087212
 30
0.0
 40
5.000000000000037
100
AcDbArc
 50
228.1896851042203
 51
311.8103148957775
  0
ARC
  5
2DA
330
1F
100
AcDbEntity
  8
SLD-0
  6
Continuous
 62
     7
370
    25
100
AcDbCircle
 10
1163.606041272595
 20
614.0341035212224
 30
0.0
 40
10.00000000000007
100
AcDbArc
 50
48.18968510422183
 51
131.8103148957806
  0
ARC
  5
2DB
330
1F
100
AcDbEntity
  8
SLD-0
  6
Continuous
 62
     7
370
    25
100
AcDbCircle
 10
1153.606041272595
 20
625.2144434087211
 30
0.0
 40
5.000000000000273
100
AcDbArc
 50
228.1896851042192
 51
311.8103148957755
  0
ARC
  5
2DC
330
1F
100
AcDbEntity
  8
SLD-0
  6
Continuous
 62
     7
370
    25
100
AcDbCircle
 10
1143.606041272595
 20
614.0341035212223
 30
0.0
 40
10.00000000000007
100
AcDbArc
 50
48.18968510422236
 51
131.8103148957806
  0
ARC
  5
2DD
330
1F
100
AcDbEntity
  8
SLD-0
  6
Continuous
 62
     7
370
    25
100
AcDbCircle
 10
1133.606041272595
 20
625.214443408721
 30
0.0
 40
5.000000000000206
100
AcDbArc
 50
228.189685104222
 51
311.8103148957794
  0
ARC
  5
2DE
330
1F
100
AcDbEntity
  8
SLD-0
  6
Continuous
 62
     7
370
    25
100
AcDbCircle
 10
1123.606041272595
 20
614.034103521222
 30
0.0
 40
10.00000000000009
100
AcDbArc
 50
48.18968510422042
 51
131.8103148957787
  0
ARC
  5
2DF
330
1F
100
AcDbEntity
  8
SLD-0
  6
Continuous
 62
     7
370
    25
100
AcDbCircle
 10
1113.606041272595
 20
625.2144434087207
 30
0.0
 40
4.99999999999997
100
AcDbArc
 50
228.1896851042231
 51
311.8103148957811
  0
ARC
  5
2E0
330
1F
100
AcDbEntity
  8
SLD-0
  6
Continuous
 62
     7
370
    25
100
AcDbCircle
 10
1103.606041272595
 20
614.0341035212218
 30
0.0
 40
10.00000000000012
100
AcDbArc
 50
48.18968510422085
 51
136.280740520603
  0
ARC
  5
2E1
330
1F
100
AcDbEntity
  8
SLD-0
  6
Continuous
 62
     7
370
    25
100
AcDbCircle
 10
1092.765018208516
 20
624.4009843888745
 30
0.0
 40
5.000000000000083
100
AcDbArc
 50
237.6661172979118
 51
316.2807405206034
  0
ARC
  5
2E2
330
1F
100
AcDbEntity
  8
SLD-0
  6
Continuous
 62
     7
370
    25
100
AcDbCircle
 10
1088.606041272594
 20
594.0341035212225
 30
0.0
 40
30.00000000000008
100
AcDbArc
 50
127.7641344053904
 51
180.0
  0
CIRCLE
  5
2E3
330
1F
100
AcDbEntity
  8
SLD-0
  6
Continuous
 62
     7
370
    25
100
AcDbCircle
 10
1323.606041272595
 20
374.0341035212226
 30
0.0
 40
3.000000000000455
  0
ARC
  5
2E4
330
1F
100
AcDbEntity
  8
SLD-0
  6
Continuous
 62
     7
370
    25
100
AcDbCircle
 10
1078.606041272594
 20
449.0341035212225
 30
0.0
 40
20.0
100
AcDbArc
 50
180.0
 51
270.0000000000015
  0
ARC
  5
2E5
330
1F
100
AcDbEntity
  8
SLD-0
  6
Continuous
 62
     7
370
    25
100
AcDbCircle
 10
1153.606041272594
 20
449.0341035212225
 30
0.0
 40
20.0
100
AcDbArc
 50
270.0000000000008
 51
0.0
  0
ARC
  5
2E6
330
1F
100
AcDbEntity
  8
SLD-0
  6
Continuous
 62
     7
370
    25
100
AcDbCircle
 10
1153.606041272594
 20
519.0341035212225
 30
0.0
 40
20.0
100
AcDbArc
 50
0.0
 51
90.0
  0
ARC
  5
2E7
330
1F
100
AcDbEntity
  8
SLD-0
  6
Continuous
 62
     7
370
    25
100
AcDbCircle
 10
1078.606041272594
 20
519.0341035212225
 30
0.0
 40
20.0
100
AcDbArc
 50
90.0
 51
180.0
  0
ARC
  5
2E8
330
1F
100
AcDbEntity
  8
SLD-0
  6
Continuous
 62
     7
370
    25
100
AcDbCircle
 10
1214.737412122494
 20
412.902732671324
 30
0.0
 40
1.600000000000158
100
AcDbArc
 50
45.0
 51
225.0000000000037
  0
ARC
  5
2E9
330
1F
100
AcDbEntity
  8
SLD-0
  6
Continuous
 62
     7
370
    25
100
AcDbCircle
 10
1214.737412122494
 20
405.165474371121
 30
0.0
 40
1.599999999999997
100
AcDbArc
 50
134.9999999999943
 51
315.0000000000037
  0
ARC
  5
2EA
330
1F
100
AcDbEntity
  8
SLD-0
  6
Continuous
 62
     7
370
    25
100
AcDbCircle
 10
1327.474670422697
 20
405.165474371121
 30
0.0
 40
1.600000000000238
100
AcDbArc
 50
224.9999999999835
 51
45.00000000000432
  0
ARC
  5
2EB
330
1F
100
AcDbEntity
  8
SLD-0
  6
Continuous
 62
     7
370
    25
100
AcDbCircle
 10
1327.474670422697
 20
412.902732671324
 30
0.0
 40
1.600000000000439
100
AcDbArc
 50
314.9999999999994
 51
135.0000000000101
  0
ARC
  5
2EC
330
1F
100
AcDbEntity
  8
SLD-0
  6
Continuous
 62
     7
370
    25
100
AcDbCircle
 10
1059.737412122493
 20
562.9027326713241
 30
0.0
 40
1.599999999999997
100
AcDbArc
 50
44.99999999999712
 51
224.9999999999951
  0
ARC
  5
2ED
330
1F
100
AcDbEntity
  8
SLD-0
  6
Continuous
 62
     7
370
    25
100
AcDbCircle
 10
1059.737412122493
 20
555.1654743711209
 30
0.0
 40
1.600000000000238
100
AcDbArc
 50
134.9999999999943
 51
315.0000000000065
  0
ARC
  5
2EE
330
1F
100
AcDbEntity
  8
SLD-0
  6
Continuous
 62
     7
370
    25
100
AcDbCircle
 10
1172.474670422696
 20
555.165474371121
 30
0.0
 40
1.600000000000399
100
AcDbArc
 50
224.9999999999893
 51
45.0000000000144
  0
ARC
  5
2EF
330
1F
100
AcDbEntity
  8
SLD-0
  6
Continuous
 62
     7
370
    25
100
AcDbCircle
 10
1172.474670422696
 20
562.9027326713241
 30
0.0
 40
1.600000000000318
100
AcDbArc
 50
314.9999999999951
 51
135.0000000000144
  0
ARC
  5
2F0
330
1F
100
AcDbEntity
  8
SLD-0
  6
Continuous
 62
     7
370
    25
100
AcDbCircle
 10
1085.393606687715
 20
400.8216689363434
 30
0.0
 40
56.78756541512098
100
AcDbArc
 50
180.0
 51
270.0000000000008
  0
ARC
  5
2F1
330
1F
100
AcDbEntity
  8
SLD-0
  6
Continuous
 62
     7
370
    25
100
AcDbCircle
 10
1088.606041272594
 20
594.0341035212225
 30
0.0
 40
60.00000000000023
100
AcDbArc
 50
90.0
 51
180.0
  0
ARC
  5
2F2
330
1F
100
AcDbEntity
  8
SLD-0
  6
Continuous
 62
     7
370
    25
100
AcDbCircle
 10
1298.606041272595
 20
594.0341035212224
 30
0.0
 40
60.00000000000045
100
AcDbArc
 50
0.0000000000001086
 51
89.99999999999979
  0
ARC
  5
2F3
330
1F
100
AcDbEntity
  8
SLD-0
  6
Continuous
 62
     7
370
    25
100
AcDbCircle
 10
1301.818475857474
 20
400.8216689363434
 30
0.0
 40
56.78756541512098
100
AcDbArc
 50
270.0000000000015
 51
0.0000000000000574
  0
ARC
  5
2F4
330
1F
100
AcDbEntity
  8
SLD-0
  6
Continuous
 62
     7
370
    25
100
AcDbCircle
 10
1263.606041272595
 20
364.0341035212226
 30
0.0
 40
20.0
100
AcDbArc
 50
208.3593500281597
 51
270.0000000000008
  0
ARC
  5
2F5
330
1F
100
AcDbEntity
  8
SLD-0
  6
Continuous
 62
     7
370
    25
100
AcDbCircle
 10
1228.406609458999
 20
345.0341035212226
 30
0.0
 40
20.0000000000003
100
AcDbArc
 50
28.35935002815591
 51
90.0
  0
ARC
  5
2F6
330
1F
100
AcDbEntity
  8
SLD-0
  6
Continuous
 62
     7
370
    25
100
AcDbCircle
 10
1158.805473086191
 20
345.0341035212226
 30
0.0
 40
20.00000000000009
100
AcDbArc
 50
90.0
 51
151.6406499718425
  0
ARC
  5
2F7
330
1F
100
AcDbEntity
  8
SLD-0
  6
Continuous
 62
     7
370
    25
100
AcDbCircle
 10
1123.606041272595
 20
364.0341035212226
 30
0.0
 40
20.00000000000004
100
AcDbArc
 50
270.0000000000008
 51
331.6406499718436
  0
ARC
  5
2F8
330
1F
100
AcDbEntity
  8
SLD-0
  6
Continuous
 62
     7
370
    25
100
AcDbCircle
 10
1059.737412122493
 20
412.902732671324
 30
0.0
 40
1.600000000000077
100
AcDbArc
 50
45.0
 51
224.9999999999994
  0
ARC
  5
2F9
330
1F
100
AcDbEntity
  8
SLD-0
  6
Continuous
 62
     7
370
    25
100
AcDbCircle
 10
1059.737412122493
 20
405.165474371121
 30
0.0
 40
1.600000000000077
100
AcDbArc
 50
135.0
 51
315.0000000000022
  0
ARC
  5
2FA
330
1F
100
AcDbEntity
  8
SLD-0
  6
Continuous
 62
     7
370
    25
100
AcDbCircle
 10
1172.474670422696
 20
405.165474371121
 30
0.0
 40
1.600000000000318
100
AcDbArc
 50
224.9999999999864
 51
45.00000000000864
  0
ARC
  5
2FB
330
1F
100
AcDbEntity
  8
SLD-0
  6
Continuous
 62
     7
370
    25
100
AcDbCircle
 10
1172.474670422696
 20
412.902732671324
 30
0.0
 40
1.600000000000399
100
AcDbArc
 50
314.9999999999922
 51
135.0000000000115
  0
ARC
  5
2FC
330
1F
100
AcDbEntity
  8
SLD-0
  6
Continuous
 62
     7
370
    25
100
AcDbCircle
 10
1327.474670422697
 20
555.1654743711209
 30
0.0
 40
1.600000000000238
100
AcDbArc
 50
224.9999999999835
 51
45.00000000001727
  0
ARC
  5
2FD
330
1F
100
AcDbEntity
  8
SLD-0
  6
Continuous
 62
     7
370
    25
100
AcDbCircle
 10
1327.474670422697
 20
562.9027326713241
 30
0.0
 40
1.600000000000399
100
AcDbArc
 50
314.9999999999951
 51
135.0000000000115
  0
ARC
  5
2FE
330
1F
100
AcDbEntity
  8
SLD-0
  6
Continuous
 62
     7
370
    25
100
AcDbCircle
 10
1214.737412122494
 20
562.9027326713241
 30
0.0
 40
1.599999999999997
100
AcDbArc
 50
44.99999999999712
 51
224.9999999999951
  0
ARC
  5
2FF
330
1F
100
AcDbEntity
  8
SLD-0
  6
Continuous
 62
     7
370
    25
100
AcDbCircle
 10
1214.737412122494
 20
555.165474371121
 30
0.0
 40
1.600000000000158
100
AcDbArc
 50
134.9999999999971
 51
314.9999999999979
  0
ARC
  5
300
330
1F
100
AcDbEntity
  8
SLD-0
  6
Continuous
 62
     7
370
    25
100
AcDbCircle
 10
1308.606041272595
 20
449.0341035212226
 30
0.0
 40
20.0
100
AcDbArc
 50
270.0000000000008
 51
0.0
  0
ARC
  5
301
330
1F
100
AcDbEntity
  8
SLD-0
  6
Continuous
 62
     7
370
    25
100
AcDbCircle
 10
1308.606041272595
 20
519.0341035212226
 30
0.0
 40
20.0
100
AcDbArc
 50
0.0
 51
90.0
  0
ARC
  5
302
330
1F
100
AcDbEntity
  8
SLD-0
  6
Continuous
 62
     7
370
    25
100
AcDbCircle
 10
1233.606041272595
 20
519.0341035212226
 30
0.0
 40
20.0
100
AcDbArc
 50
90.0
 51
180.0
  0
ARC
  5
303
330
1F
100
AcDbEntity
  8
SLD-0
  6
Continuous
 62
     7
370
    25
100
AcDbCircle
 10
1233.606041272595
 20
449.0341035212226
 30
0.0
 40
20.0
100
AcDbArc
 50
180.0
 51
270.0000000000015
  0
CIRCLE
  5
304
330
1F
100
AcDbEntity
  8
SLD-0
  6
Continuous
 62
     7
370
    25
100
AcDbCircle
 10
1063.606041272595
 20
53.58887636015908
 30
0.0
 40
3.0
  0
CIRCLE
  5
305
330
1F
100
AcDbEntity
  8
SLD-0
  6
Continuous
 62
     7
370
    25
100
AcDbCircle
 10
1093.606041272595
 20
53.58887636015908
 30
0.0
 40
2.999999999999773
  0
CIRCLE
  5
306
330
1F
100
AcDbEntity
  8
SLD-0
  6
Continuous
 62
     7
370
    25
100
AcDbCircle
 10
1123.606041272595
 20
53.58887636015908
 30
0.0
 40
2.999999999999773
  0
CIRCLE
  5
307
330
1F
100
AcDbEntity
  8
SLD-0
  6
Continuous
 62
     7
370
    25
100
AcDbCircle
 10
1263.606041272595
 20
53.58887636015908
 30
0.0
 40
3.0
  0
CIRCLE
  5
308
330
1F
100
AcDbEntity
  8
SLD-0
  6
Continuous
 62
     7
370
    25
100
AcDbCircle
 10
1193.606041272595
 20
64.92136709242178
 30
0.0
 40
2.999999999999773
  0
CIRCLE
  5
309
330
1F
100
AcDbEntity
  8
SLD-0
  6
Continuous
 62
     7
370
    25
100
AcDbCircle
 10
1293.606041272595
 20
53.58887636015908
 30
0.0
 40
3.0
  0
ARC
  5
30A
330
1F
100
AcDbEntity
  8
SLD-0
  6
Continuous
 62
     7
370
    25
100
AcDbCircle
 10
1068.606041272594
 20
268.588876360159
 30
0.0
 40
10.0
100
AcDbArc
 50
179.9999999999997
 51
270.0000000000034
  0
ARC
  5
30B
330
1F
100
AcDbEntity
  8
SLD-0
  6
Continuous
 62
     7
370
    25
100
AcDbCircle
 10
1318.606041272595
 20
268.588876360159
 30
0.0
 40
10.0
100
AcDbArc
 50
270.0000000000008
 51
0.0000000000006514
  0
ARC
  5
30C
330
1F
100
AcDbEntity
  8
SLD-0
  6
Continuous
 62
     7
370
    25
100
AcDbCircle
 10
1298.606041272595
 20
273.5888763601591
 30
0.0
 40
30.00000000000004
100
AcDbArc
 50
0.0000000000001086
 51
52.23586559460956
  0
ARC
  5
30D
330
1F
100
AcDbEntity
  8
SLD-0
  6
Continuous
 62
     7
370
    25
100
AcDbCircle
 10
1294.447064336675
 20
303.9557572278113
 30
0.0
 40
5.00000000000031
100
AcDbArc
 50
223.7192594793933
 51
302.3338827020829
  0
ARC
  5
30E
330
1F
100
AcDbEntity
  8
SLD-0
  6
Continuous
 62
     7
370
    25
100
AcDbCircle
 10
1283.606041272595
 20
293.5888763601591
 30
0.0
 40
10.00000000000022
100
AcDbArc
 50
43.71925947939333
 51
131.8103148957781
  0
ARC
  5
30F
330
1F
100
AcDbEntity
  8
SLD-0
  6
Continuous
 62
     7
370
    25
100
AcDbCircle
 10
1273.606041272595
 20
304.7692162476579
 30
0.0
 40
5.000000000000079
100
AcDbArc
 50
228.1896851042207
 51
311.8103148957792
  0
ARC
  5
310
330
1F
100
AcDbEntity
  8
SLD-0
  6
Continuous
 62
     7
370
    25
100
AcDbCircle
 10
1263.606041272595
 20
293.5888763601591
 30
0.0
 40
10.00000000000005
100
AcDbArc
 50
48.18968510422183
 51
131.8103148957789
  0
ARC
  5
311
330
1F
100
AcDbEntity
  8
SLD-0
  6
Continuous
 62
     7
370
    25
100
AcDbCircle
 10
1253.606041272595
 20
304.7692162476579
 30
0.0
 40
5.000000000000079
100
AcDbArc
 50
228.1896851042207
 51
311.8103148957794
  0
ARC
  5
312
330
1F
100
AcDbEntity
  8
SLD-0
  6
Continuous
 62
     7
370
    25
100
AcDbCircle
 10
1243.606041272595
 20
293.5888763601591
 30
0.0
 40
10.00000000000005
100
AcDbArc
 50
48.18968510422183
 51
131.8103148957789
  0
ARC
  5
313
330
1F
100
AcDbEntity
  8
SLD-0
  6
Continuous
 62
     7
370
    25
100
AcDbCircle
 10
1233.606041272595
 20
304.7692162476579
 30
0.0
 40
5.000000000000079
100
AcDbArc
 50
228.1896851042207
 51
311.8103148957794
  0
ARC
  5
314
330
1F
100
AcDbEntity
  8
SLD-0
  6
Continuous
 62
     7
370
    25
100
AcDbCircle
 10
1223.606041272595
 20
293.5888763601591
 30
0.0
 40
9.999999999999897
100
AcDbArc
 50
48.18968510422183
 51
131.810314895778
  0
ARC
  5
315
330
1F
100
AcDbEntity
  8
SLD-0
  6
Continuous
 62
     7
370
    25
100
AcDbCircle
 10
1213.606041272595
 20
304.7692162476579
 30
0.0
 40
5.000000000000079
100
AcDbArc
 50
228.1896851042207
 51
311.8103148957814
  0
ARC
  5
316
330
1F
100
AcDbEntity
  8
SLD-0
  6
Continuous
 62
     7
370
    25
100
AcDbCircle
 10
1203.606041272595
 20
293.5888763601591
 30
0.0
 40
10.00000000000016
100
AcDbArc
 50
48.18968510422183
 51
131.8103148957801
  0
ARC
  5
317
330
1F
100
AcDbEntity
  8
SLD-0
  6
Continuous
 62
     7
370
    25
100
AcDbCircle
 10
1193.606041272595
 20
304.7692162476579
 30
0.0
 40
5.000000000000163
100
AcDbArc
 50
228.1896851042216
 51
311.810314895777
  0
ARC
  5
318
330
1F
100
AcDbEntity
  8
SLD-0
  6
Continuous
 62
     7
370
    25
100
AcDbCircle
 10
1183.606041272595
 20
293.5888763601589
 30
0.0
 40
10.00000000000016
100
AcDbArc
 50
48.18968510422204
 51
131.8103148957801
  0
ARC
  5
319
330
1F
100
AcDbEntity
  8
SLD-0
  6
Continuous
 62
     7
370
    25
100
AcDbCircle
 10
1173.606041272595
 20
304.7692162476577
 30
0.0
 40
5.000000000000122
100
AcDbArc
 50
228.1896851042212
 51
311.8103148957775
  0
ARC
  5
31A
330
1F
100
AcDbEntity
  8
SLD-0
  6
Continuous
 62
     7
370
    25
100
AcDbCircle
 10
1163.606041272595
 20
293.5888763601587
 30
0.0
 40
10.0000000000002
100
AcDbArc
 50
48.18968510422204
 51
131.8103148957799
  0
ARC
  5
31B
330
1F
100
AcDbEntity
  8
SLD-0
  6
Continuous
 62
     7
370
    25
100
AcDbCircle
 10
1153.606041272595
 20
304.7692162476577
 30
0.0
 40
5.0000000000004
100
AcDbArc
 50
228.1896851042205
 51
311.8103148957746
  0
ARC
  5
31C
330
1F
100
AcDbEntity
  8
SLD-0
  6
Continuous
 62
     7
370
    25
100
AcDbCircle
 10
1143.606041272595
 20
293.5888763601586
 30
0.0
 40
10.00000000000016
100
AcDbArc
 50
48.18968510422279
 51
131.8103148957801
  0
ARC
  5
31D
330
1F
100
AcDbEntity
  8
SLD-0
  6
Continuous
 62
     7
370
    25
100
AcDbCircle
 10
1133.606041272595
 20
304.7692162476576
 30
0.0
 40
5.000000000000291
100
AcDbArc
 50
228.1896851042229
 51
311.8103148957781
  0
ARC
  5
31E
330
1F
100
AcDbEntity
  8
SLD-0
  6
Continuous
 62
     7
370
    25
100
AcDbCircle
 10
1123.606041272595
 20
293.5888763601585
 30
0.0
 40
10.00000000000009
100
AcDbArc
 50
48.18968510422064
 51
131.8103148957787
  0
ARC
  5
31F
330
1F
100
AcDbEntity
  8
SLD-0
  6
Continuous
 62
     7
370
    25
100
AcDbCircle
 10
1113.606041272595
 20
304.7692162476574
 30
0.0
 40
5.000000000000097
100
AcDbArc
 50
228.1896851042244
 51
311.8103148957798
  0
ARC
  5
320
330
1F
100
AcDbEntity
  8
SLD-0
  6
Continuous
 62
     7
370
    25
100
AcDbCircle
 10
1103.606041272595
 20
293.5888763601583
 30
0.0
 40
10.00000000000016
100
AcDbArc
 50
48.18968510422064
 51
136.2807405206028
  0
ARC
  5
321
330
1F
100
AcDbEntity
  8
SLD-0
  6
Continuous
 62
     7
370
    25
100
AcDbCircle
 10
1092.765018208516
 20
303.955757227811
 30
0.0
 40
5.000000000000083
100
AcDbArc
 50
237.6661172979118
 51
316.2807405206038
  0
ARC
  5
322
330
1F
100
AcDbEntity
  8
SLD-0
  6
Continuous
 62
     7
370
    25
100
AcDbCircle
 10
1088.606041272594
 20
273.5888763601591
 30
0.0
 40
30.0
100
AcDbArc
 50
127.7641344053905
 51
180.0
  0
CIRCLE
  5
323
330
1F
100
AcDbEntity
  8
SLD-0
  6
Continuous
 62
     7
370
    25
100
AcDbCircle
 10
1323.606041272595
 20
53.58887636015908
 30
0.0
 40
3.000000000000455
  0
ARC
  5
324
330
1F
100
AcDbEntity
  8
SLD-0
  6
Continuous
 62
     7
370
    25
100
AcDbCircle
 10
1078.606041272594
 20
128.588876360159
 30
0.0
 40
20.0
100
AcDbArc
 50
180.0
 51
270.0000000000015
  0
ARC
  5
325
330
1F
100
AcDbEntity
  8
SLD-0
  6
Continuous
 62
     7
370
    25
100
AcDbCircle
 10
1153.606041272594
 20
128.588876360159
 30
0.0
 40
20.0
100
AcDbArc
 50
270.0000000000008
 51
0.0
  0
ARC
  5
326
330
1F
100
AcDbEntity
  8
SLD-0
  6
Continuous
 62
     7
370
    25
100
AcDbCircle
 10
1153.606041272594
 20
198.588876360159
 30
0.0
 40
20.0
100
AcDbArc
 50
0.0
 51
90.0
  0
ARC
  5
327
330
1F
100
AcDbEntity
  8
SLD-0
  6
Continuous
 62
     7
370
    25
100
AcDbCircle
 10
1078.606041272594
 20
198.588876360159
 30
0.0
 40
20.0
100
AcDbArc
 50
90.0
 51
180.0
  0
ARC
  5
328
330
1F
100
AcDbEntity
  8
SLD-0
  6
Continuous
 62
     7
370
    25
100
AcDbCircle
 10
1214.737412122494
 20
92.45750551026056
 30
0.0
 40
1.600000000000067
100
AcDbArc
 50
44.99999999999964
 51
225.0000000000091
  0
ARC
  5
329
330
1F
100
AcDbEntity
  8
SLD-0
  6
Continuous
 62
     7
370
    25
100
AcDbCircle
 10
1214.737412122494
 20
84.72024721005751
 30
0.0
 40
1.600000000000017
100
AcDbArc
 50
134.999999999995
 51
315.000000000003
  0
ARC
  5
32A
330
1F
100
AcDbEntity
  8
SLD-0
  6
Continuous
 62
     7
370
    25
100
AcDbCircle
 10
1327.474670422697
 20
84.72024721005751
 30
0.0
 40
1.600000000000328
100
AcDbArc
 50
224.9999999999868
 51
45.00000000000036
  0
ARC
  5
32B
330
1F
100
AcDbEntity
  8
SLD-0
  6
Continuous
 62
     7
370
    25
100
AcDbCircle
 10
1327.474670422697
 20
92.45750551026057
 30
0.0
 40
1.600000000000399
100
AcDbArc
 50
314.9999999999983
 51
135.0000000000115
  0
ARC
  5
32C
330
1F
100
AcDbEntity
  8
SLD-0
  6
Continuous
 62
     7
370
    25
100
AcDbCircle
 10
1059.737412122493
 20
242.4575055102606
 30
0.0
 40
1.600000000000057
100
AcDbArc
 50
44.99999999999856
 51
225.0000000000001
  0
ARC
  5
32D
330
1F
100
AcDbEntity
  8
SLD-0
  6
Continuous
 62
     7
370
    25
100
AcDbCircle
 10
1059.737412122493
 20
234.7202472100575
 30
0.0
 40
1.600000000000017
100
AcDbArc
 50
135.0000000000022
 51
315.000000000003
  0
ARC
  5
32E
330
1F
100
AcDbEntity
  8
SLD-0
  6
Continuous
 62
     7
370
    25
100
AcDbCircle
 10
1172.474670422696
 20
234.7202472100575
 30
0.0
 40
1.600000000000358
100
AcDbArc
 50
224.9999999999878
 51
45.00000000001008
  0
ARC
  5
32F
330
1F
100
AcDbEntity
  8
SLD-0
  6
Continuous
 62
     7
370
    25
100
AcDbCircle
 10
1172.474670422696
 20
242.4575055102606
 30
0.0
 40
1.600000000000318
100
AcDbArc
 50
314.99999999999
 51
135.0000000000144
  0
ARC
  5
330
330
1F
100
AcDbEntity
  8
SLD-0
  6
Continuous
 62
     7
370
    25
100
AcDbCircle
 10
1085.393606687715
 20
80.3764417752799
 30
0.0
 40
56.78756541512098
100
AcDbArc
 50
180.0
 51
270.0000000000008
  0
ARC
  5
331
330
1F
100
AcDbEntity
  8
SLD-0
  6
Continuous
 62
     7
370
    25
100
AcDbCircle
 10
1088.606041272594
 20
273.5888763601591
 30
0.0
 40
60.00000000000023
100
AcDbArc
 50
90.0
 51
180.0000000000009
  0
ARC
  5
332
330
1F
100
AcDbEntity
  8
SLD-0
  6
Continuous
 62
     7
370
    25
100
AcDbCircle
 10
1298.606041272595
 20
273.5888763601591
 30
0.0
 40
60.00000000000023
100
AcDbArc
 50
0.0000000000000543
 51
89.99999999999979
  0
ARC
  5
333
330
1F
100
AcDbEntity
  8
SLD-0
  6
Continuous
 62
     7
370
    25
100
AcDbCircle
 10
1301.818475857474
 20
80.37644177527993
 30
0.0
 40
56.78756541512098
100
AcDbArc
 50
270.0000000000015
 51
0.0000000000000574
  0
ARC
  5
334
330
1F
100
AcDbEntity
  8
SLD-0
  6
Continuous
 62
     7
370
    25
100
AcDbCircle
 10
1263.606041272595
 20
43.58887636015907
 30
0.0
 40
19.99999999999999
100
AcDbArc
 50
208.3593500281596
 51
270.0000000000008
  0
ARC
  5
335
330
1F
100
AcDbEntity
  8
SLD-0
  6
Continuous
 62
     7
370
    25
100
AcDbCircle
 10
1228.406609458999
 20
24.58887636015905
 30
0.0
 40
20.00000000000032
100
AcDbArc
 50
28.35935002815604
 51
90.0
  0
ARC
  5
336
330
1F
100
AcDbEntity
  8
SLD-0
  6
Continuous
 62
     7
370
    25
100
AcDbCircle
 10
1158.805473086191
 20
24.58887636015905
 30
0.0
 40
19.99999999999999
100
AcDbArc
 50
90.0
 51
151.6406499718422
  0
ARC
  5
337
330
1F
100
AcDbEntity
  8
SLD-0
  6
Continuous
 62
     7
370
    25
100
AcDbCircle
 10
1123.606041272595
 20
43.58887636015907
 30
0.0
 40
20.00000000000023
100
AcDbArc
 50
270.0000000000008
 51
331.6406499718439
  0
ARC
  5
338
330
1F
100
AcDbEntity
  8
SLD-0
  6
Continuous
 62
     7
370
    25
100
AcDbCircle
 10
1059.737412122493
 20
92.45750551026057
 30
0.0
 40
1.600000000000057
100
AcDbArc
 50
44.99999999999928
 51
224.9999999999997
  0
ARC
  5
339
330
1F
100
AcDbEntity
  8
SLD-0
  6
Continuous
 62
     7
370
    25
100
AcDbCircle
 10
1059.737412122493
 20
84.72024721005751
 30
0.0
 40
1.600000000000047
100
AcDbArc
 50
135.0000000000011
 51
315.000000000003
  0
ARC
  5
33A
330
1F
100
AcDbEntity
  8
SLD-0
  6
Continuous
 62
     7
370
    25
100
AcDbCircle
 10
1172.474670422696
 20
84.72024721005751
 30
0.0
 40
1.600000000000348
100
AcDbArc
 50
224.9999999999875
 51
45.00000000000972
  0
ARC
  5
33B
330
1F
100
AcDbEntity
  8
SLD-0
  6
Continuous
 62
     7
370
    25
100
AcDbCircle
 10
1172.474670422696
 20
92.45750551026056
 30
0.0
 40
1.600000000000389
100
AcDbArc
 50
314.9999999999915
 51
135.0000000000119
  0
ARC
  5
33C
330
1F
100
AcDbEntity
  8
SLD-0
  6
Continuous
 62
     7
370
    25
100
AcDbCircle
 10
1327.474670422697
 20
234.7202472100575
 30
0.0
 40
1.600000000000358
100
AcDbArc
 50
224.9999999999878
 51
45.00000000000935
  0
ARC
  5
33D
330
1F
100
AcDbEntity
  8
SLD-0
  6
Continuous
 62
     7
370
    25
100
AcDbCircle
 10
1327.474670422697
 20
242.4575055102606
 30
0.0
 40
1.600000000000379
100
AcDbArc
 50
314.9999999999907
 51
135.0000000000122
  0
ARC
  5
33E
330
1F
100
AcDbEntity
  8
SLD-0
  6
Continuous
 62
     7
370
    25
100
AcDbCircle
 10
1214.737412122494
 20
242.4575055102606
 30
0.0
 40
1.600000000000077
100
AcDbArc
 50
44.99999999999712
 51
225.0000000000008
  0
ARC
  5
33F
330
1F
100
AcDbEntity
  8
SLD-0
  6
Continuous
 62
     7
370
    25
100
AcDbCircle
 10
1214.737412122494
 20
234.7202472100575
 30
0.0
 40
1.600000000000117
100
AcDbArc
 50
135.0000000000007
 51
314.9999999999994
  0
ARC
  5
340
330
1F
100
AcDbEntity
  8
SLD-0
  6
Continuous
 62
     7
370
    25
100
AcDbCircle
 10
1308.606041272595
 20
128.5888763601591
 30
0.0
 40
20.0
100
AcDbArc
 50
270.0000000000008
 51
0.0
  0
ARC
  5
341
330
1F
100
AcDbEntity
  8
SLD-0
  6
Continuous
 62
     7
370
    25
100
AcDbCircle
 10
1308.606041272595
 20
198.5888763601591
 30
0.0
 40
19.99999999999994
100
AcDbArc
 50
0.0
 51
90.0
  0
ARC
  5
342
330
1F
100
AcDbEntity
  8
SLD-0
  6
Continuous
 62
     7
370
    25
100
AcDbCircle
 10
1233.606041272595
 20
198.588876360159
 30
0.0
 40
20.0
100
AcDbArc
 50
90.0
 51
180.0
  0
ARC
  5
343
330
1F
100
AcDbEntity
  8
SLD-0
  6
Continuous
 62
     7
370
    25
100
AcDbCircle
 10
1233.606041272595
 20
128.588876360159
 30
0.0
 40
19.99999999999996
100
AcDbArc
 50
180.0
 51
270.0000000000015
  0
ARC
  5
344
330
1F
100
AcDbEntity
  8
SLD-0
  6
Continuous
 62
     7
370
    25
100
AcDbCircle
 10
646.9344480354662
 20
249.6738738652499
 30
0.0
 40
2.500000000000114
100
AcDbArc
 50
0.0
 51
90.0
  0
ARC
  5
345
330
1F
100
AcDbEntity
  8
SLD-0
  6
Continuous
 62
     7
370
    25
100
AcDbCircle
 10
621.9344480354662
 20
249.6738738652499
 30
0.0
 40
2.5
100
AcDbArc
 50
89.99999999999739
 51
180.0000000000021
  0
ARC
  5
346
330
1F
100
AcDbEntity
  8
SLD-0
  6
Continuous
 62
     7
370
    25
100
AcDbCircle
 10
621.9344480354662
 20
247.4700634879638
 30
0.0
 40
2.500000000000142
100
AcDbArc
 50
180.0
 51
258.9982081338536
  0
ARC
  5
347
330
1F
100
AcDbEntity
  8
SLD-0
  6
Continuous
 62
     7
370
    25
100
AcDbCircle
 10
609.4344480354667
 20
183.1738738652487
 30
0.0
 40
63.00000000000088
100
AcDbArc
 50
55.07392338615605
 51
78.99820813385107
  0
ARC
  5
348
330
1F
100
AcDbEntity
  8
SLD-0
  6
Continuous
 62
     7
370
    25
100
AcDbCircle
 10
646.9344480354662
 20
236.8767601936401
 30
0.0
 40
2.500000000000114
100
AcDbArc
 50
235.0739233861553
 51
0.0
  0
ARC
  5
349
330
1F
100
AcDbEntity
  8
SLD-0
  6
Continuous
 62
     7
370
    25
100
AcDbCircle
 10
571.9344480354662
 20
249.6738738652499
 30
0.0
 40
2.5
100
AcDbArc
 50
90.0
 51
180.0000000000021
  0
ARC
  5
34A
330
1F
100
AcDbEntity
  8
SLD-0
  6
Continuous
 62
     7
370
    25
100
AcDbCircle
 10
571.9344480354662
 20
236.8767601936401
 30
0.0
 40
2.5
100
AcDbArc
 50
180.0
 51
304.9260766138466
  0
ARC
  5
34B
330
1F
100
AcDbEntity
  8
SLD-0
  6
Continuous
 62
     7
370
    25
100
AcDbCircle
 10
609.4344480354667
 20
183.1738738652487
 30
0.0
 40
63.00000000000132
100
AcDbArc
 50
101.0017918661498
 51
124.9260766138448
  0
ARC
  5
34C
330
1F
100
AcDbEntity
  8
SLD-0
  6
Continuous
 62
     7
370
    25
100
AcDbCircle
 10
596.9344480354663
 20
247.4700634879638
 30
0.0
 40
2.5
100
AcDbArc
 50
281.0017918661491
 51
0.0
  0
ARC
  5
34D
330
1F
100
AcDbEntity
  8
SLD-0
  6
Continuous
 62
     7
370
    25
100
AcDbCircle
 10
596.9344480354663
 20
249.6738738652499
 30
0.0
 40
2.499999999999972
100
AcDbArc
 50
0.0000000000001527
 51
90.00000000000261
  0
CIRCLE
  5
34E
330
1F
100
AcDbEntity
  8
SLD-0
  6
Continuous
 62
     7
370
    25
100
AcDbCircle
 10
686.4007245142551
 20
189.1738738652499
 30
0.0
 40
2.499999999999886
  0
CIRCLE
  5
34F
330
1F
100
AcDbEntity
  8
SLD-0
  6
Continuous
 62
     7
370
    25
100
AcDbCircle
 10
631.4344480354662
 20
275.1738738652498
 30
0.0
 40
2.5
  0
CIRCLE
  5
350
330
1F
100
AcDbEntity
  8
SLD-0
  6
Continuous
 62
     7
370
    25
100
AcDbCircle
 10
587.4344480354662
 20
275.1738738652498
 30
0.0
 40
2.5
  0
CIRCLE
  5
351
330
1F
100
AcDbEntity
  8
SLD-0
  6
Continuous
 62
     7
370
    25
100
AcDbCircle
 10
532.4681715566772
 20
189.1738738652498
 30
0.0
 40
2.499999999999886
  0
ARC
  5
352
330
1F
100
AcDbEntity
  8
SLD-0
  6
Continuous
 62
     7
370
    25
100
AcDbCircle
 10
609.4344480354667
 20
183.1738738652487
 30
0.0
 40
63.00000000000107
100
AcDbArc
 50
147.4980857281339
 51
161.4905950184627
  0
ARC
  5
353
330
1F
100
AcDbEntity
  8
SLD-0
  6
Continuous
 62
     7
370
    25
100
AcDbCircle
 10
539.4344480354663
 20
227.7720801072054
 30
0.0
 40
20.0
100
AcDbArc
 50
327.4980857281352
 51
0.0000000000000814
  0
ARC
  5
354
330
1F
100
AcDbEntity
  8
SLD-0
  6
Continuous
 62
     7
370
    25
100
AcDbCircle
 10
568.3030771855678
 20
261.3052447151483
 30
0.0
 40
1.600000000000037
100
AcDbArc
 50
224.9999999999994
 51
45.00000000000432
  0
ARC
  5
355
330
1F
100
AcDbEntity
  8
SLD-0
  6
Continuous
 62
     7
370
    25
100
AcDbCircle
 10
579.4344480354662
 20
272.1738738652498
 30
0.0
 40
10.0
100
AcDbArc
 50
90.0
 51
180.0
  0
ARC
  5
356
330
1F
100
AcDbEntity
  8
SLD-0
  6
Continuous
 62
     7
370
    25
100
AcDbCircle
 10
639.4344480354662
 20
272.1738738652498
 30
0.0
 40
10.00000000000011
100
AcDbArc
 50
0.0
 51
90.0
  0
ARC
  5
357
330
1F
100
AcDbEntity
  8
SLD-0
  6
Continuous
 62
     7
370
    25
100
AcDbCircle
 10
650.5658188853647
 20
261.3052447151483
 30
0.0
 40
1.600000000000077
100
AcDbArc
 50
134.9999999999986
 51
315.0000000000008
  0
ARC
  5
358
330
1F
100
AcDbEntity
  8
SLD-0
  6
Continuous
 62
     7
370
    25
100
AcDbCircle
 10
679.4344480354662
 20
227.7720801072054
 30
0.0
 40
19.99999999999989
100
AcDbArc
 50
180.0
 51
212.5019142718673
  0
ARC
  5
359
330
1F
100
AcDbEntity
  8
SLD-0
  6
Continuous
 62
     7
370
    25
100
AcDbCircle
 10
609.4344480354667
 20
183.1738738652487
 30
0.0
 40
63.00000000000028
100
AcDbArc
 50
18.50940498153754
 51
32.50191427186636
  0
ARC
  5
35A
330
1F
100
AcDbEntity
  8
SLD-0
  6
Continuous
 62
     7
370
    25
100
AcDbCircle
 10
672.5320953641539
 20
196.3052447151483
 30
0.0
 40
1.600000000000097
100
AcDbArc
 50
135.000000000005
 51
314.9999999999994
  0
ARC
  5
35B
330
1F
100
AcDbEntity
  8
SLD-0
  6
Continuous
 62
     7
370
    25
100
AcDbCircle
 10
688.4007245142551
 20
190.1738738652499
 30
0.0
 40
5.000000000000114
100
AcDbArc
 50
0.0
 51
90.0
  0
ARC
  5
35C
330
1F
100
AcDbEntity
  8
SLD-0
  6
Continuous
 62
     7
370
    25
100
AcDbCircle
 10
609.4344480354667
 20
183.1738738652487
 30
0.0
 40
53.0000000000006
100
AcDbArc
 50
0.0540526302012639
 51
179.9459473697987
  0
ARC
  5
35D
330
1F
100
AcDbEntity
  8
SLD-0
  6
Continuous
 62
     7
370
    25
100
AcDbCircle
 10
530.4681715566772
 20
190.1738738652498
 30
0.0
 40
5.0
100
AcDbArc
 50
90.0
 51
180.0
  0
ARC
  5
35E
330
1F
100
AcDbEntity
  8
SLD-0
  6
Continuous
 62
     7
370
    25
100
AcDbCircle
 10
546.3368007067787
 20
196.3052447151483
 30
0.0
 40
1.599999999999937
100
AcDbArc
 50
225.0000000000051
 51
45.00000000000072
  0
ARC
  5
35F
330
1F
100
AcDbEntity
  8
SLD-0
  6
Continuous
 62
     7
370
    25
100
AcDbCircle
 10
838.3801093895518
 20
248.5267564288805
 30
0.0
 40
2.500000000000114
100
AcDbArc
 50
0.0
 51
90.0
  0
ARC
  5
360
330
1F
100
AcDbEntity
  8
SLD-0
  6
Continuous
 62
     7
370
    25
100
AcDbCircle
 10
813.3801093895518
 20
248.5267564288805
 30
0.0
 40
2.5
100
AcDbArc
 50
89.99999999999739
 51
180.0000000000021
  0
ARC
  5
361
330
1F
100
AcDbEntity
  8
SLD-0
  6
Continuous
 62
     7
370
    25
100
AcDbCircle
 10
813.3801093895518
 20
246.3229460515945
 30
0.0
 40
2.500000000000171
100
AcDbArc
 50
180.0
 51
258.9982081338536
  0
ARC
  5
362
330
1F
100
AcDbEntity
  8
SLD-0
  6
Continuous
 62
     7
370
    25
100
AcDbCircle
 10
800.8801093895523
 20
182.0267564288793
 30
0.0
 40
63.00000000000088
100
AcDbArc
 50
55.07392338615605
 51
78.99820813385107
  0
ARC
  5
363
330
1F
100
AcDbEntity
  8
SLD-0
  6
Continuous
 62
     7
370
    25
100
AcDbCircle
 10
838.3801093895518
 20
235.7296427572707
 30
0.0
 40
2.500000000000114
100
AcDbArc
 50
235.0739233861549
 51
0.0
  0
ARC
  5
364
330
1F
100
AcDbEntity
  8
SLD-0
  6
Continuous
 62
     7
370
    25
100
AcDbCircle
 10
763.3801093895518
 20
248.5267564288805
 30
0.0
 40
2.5
100
AcDbArc
 50
90.0
 51
180.0000000000021
  0
ARC
  5
365
330
1F
100
AcDbEntity
  8
SLD-0
  6
Continuous
 62
     7
370
    25
100
AcDbCircle
 10
763.3801093895518
 20
235.7296427572707
 30
0.0
 40
2.5
100
AcDbArc
 50
180.0
 51
304.9260766138466
  0
ARC
  5
366
330
1F
100
AcDbEntity
  8
SLD-0
  6
Continuous
 62
     7
370
    25
100
AcDbCircle
 10
800.8801093895523
 20
182.0267564288793
 30
0.0
 40
63.00000000000129
100
AcDbArc
 50
101.0017918661498
 51
124.9260766138448
  0
ARC
  5
367
330
1F
100
AcDbEntity
  8
SLD-0
  6
Continuous
 62
     7
370
    25
100
AcDbCircle
 10
788.380109389552
 20
246.3229460515945
 30
0.0
 40
2.499999999999953
100
AcDbArc
 50
281.0017918661463
 51
0.0
  0
ARC
  5
368
330
1F
100
AcDbEntity
  8
SLD-0
  6
Continuous
 62
     7
370
    25
100
AcDbCircle
 10
788.380109389552
 20
248.5267564288805
 30
0.0
 40
2.5
100
AcDbArc
 50
0.0000000000001527
 51
90.00000000000261
  0
CIRCLE
  5
369
330
1F
100
AcDbEntity
  8
SLD-0
  6
Continuous
 62
     7
370
    25
100
AcDbCircle
 10
877.8463858683407
 20
188.0267564288805
 30
0.0
 40
2.499999999999886
  0
CIRCLE
  5
36A
330
1F
100
AcDbEntity
  8
SLD-0
  6
Continuous
 62
     7
370
    25
100
AcDbCircle
 10
822.8801093895518
 20
274.0267564288805
 30
0.0
 40
2.5
  0
CIRCLE
  5
36B
330
1F
100
AcDbEntity
  8
SLD-0
  6
Continuous
 62
     7
370
    25
100
AcDbCircle
 10
778.8801093895518
 20
274.0267564288805
 30
0.0
 40
2.5
  0
CIRCLE
  5
36C
330
1F
100
AcDbEntity
  8
SLD-0
  6
Continuous
 62
     7
370
    25
100
AcDbCircle
 10
723.9138329107628
 20
188.0267564288805
 30
0.0
 40
2.499999999999886
  0
ARC
  5
36D
330
1F
100
AcDbEntity
  8
SLD-0
  6
Continuous
 62
     7
370
    25
100
AcDbCircle
 10
800.8801093895523
 20
182.0267564288793
 30
0.0
 40
63.00000000000109
100
AcDbArc
 50
147.4980857281338
 51
161.4905950184627
  0
ARC
  5
36E
330
1F
100
AcDbEntity
  8
SLD-0
  6
Continuous
 62
     7
370
    25
100
AcDbCircle
 10
730.880109389552
 20
226.624962670836
 30
0.0
 40
19.99999999999983
100
AcDbArc
 50
327.4980857281352
 51
0.0000000000000814
  0
ARC
  5
36F
330
1F
100
AcDbEntity
  8
SLD-0
  6
Continuous
 62
     7
370
    25
100
AcDbCircle
 10
759.7487385396535
 20
260.158127278779
 30
0.0
 40
1.600000000000117
100
AcDbArc
 50
224.9999999999965
 51
45.00000000000288
  0
ARC
  5
370
330
1F
100
AcDbEntity
  8
SLD-0
  6
Continuous
 62
     7
370
    25
100
AcDbCircle
 10
770.8801093895518
 20
271.0267564288804
 30
0.0
 40
10.00000000000006
100
AcDbArc
 50
90.0
 51
180.0
  0
ARC
  5
371
330
1F
100
AcDbEntity
  8
SLD-0
  6
Continuous
 62
     7
370
    25
100
AcDbCircle
 10
830.8801093895518
 20
271.0267564288804
 30
0.0
 40
10.00000000000011
100
AcDbArc
 50
0.0
 51
90.0
  0
ARC
  5
372
330
1F
100
AcDbEntity
  8
SLD-0
  6
Continuous
 62
     7
370
    25
100
AcDbCircle
 10
842.0114802394503
 20
260.158127278779
 30
0.0
 40
1.599999999999957
100
AcDbArc
 50
135.0
 51
314.9999999999994
  0
ARC
  5
373
330
1F
100
AcDbEntity
  8
SLD-0
  6
Continuous
 62
     7
370
    25
100
AcDbCircle
 10
870.8801093895518
 20
226.624962670836
 30
0.0
 40
19.99999999999997
100
AcDbArc
 50
180.0
 51
212.5019142718671
  0
ARC
  5
374
330
1F
100
AcDbEntity
  8
SLD-0
  6
Continuous
 62
     7
370
    25
100
AcDbCircle
 10
800.8801093895523
 20
182.0267564288793
 30
0.0
 40
63.00000000000019
100
AcDbArc
 50
18.50940498153757
 51
32.50191427186643
  0
ARC
  5
375
330
1F
100
AcDbEntity
  8
SLD-0
  6
Continuous
 62
     7
370
    25
100
AcDbCircle
 10
863.9777567182394
 20
195.1581272787789
 30
0.0
 40
1.600000000000117
100
AcDbArc
 50
135.0000000000043
 51
314.9999999999986
  0
ARC
  5
376
330
1F
100
AcDbEntity
  8
SLD-0
  6
Continuous
 62
     7
370
    25
100
AcDbCircle
 10
879.8463858683407
 20
189.0267564288805
 30
0.0
 40
5.0
100
AcDbArc
 50
0.0
 51
90.0
  0
ARC
  5
377
330
1F
100
AcDbEntity
  8
SLD-0
  6
Continuous
 62
     7
370
    25
100
AcDbCircle
 10
800.8801093895523
 20
182.0267564288793
 30
0.0
 40
53.0000000000006
100
AcDbArc
 50
0.0540526302012639
 51
179.9459473697987
  0
ARC
  5
378
330
1F
100
AcDbEntity
  8
SLD-0
  6
Continuous
 62
     7
370
    25
100
AcDbCircle
 10
721.9138329107628
 20
189.0267564288805
 30
0.0
 40
5.0
100
AcDbArc
 50
90.0
 51
180.0
  0
ARC
  5
379
330
1F
100
AcDbEntity
  8
SLD-0
  6
Continuous
 62
     7
370
    25
100
AcDbCircle
 10
737.7824620608643
 20
195.1581272787789
 30
0.0
 40
1.599999999999957
100
AcDbArc
 50
225.0000000000022
 51
45.00000000000145
  0
CIRCLE
  5
37A
330
1F
100
AcDbEntity
  8
SLD-0
  6
Continuous
 62
     7
370
    25
100
AcDbCircle
 10
686.4007245142551
 20
161.4480654696468
 30
0.0
 40
2.500000000000227
  0
CIRCLE
  5
37B
330
1F
100
AcDbEntity
  8
SLD-0
  6
Continuous
 62
     7
370
    25
100
AcDbCircle
 10
631.4344480354662
 20
89.44806546964686
 30
0.0
 40
2.5
  0
CIRCLE
  5
37C
330
1F
100
AcDbEntity
  8
SLD-0
  6
Continuous
 62
     7
370
    25
100
AcDbCircle
 10
587.4344480354662
 20
89.44806546964686
 30
0.0
 40
2.5
  0
CIRCLE
  5
37D
330
1F
100
AcDbEntity
  8
SLD-0
  6
Continuous
 62
     7
370
    25
100
AcDbCircle
 10
532.4681715566772
 20
161.4480654696468
 30
0.0
 40
2.500000000000114
  0
ARC
  5
37E
330
1F
100
AcDbEntity
  8
SLD-0
  6
Continuous
 62
     7
370
    25
100
AcDbCircle
 10
539.4344480354663
 20
122.8498592276913
 30
0.0
 40
20.0
100
AcDbArc
 50
0.0
 51
32.50191427186569
  0
ARC
  5
37F
330
1F
100
AcDbEntity
  8
SLD-0
  6
Continuous
 62
     7
370
    25
100
AcDbCircle
 10
609.4344480354662
 20
167.4480654696468
 30
0.0
 40
62.99999999999999
100
AcDbArc
 50
198.509404981538
 51
212.5019142718663
  0
ARC
  5
380
330
1F
100
AcDbEntity
  8
SLD-0
  6
Continuous
 62
     7
370
    25
100
AcDbCircle
 10
546.3368007067787
 20
154.3166946197484
 30
0.0
 40
1.599999999999916
100
AcDbArc
 50
315.0000000000008
 51
134.9999999999957
  0
ARC
  5
381
330
1F
100
AcDbEntity
  8
SLD-0
  6
Continuous
 62
     7
370
    25
100
AcDbCircle
 10
530.4681715566772
 20
160.4480654696468
 30
0.0
 40
5.0
100
AcDbArc
 50
180.0
 51
270.0000000000008
  0
ARC
  5
382
330
1F
100
AcDbEntity
  8
SLD-0
  6
Continuous
 62
     7
370
    25
100
AcDbCircle
 10
609.4344480354662
 20
167.4480654696468
 30
0.0
 40
53.00000000000003
100
AcDbArc
 50
180.0540526302007
 51
359.9459473698017
  0
ARC
  5
383
330
1F
100
AcDbEntity
  8
SLD-0
  6
Continuous
 62
     7
370
    25
100
AcDbCircle
 10
688.4007245142551
 20
160.4480654696468
 30
0.0
 40
5.000000000000114
100
AcDbArc
 50
270.0000000000021
 51
0.0
  0
ARC
  5
384
330
1F
100
AcDbEntity
  8
SLD-0
  6
Continuous
 62
     7
370
    25
100
AcDbCircle
 10
672.5320953641539
 20
154.3166946197484
 30
0.0
 40
1.600000000000097
100
AcDbArc
 50
45.00000000000432
 51
224.9999999999958
  0
ARC
  5
385
330
1F
100
AcDbEntity
  8
SLD-0
  6
Continuous
 62
     7
370
    25
100
AcDbCircle
 10
609.4344480354662
 20
167.4480654696468
 30
0.0
 40
63.00000000000015
100
AcDbArc
 50
327.4980857281362
 51
341.4905950184645
  0
ARC
  5
386
330
1F
100
AcDbEntity
  8
SLD-0
  6
Continuous
 62
     7
370
    25
100
AcDbCircle
 10
679.4344480354662
 20
122.8498592276913
 30
0.0
 40
20.0
100
AcDbArc
 50
147.4980857281319
 51
180.0
  0
ARC
  5
387
330
1F
100
AcDbEntity
  8
SLD-0
  6
Continuous
 62
     7
370
    25
100
AcDbCircle
 10
650.5658188853647
 20
103.3166946197484
 30
0.0
 40
1.599999999999967
100
AcDbArc
 50
45.00000000000145
 51
225.0000000000026
  0
ARC
  5
388
330
1F
100
AcDbEntity
  8
SLD-0
  6
Continuous
 62
     7
370
    25
100
AcDbCircle
 10
639.4344480354662
 20
92.44806546964685
 30
0.0
 40
10.00000000000011
100
AcDbArc
 50
270.0000000000008
 51
0.0000000000006514
  0
ARC
  5
389
330
1F
100
AcDbEntity
  8
SLD-0
  6
Continuous
 62
     7
370
    25
100
AcDbCircle
 10
579.4344480354662
 20
92.44806546964683
 30
0.0
 40
10.0
100
AcDbArc
 50
179.9999999999994
 51
270.0000000000015
  0
ARC
  5
38A
330
1F
100
AcDbEntity
  8
SLD-0
  6
Continuous
 62
     7
370
    25
100
AcDbCircle
 10
568.3030771855678
 20
103.3166946197484
 30
0.0
 40
1.600000000000037
100
AcDbArc
 50
315.0000000000022
 51
135.0000000000014
  0
CIRCLE
  5
38B
330
1F
100
AcDbEntity
  8
SLD-0
  6
Continuous
 62
     7
370
    25
100
AcDbCircle
 10
877.8463858683407
 20
160.1463201281832
 30
0.0
 40
2.500000000000227
  0
CIRCLE
  5
38C
330
1F
100
AcDbEntity
  8
SLD-0
  6
Continuous
 62
     7
370
    25
100
AcDbCircle
 10
822.8801093895518
 20
88.14632012818326
 30
0.0
 40
2.5
  0
CIRCLE
  5
38D
330
1F
100
AcDbEntity
  8
SLD-0
  6
Continuous
 62
     7
370
    25
100
AcDbCircle
 10
778.8801093895518
 20
88.14632012818326
 30
0.0
 40
2.5
  0
CIRCLE
  5
38E
330
1F
100
AcDbEntity
  8
SLD-0
  6
Continuous
 62
     7
370
    25
100
AcDbCircle
 10
723.9138329107628
 20
160.1463201281832
 30
0.0
 40
2.500000000000114
  0
ARC
  5
38F
330
1F
100
AcDbEntity
  8
SLD-0
  6
Continuous
 62
     7
370
    25
100
AcDbCircle
 10
730.880109389552
 20
121.5481138862277
 30
0.0
 40
19.99999999999989
100
AcDbArc
 50
0.0
 51
32.50191427186586
  0
ARC
  5
390
330
1F
100
AcDbEntity
  8
SLD-0
  6
Continuous
 62
     7
370
    25
100
AcDbCircle
 10
800.8801093895518
 20
166.1463201281832
 30
0.0
 40
62.99999999999998
100
AcDbArc
 50
198.509404981538
 51
212.5019142718663
  0
ARC
  5
391
330
1F
100
AcDbEntity
  8
SLD-0
  6
Continuous
 62
     7
370
    25
100
AcDbCircle
 10
737.7824620608643
 20
153.0149492782848
 30
0.0
 40
1.599999999999957
100
AcDbArc
 50
315.0000000000008
 51
134.9999999999986
  0
ARC
  5
392
330
1F
100
AcDbEntity
  8
SLD-0
  6
Continuous
 62
     7
370
    25
100
AcDbCircle
 10
721.9138329107628
 20
159.1463201281832
 30
0.0
 40
5.0
100
AcDbArc
 50
180.0
 51
270.0000000000008
  0
ARC
  5
393
330
1F
100
AcDbEntity
  8
SLD-0
  6
Continuous
 62
     7
370
    25
100
AcDbCircle
 10
800.8801093895518
 20
166.1463201281832
 30
0.0
 40
53.00000000000003
100
AcDbArc
 50
180.0540526302007
 51
359.9459473698017
  0
ARC
  5
394
330
1F
100
AcDbEntity
  8
SLD-0
  6
Continuous
 62
     7
370
    25
100
AcDbCircle
 10
879.8463858683407
 20
159.1463201281832
 30
0.0
 40
5.0
100
AcDbArc
 50
270.0000000000021
 51
0.0
  0
ARC
  5
395
330
1F
100
AcDbEntity
  8
SLD-0
  6
Continuous
 62
     7
370
    25
100
AcDbCircle
 10
863.9777567182394
 20
153.0149492782848
 30
0.0
 40
1.600000000000117
100
AcDbArc
 50
45.00000000000432
 51
224.9999999999965
  0
ARC
  5
396
330
1F
100
AcDbEntity
  8
SLD-0
  6
Continuous
 62
     7
370
    25
100
AcDbCircle
 10
800.8801093895518
 20
166.1463201281832
 30
0.0
 40
63.00000000000004
100
AcDbArc
 50
327.4980857281361
 51
341.4905950184644
  0
ARC
  5
397
330
1F
100
AcDbEntity
  8
SLD-0
  6
Continuous
 62
     7
370
    25
100
AcDbCircle
 10
870.8801093895518
 20
121.5481138862277
 30
0.0
 40
20.00000000000007
100
AcDbArc
 50
147.4980857281321
 51
180.0
  0
ARC
  5
398
330
1F
100
AcDbEntity
  8
SLD-0
  6
Continuous
 62
     7
370
    25
100
AcDbCircle
 10
842.0114802394503
 20
102.0149492782848
 30
0.0
 40
1.600000000000047
100
AcDbArc
 50
45.0000000000018
 51
224.9999999999997
  0
ARC
  5
399
330
1F
100
AcDbEntity
  8
SLD-0
  6
Continuous
 62
     7
370
    25
100
AcDbCircle
 10
830.8801093895518
 20
91.14632012818325
 30
0.0
 40
10.00000000000011
100
AcDbArc
 50
270.0000000000008
 51
0.0000000000006514
  0
ARC
  5
39A
330
1F
100
AcDbEntity
  8
SLD-0
  6
Continuous
 62
     7
370
    25
100
AcDbCircle
 10
770.8801093895518
 20
91.14632012818323
 30
0.0
 40
10.0
100
AcDbArc
 50
179.9999999999994
 51
270.0000000000015
  0
ARC
  5
39B
330
1F
100
AcDbEntity
  8
SLD-0
  6
Continuous
 62
     7
370
    25
100
AcDbCircle
 10
759.7487385396535
 20
102.0149492782848
 30
0.0
 40
1.600000000000128
100
AcDbArc
 50
314.9999999999994
 51
135.000000000004
  0
CIRCLE
  5
39C
330
1F
100
AcDbEntity
  8
SLD-0
  6
Continuous
 62
     7
370
    25
100
AcDbCircle
 10
287.3828744760291
 20
44.16546312918656
 30
0.0
 40
3.250000000000057
  0
CIRCLE
  5
39D
330
1F
100
AcDbEntity
  8
SLD-0
  6
Continuous
 62
     7
370
    25
100
AcDbCircle
 10
275.382874476029
 20
56.1654631291868
 30
0.0
 40
3.250000000000057
  0
CIRCLE
  5
39E
330
1F
100
AcDbEntity
  8
SLD-0
  6
Continuous
 62
     7
370
    25
100
AcDbCircle
 10
307.3828744760291
 20
44.16546312918656
 30
0.0
 40
3.249999999999886
  0
CIRCLE
  5
39F
330
1F
100
AcDbEntity
  8
SLD-0
  6
Continuous
 62
     7
370
    25
100
AcDbCircle
 10
319.3828744760292
 20
56.1654631291868
 30
0.0
 40
3.25
  0
ARC
  5
3A0
330
1F
100
AcDbEntity
  8
SLD-0
  6
Continuous
 62
     7
370
    25
100
AcDbCircle
 10
338.3828744760291
 20
57.16546312918656
 30
0.0
 40
1.0
100
AcDbArc
 50
270.0000000000008
 51
0.0
  0
ARC
  5
3A1
330
1F
100
AcDbEntity
  8
SLD-0
  6
Continuous
 62
     7
370
    25
100
AcDbCircle
 10
325.561989082418
 20
55.16546312918656
 30
0.0
 40
1.000000000000007
100
AcDbArc
 50
90.0
 51
158.6763137365016
  0
ARC
  5
3A2
330
1F
100
AcDbEntity
  8
SLD-0
  6
Continuous
 62
     7
370
    25
100
AcDbCircle
 10
269.7773949475007
 20
60.16546312918658
 30
0.0
 40
1.000000000000005
100
AcDbArc
 50
90.0
 51
192.2624129099657
  0
ARC
  5
3A3
330
1F
100
AcDbEntity
  8
SLD-0
  6
Continuous
 62
     7
370
    25
100
AcDbCircle
 10
276.2168639875124
 20
60.16546312918658
 30
0.0
 40
1.000000000000015
100
AcDbArc
 50
15.8266201318713
 51
90.0
  0
ARC
  5
3A4
330
1F
100
AcDbEntity
  8
SLD-0
  6
Continuous
 62
     7
370
    25
100
AcDbCircle
 10
278.2808035350455
 20
60.24001919935046
 30
0.0
 40
1.000000000000018
100
AcDbArc
 50
197.2338395264229
 51
234.5785838804356
  0
ARC
  5
3A5
330
1F
100
AcDbEntity
  8
SLD-0
  6
Continuous
 62
     7
370
    25
100
AcDbCircle
 10
275.382874476029
 20
56.1654631291868
 30
0.0
 40
4.000000000000045
100
AcDbArc
 50
349.7730834834164
 51
54.57858388043511
  0
ARC
  5
3A6
330
1F
100
AcDbEntity
  8
SLD-0
  6
Continuous
 62
     7
370
    25
100
AcDbCircle
 10
286.2459426723409
 20
55.02853132549849
 30
0.0
 40
6.922401959457519
100
AcDbArc
 50
176.6861378968195
 51
273.3138621031817
  0
ARC
  5
3A7
330
1F
100
AcDbEntity
  8
SLD-0
  6
Continuous
 62
     7
370
    25
100
AcDbCircle
 10
287.3828744760291
 20
44.16546312918656
 30
0.0
 40
4.000000000000036
100
AcDbArc
 50
30.88517392258154
 51
100.2269165165849
  0
ARC
  5
3A8
330
1F
100
AcDbEntity
  8
SLD-0
  6
Continuous
 62
     7
370
    25
100
AcDbCircle
 10
297.3828744760291
 20
50.41546312918656
 30
0.0
 40
7.792476415070752
100
AcDbArc
 50
212.5907225633775
 51
327.4092774366256
  0
ARC
  5
3A9
330
1F
100
AcDbEntity
  8
SLD-0
  6
Continuous
 62
     7
370
    25
100
AcDbCircle
 10
307.3828744760291
 20
44.16546312918656
 30
0.0
 40
3.999999999999987
100
AcDbArc
 50
79.77308348341509
 51
149.1148260774181
  0
ARC
  5
3AA
330
1F
100
AcDbEntity
  8
SLD-0
  6
Continuous
 62
     7
370
    25
100
AcDbCircle
 10
308.5198062797173
 20
55.02853132549849
 30
0.0
 40
6.922401959457519
100
AcDbArc
 50
266.6861378968217
 51
3.313862103180464
  0
ARC
  5
3AB
330
1F
100
AcDbEntity
  8
SLD-0
  6
Continuous
 62
     7
370
    25
100
AcDbCircle
 10
319.3828744760292
 20
56.1654631291868
 30
0.0
 40
3.999999999999971
100
AcDbArc
 50
125.4214161195642
 51
190.2269165165872
  0
ARC
  5
3AC
330
1F
100
AcDbEntity
  8
SLD-0
  6
Continuous
 62
     7
370
    25
100
AcDbCircle
 10
316.4849454170127
 20
60.24001919935046
 30
0.0
 40
1.000000000000012
100
AcDbArc
 50
305.4214161195662
 51
342.7661604735813
  0
ARC
  5
3AD
330
1F
100
AcDbEntity
  8
SLD-0
  6
Continuous
 62
     7
370
    25
100
AcDbCircle
 10
318.5488849645459
 20
60.16546312918658
 30
0.0
 40
1.000000000000069
100
AcDbArc
 50
90.0
 51
164.1733798681296
  0
ARC
  5
3AE
330
1F
100
AcDbEntity
  8
SLD-0
  6
Continuous
 62
     7
370
    25
100
AcDbCircle
 10
338.3828744760291
 20
60.16546312918658
 30
0.0
 40
1.0
100
AcDbArc
 50
0.0
 51
90.0
  0
ARC
  5
3AF
330
1F
100
AcDbEntity
  8
SLD-0
  6
Continuous
 62
     7
370
    25
100
AcDbCircle
 10
297.3828744760291
 20
66.16546312918656
 30
0.0
 40
20.99999999999995
100
AcDbArc
 50
195.8266201318732
 51
197.2338395264214
  0
ARC
  5
3B0
330
1F
100
AcDbEntity
  8
SLD-0
  6
Continuous
 62
     7
370
    25
100
AcDbCircle
 10
297.3828744760291
 20
66.16546312918656
 30
0.0
 40
29.25
100
AcDbArc
 50
192.2624129099642
 51
338.6763137365029
  0
ARC
  5
3B1
330
1F
100
AcDbEntity
  8
SLD-0
  6
Continuous
 62
     7
370
    25
100
AcDbCircle
 10
297.3828744760291
 20
66.16546312918656
 30
0.0
 40
20.99999999999995
100
AcDbArc
 50
210.6644270471863
 51
210.7488052049467
  0
ARC
  5
3B2
330
1F
100
AcDbEntity
  8
SLD-0
  6
Continuous
 62
     7
370
    25
100
AcDbCircle
 10
297.3828744760291
 20
66.16546312918656
 30
0.0
 40
21.0
100
AcDbArc
 50
239.2511947950547
 51
239.3355729528146
  0
ARC
  5
3B3
330
1F
100
AcDbEntity
  8
SLD-0
  6
Continuous
 62
     7
370
    25
100
AcDbCircle
 10
297.3828744760291
 20
66.16546312918656
 30
0.0
 40
21.00000000000009
100
AcDbArc
 50
300.6644270471871
 51
300.7488052049475
  0
ARC
  5
3B4
330
1F
100
AcDbEntity
  8
SLD-0
  6
Continuous
 62
     7
370
    25
100
AcDbCircle
 10
297.3828744760291
 20
66.16546312918656
 30
0.0
 40
21.00000000000005
100
AcDbArc
 50
342.7661604735805
 51
344.1733798681284
  0
ARC
  5
3B5
330
1F
100
AcDbEntity
  8
SLD-0
  6
Continuous
 62
     7
370
    25
100
AcDbCircle
 10
297.3828744760291
 20
66.16546312918656
 30
0.0
 40
21.00000000000007
100
AcDbArc
 50
329.2511947950551
 51
329.3355729528152
  0
ARC
  5
3B6
330
1F
100
AcDbEntity
  8
SLD-0
  6
Continuous
 62
     7
370
    25
100
AcDbCircle
 10
335.3828744760291
 20
56.16546312918656
 30
0.0
 40
1.600000000000023
100
AcDbArc
 50
0.0
 51
180.0
  0
CIRCLE
  5
3B7
330
1F
100
AcDbEntity
  8
SLD-0
  6
Continuous
 62
     7
370
    25
100
AcDbCircle
 10
319.3828744760292
 20
56.1654631291868
 30
0.0
 40
1.700000000000045
  0
CIRCLE
  5
3B8
330
1F
100
AcDbEntity
  8
SLD-0
  6
Continuous
 62
     7
370
    25
100
AcDbCircle
 10
307.3828744760291
 20
44.16546312918656
 30
0.0
 40
1.699999999999932
  0
CIRCLE
  5
3B9
330
1F
100
AcDbEntity
  8
SLD-0
  6
Continuous
 62
     7
370
    25
100
AcDbCircle
 10
287.3828744760291
 20
44.16546312918656
 30
0.0
 40
1.699999999999989
  0
CIRCLE
  5
3BA
330
1F
100
AcDbEntity
  8
SLD-0
  6
Continuous
 62
     7
370
    25
100
AcDbCircle
 10
275.382874476029
 20
56.1654631291868
 30
0.0
 40
1.700000000000045
  0
CIRCLE
  5
3BB
330
1F
100
AcDbEntity
  8
SLD-0
  6
Continuous
 62
     7
370
    25
100
AcDbCircle
 10
94.53706419140848
 20
236.4312551105055
 30
0.0
 40
3.250000000000014
  0
CIRCLE
  5
3BC
330
1F
100
AcDbEntity
  8
SLD-0
  6
Continuous
 62
     7
370
    25
100
AcDbCircle
 10
82.53706419140838
 20
248.4312551105057
 30
0.0
 40
3.250000000000014
  0
CIRCLE
  5
3BD
330
1F
100
AcDbEntity
  8
SLD-0
  6
Continuous
 62
     7
370
    25
100
AcDbCircle
 10
114.5370641914085
 20
236.4312551105055
 30
0.0
 40
3.25
  0
CIRCLE
  5
3BE
330
1F
100
AcDbEntity
  8
SLD-0
  6
Continuous
 62
     7
370
    25
100
AcDbCircle
 10
126.5370641914086
 20
248.4312551105057
 30
0.0
 40
3.250000000000014
  0
ARC
  5
3BF
330
1F
100
AcDbEntity
  8
SLD-0
  6
Continuous
 62
     7
370
    25
100
AcDbCircle
 10
145.5370641914085
 20
249.4312551105055
 30
0.0
 40
1.0
100
AcDbArc
 50
270.0000000000008
 51
0.0
  0
ARC
  5
3C0
330
1F
100
AcDbEntity
  8
SLD-0
  6
Continuous
 62
     7
370
    25
100
AcDbCircle
 10
132.7161787977974
 20
247.4312551105055
 30
0.0
 40
1.000000000000007
100
AcDbArc
 50
90.0
 51
158.6763137365016
  0
ARC
  5
3C1
330
1F
100
AcDbEntity
  8
SLD-0
  6
Continuous
 62
     7
370
    25
100
AcDbCircle
 10
76.9315846628801
 20
252.4312551105055
 30
0.0
 40
1.0
100
AcDbArc
 50
90.0
 51
192.2624129099637
  0
ARC
  5
3C2
330
1F
100
AcDbEntity
  8
SLD-0
  6
Continuous
 62
     7
370
    25
100
AcDbCircle
 10
83.37105370289176
 20
252.4312551105055
 30
0.0
 40
1.000000000000007
100
AcDbArc
 50
15.8266201318727
 51
90.0
  0
ARC
  5
3C3
330
1F
100
AcDbEntity
  8
SLD-0
  6
Continuous
 62
     7
370
    25
100
AcDbCircle
 10
85.43499325042494
 20
252.5058111806694
 30
0.0
 40
1.000000000000024
100
AcDbArc
 50
197.2338395264204
 51
234.5785838804366
  0
ARC
  5
3C4
330
1F
100
AcDbEntity
  8
SLD-0
  6
Continuous
 62
     7
370
    25
100
AcDbCircle
 10
82.53706419140838
 20
248.4312551105057
 30
0.0
 40
3.999999999999992
100
AcDbArc
 50
349.7730834834167
 51
54.57858388043506
  0
ARC
  5
3C5
330
1F
100
AcDbEntity
  8
SLD-0
  6
Continuous
 62
     7
370
    25
100
AcDbCircle
 10
93.4001323877203
 20
247.2943233068174
 30
0.0
 40
6.922401959457545
100
AcDbArc
 50
176.6861378968193
 51
273.3138621031814
  0
ARC
  5
3C6
330
1F
100
AcDbEntity
  8
SLD-0
  6
Continuous
 62
     7
370
    25
100
AcDbCircle
 10
94.53706419140848
 20
236.4312551105055
 30
0.0
 40
3.999999999999991
100
AcDbArc
 50
30.88517392258159
 51
100.2269165165847
  0
ARC
  5
3C7
330
1F
100
AcDbEntity
  8
SLD-0
  6
Continuous
 62
     7
370
    25
100
AcDbCircle
 10
104.5370641914085
 20
242.6812551105055
 30
0.0
 40
7.792476415070756
100
AcDbArc
 50
212.5907225633773
 51
327.4092774366258
  0
ARC
  5
3C8
330
1F
100
AcDbEntity
  8
SLD-0
  6
Continuous
 62
     7
370
    25
100
AcDbCircle
 10
114.5370641914085
 20
236.4312551105055
 30
0.0
 40
3.999999999999993
100
AcDbArc
 50
79.7730834834151
 51
149.1148260774184
  0
ARC
  5
3C9
330
1F
100
AcDbEntity
  8
SLD-0
  6
Continuous
 62
     7
370
    25
100
AcDbCircle
 10
115.6739959950967
 20
247.2943233068174
 30
0.0
 40
6.922401959457532
100
AcDbArc
 50
266.6861378968219
 51
3.313862103180751
  0
ARC
  5
3CA
330
1F
100
AcDbEntity
  8
SLD-0
  6
Continuous
 62
     7
370
    25
100
AcDbCircle
 10
126.5370641914086
 20
248.4312551105057
 30
0.0
 40
3.999999999999984
100
AcDbArc
 50
125.4214161195648
 51
190.226916516587
  0
ARC
  5
3CB
330
1F
100
AcDbEntity
  8
SLD-0
  6
Continuous
 62
     7
370
    25
100
AcDbCircle
 10
123.639135132392
 20
252.5058111806694
 30
0.0
 40
1.000000000000024
100
AcDbArc
 50
305.4214161195651
 51
342.7661604735811
  0
ARC
  5
3CC
330
1F
100
AcDbEntity
  8
SLD-0
  6
Continuous
 62
     7
370
    25
100
AcDbCircle
 10
125.7030746799252
 20
252.4312551105055
 30
0.0
 40
1.00000000000002
100
AcDbArc
 50
90.0
 51
164.1733798681275
  0
ARC
  5
3CD
330
1F
100
AcDbEntity
  8
SLD-0
  6
Continuous
 62
     7
370
    25
100
AcDbCircle
 10
145.5370641914085
 20
252.4312551105055
 30
0.0
 40
1.0
100
AcDbArc
 50
0.0
 51
90.0
  0
ARC
  5
3CE
330
1F
100
AcDbEntity
  8
SLD-0
  6
Continuous
 62
     7
370
    25
100
AcDbCircle
 10
104.5370641914085
 20
258.4312551105054
 30
0.0
 40
20.99999999999999
100
AcDbArc
 50
195.826620131873
 51
197.2338395264211
  0
ARC
  5
3CF
330
1F
100
AcDbEntity
  8
SLD-0
  6
Continuous
 62
     7
370
    25
100
AcDbCircle
 10
104.5370641914085
 20
258.4312551105054
 30
0.0
 40
29.25000000000001
100
AcDbArc
 50
192.262412909964
 51
338.6763137365029
  0
ARC
  5
3D0
330
1F
100
AcDbEntity
  8
SLD-0
  6
Continuous
 62
     7
370
    25
100
AcDbCircle
 10
104.5370641914085
 20
258.4312551105054
 30
0.0
 40
20.99999999999998
100
AcDbArc
 50
210.6644270471861
 51
210.7488052049464
  0
ARC
  5
3D1
330
1F
100
AcDbEntity
  8
SLD-0
  6
Continuous
 62
     7
370
    25
100
AcDbCircle
 10
104.5370641914085
 20
258.4312551105054
 30
0.0
 40
20.99999999999994
100
AcDbArc
 50
239.2511947950547
 51
239.3355729528146
  0
ARC
  5
3D2
330
1F
100
AcDbEntity
  8
SLD-0
  6
Continuous
 62
     7
370
    25
100
AcDbCircle
 10
104.5370641914085
 20
258.4312551105054
 30
0.0
 40
21.00000000000006
100
AcDbArc
 50
300.6644270471871
 51
300.7488052049475
  0
ARC
  5
3D3
330
1F
100
AcDbEntity
  8
SLD-0
  6
Continuous
 62
     7
370
    25
100
AcDbCircle
 10
104.5370641914085
 20
258.4312551105054
 30
0.0
 40
21.00000000000002
100
AcDbArc
 50
342.7661604735805
 51
344.1733798681287
  0
ARC
  5
3D4
330
1F
100
AcDbEntity
  8
SLD-0
  6
Continuous
 62
     7
370
    25
100
AcDbCircle
 10
104.5370641914085
 20
258.4312551105054
 30
0.0
 40
21.00000000000001
100
AcDbArc
 50
329.2511947950551
 51
329.3355729528153
  0
ARC
  5
3D5
330
1F
100
AcDbEntity
  8
SLD-0
  6
Continuous
 62
     7
370
    25
100
AcDbCircle
 10
142.5370641914085
 20
248.4312551105055
 30
0.0
 40
1.599999999999994
100
AcDbArc
 50
0.0
 51
180.0
  0
CIRCLE
  5
3D6
330
1F
100
AcDbEntity
  8
SLD-0
  6
Continuous
 62
     7
370
    25
100
AcDbCircle
 10
126.5370641914086
 20
248.4312551105057
 30
0.0
 40
1.700000000000003
  0
CIRCLE
  5
3D7
330
1F
100
AcDbEntity
  8
SLD-0
  6
Continuous
 62
     7
370
    25
100
AcDbCircle
 10
114.5370641914085
 20
236.4312551105055
 30
0.0
 40
1.700000000000003
  0
CIRCLE
  5
3D8
330
1F
100
AcDbEntity
  8
SLD-0
  6
Continuous
 62
     7
370
    25
100
AcDbCircle
 10
94.53706419140848
 20
236.4312551105055
 30
0.0
 40
1.700000000000017
  0
CIRCLE
  5
3D9
330
1F
100
AcDbEntity
  8
SLD-0
  6
Continuous
 62
     7
370
    25
100
AcDbCircle
 10
82.53706419140838
 20
248.4312551105057
 30
0.0
 40
1.700000000000017
  0
CIRCLE
  5
3DA
330
1F
100
AcDbEntity
  8
SLD-0
  6
Continuous
 62
     7
370
    25
100
AcDbCircle
 10
193.3501384803094
 20
236.4312551105055
 30
0.0
 40
3.25
  0
CIRCLE
  5
3DB
330
1F
100
AcDbEntity
  8
SLD-0
  6
Continuous
 62
     7
370
    25
100
AcDbCircle
 10
181.3501384803093
 20
248.4312551105057
 30
0.0
 40
3.25
  0
CIRCLE
  5
3DC
330
1F
100
AcDbEntity
  8
SLD-0
  6
Continuous
 62
     7
370
    25
100
AcDbCircle
 10
213.3501384803094
 20
236.4312551105055
 30
0.0
 40
3.25
  0
CIRCLE
  5
3DD
330
1F
100
AcDbEntity
  8
SLD-0
  6
Continuous
 62
     7
370
    25
100
AcDbCircle
 10
225.3501384803095
 20
248.4312551105057
 30
0.0
 40
3.25
  0
ARC
  5
3DE
330
1F
100
AcDbEntity
  8
SLD-0
  6
Continuous
 62
     7
370
    25
100
AcDbCircle
 10
244.3501384803094
 20
249.4312551105055
 30
0.0
 40
1.0
100
AcDbArc
 50
270.0000000000008
 51
0.0
  0
ARC
  5
3DF
330
1F
100
AcDbEntity
  8
SLD-0
  6
Continuous
 62
     7
370
    25
100
AcDbCircle
 10
231.5292530866983
 20
247.4312551105055
 30
0.0
 40
1.000000000000034
100
AcDbArc
 50
90.0
 51
158.6763137365022
  0
ARC
  5
3E0
330
1F
100
AcDbEntity
  8
SLD-0
  6
Continuous
 62
     7
370
    25
100
AcDbCircle
 10
175.744658951781
 20
252.4312551105055
 30
0.0
 40
1.0
100
AcDbArc
 50
90.0
 51
192.2624129099637
  0
ARC
  5
3E1
330
1F
100
AcDbEntity
  8
SLD-0
  6
Continuous
 62
     7
370
    25
100
AcDbCircle
 10
182.1841279917927
 20
252.4312551105055
 30
0.0
 40
1.0
100
AcDbArc
 50
15.82662013187292
 51
90.0
  0
ARC
  5
3E2
330
1F
100
AcDbEntity
  8
SLD-0
  6
Continuous
 62
     7
370
    25
100
AcDbCircle
 10
184.2480675393258
 20
252.5058111806694
 30
0.0
 40
1.000000000000011
100
AcDbArc
 50
197.2338395264207
 51
234.5785838804373
  0
ARC
  5
3E3
330
1F
100
AcDbEntity
  8
SLD-0
  6
Continuous
 62
     7
370
    25
100
AcDbCircle
 10
181.3501384803093
 20
248.4312551105057
 30
0.0
 40
3.999999999999992
100
AcDbArc
 50
349.7730834834167
 51
54.57858388043506
  0
ARC
  5
3E4
330
1F
100
AcDbEntity
  8
SLD-0
  6
Continuous
 62
     7
370
    25
100
AcDbCircle
 10
192.2132066766212
 20
247.2943233068174
 30
0.0
 40
6.922401959457545
100
AcDbArc
 50
176.6861378968193
 51
273.3138621031813
  0
ARC
  5
3E5
330
1F
100
AcDbEntity
  8
SLD-0
  6
Continuous
 62
     7
370
    25
100
AcDbCircle
 10
193.3501384803094
 20
236.4312551105055
 30
0.0
 40
4.0
100
AcDbArc
 50
30.88517392258148
 51
100.226916516585
  0
ARC
  5
3E6
330
1F
100
AcDbEntity
  8
SLD-0
  6
Continuous
 62
     7
370
    25
100
AcDbCircle
 10
203.3501384803094
 20
242.6812551105055
 30
0.0
 40
7.792476415070779
100
AcDbArc
 50
212.5907225633775
 51
327.4092774366258
  0
ARC
  5
3E7
330
1F
100
AcDbEntity
  8
SLD-0
  6
Continuous
 62
     7
370
    25
100
AcDbCircle
 10
213.3501384803094
 20
236.4312551105055
 30
0.0
 40
3.999999999999965
100
AcDbArc
 50
79.77308348341504
 51
149.1148260774181
  0
ARC
  5
3E8
330
1F
100
AcDbEntity
  8
SLD-0
  6
Continuous
 62
     7
370
    25
100
AcDbCircle
 10
214.4870702839976
 20
247.2943233068174
 30
0.0
 40
6.922401959457545
100
AcDbArc
 50
266.6861378968217
 51
3.313862103180744
  0
ARC
  5
3E9
330
1F
100
AcDbEntity
  8
SLD-0
  6
Continuous
 62
     7
370
    25
100
AcDbCircle
 10
225.3501384803095
 20
248.4312551105057
 30
0.0
 40
3.999999999999992
100
AcDbArc
 50
125.4214161195649
 51
190.226916516587
  0
ARC
  5
3EA
330
1F
100
AcDbEntity
  8
SLD-0
  6
Continuous
 62
     7
370
    25
100
AcDbCircle
 10
222.4522094212929
 20
252.5058111806694
 30
0.0
 40
1.000000000000038
100
AcDbArc
 50
305.4214161195657
 51
342.7661604735814
  0
ARC
  5
3EB
330
1F
100
AcDbEntity
  8
SLD-0
  6
Continuous
 62
     7
370
    25
100
AcDbCircle
 10
224.5161489688261
 20
252.4312551105055
 30
0.0
 40
1.0
100
AcDbArc
 50
90.0
 51
164.1733798681271
  0
ARC
  5
3EC
330
1F
100
AcDbEntity
  8
SLD-0
  6
Continuous
 62
     7
370
    25
100
AcDbCircle
 10
244.3501384803094
 20
252.4312551105055
 30
0.0
 40
1.0
100
AcDbArc
 50
0.0
 51
90.0
  0
ARC
  5
3ED
330
1F
100
AcDbEntity
  8
SLD-0
  6
Continuous
 62
     7
370
    25
100
AcDbCircle
 10
203.3501384803094
 20
258.4312551105054
 30
0.0
 40
21.00000000000001
100
AcDbArc
 50
195.826620131873
 51
197.2338395264211
  0
ARC
  5
3EE
330
1F
100
AcDbEntity
  8
SLD-0
  6
Continuous
 62
     7
370
    25
100
AcDbCircle
 10
203.3501384803094
 20
258.4312551105054
 30
0.0
 40
29.25
100
AcDbArc
 50
192.262412909964
 51
338.6763137365029
  0
ARC
  5
3EF
330
1F
100
AcDbEntity
  8
SLD-0
  6
Continuous
 62
     7
370
    25
100
AcDbCircle
 10
203.3501384803094
 20
258.4312551105054
 30
0.0
 40
20.99999999999996
100
AcDbArc
 50
210.6644270471861
 51
210.7488052049464
  0
ARC
  5
3F0
330
1F
100
AcDbEntity
  8
SLD-0
  6
Continuous
 62
     7
370
    25
100
AcDbCircle
 10
203.3501384803094
 20
258.4312551105054
 30
0.0
 40
20.99999999999997
100
AcDbArc
 50
239.2511947950546
 51
239.3355729528146
  0
ARC
  5
3F1
330
1F
100
AcDbEntity
  8
SLD-0
  6
Continuous
 62
     7
370
    25
100
AcDbCircle
 10
203.3501384803094
 20
258.4312551105054
 30
0.0
 40
21.00000000000004
100
AcDbArc
 50
300.6644270471871
 51
300.7488052049474
  0
ARC
  5
3F2
330
1F
100
AcDbEntity
  8
SLD-0
  6
Continuous
 62
     7
370
    25
100
AcDbCircle
 10
203.3501384803094
 20
258.4312551105054
 30
0.0
 40
21.00000000000001
100
AcDbArc
 50
342.7661604735805
 51
344.1733798681287
  0
ARC
  5
3F3
330
1F
100
AcDbEntity
  8
SLD-0
  6
Continuous
 62
     7
370
    25
100
AcDbCircle
 10
203.3501384803094
 20
258.4312551105054
 30
0.0
 40
21.00000000000001
100
AcDbArc
 50
329.2511947950553
 51
329.3355729528153
  0
ARC
  5
3F4
330
1F
100
AcDbEntity
  8
SLD-0
  6
Continuous
 62
     7
370
    25
100
AcDbCircle
 10
241.3501384803094
 20
248.4312551105055
 30
0.0
 40
1.599999999999994
100
AcDbArc
 50
0.0
 51
180.0
  0
CIRCLE
  5
3F5
330
1F
100
AcDbEntity
  8
SLD-0
  6
Continuous
 62
     7
370
    25
100
AcDbCircle
 10
225.3501384803095
 20
248.4312551105057
 30
0.0
 40
1.700000000000017
  0
CIRCLE
  5
3F6
330
1F
100
AcDbEntity
  8
SLD-0
  6
Continuous
 62
     7
370
    25
100
AcDbCircle
 10
213.3501384803094
 20
236.4312551105055
 30
0.0
 40
1.699999999999989
  0
CIRCLE
  5
3F7
330
1F
100
AcDbEntity
  8
SLD-0
  6
Continuous
 62
     7
370
    25
100
AcDbCircle
 10
193.3501384803094
 20
236.4312551105055
 30
0.0
 40
1.700000000000017
  0
CIRCLE
  5
3F8
330
1F
100
AcDbEntity
  8
SLD-0
  6
Continuous
 62
     7
370
    25
100
AcDbCircle
 10
181.3501384803093
 20
248.4312551105057
 30
0.0
 40
1.699999999999989
  0
CIRCLE
  5
3F9
330
1F
100
AcDbEntity
  8
SLD-0
  6
Continuous
 62
     7
370
    25
100
AcDbCircle
 10
193.3501384803094
 20
281.1927394601886
 30
0.0
 40
3.25
  0
CIRCLE
  5
3FA
330
1F
100
AcDbEntity
  8
SLD-0
  6
Continuous
 62
     7
370
    25
100
AcDbCircle
 10
181.3501384803093
 20
269.1927394601884
 30
0.0
 40
3.25
  0
CIRCLE
  5
3FB
330
1F
100
AcDbEntity
  8
SLD-0
  6
Continuous
 62
     7
370
    25
100
AcDbCircle
 10
213.3501384803094
 20
281.1927394601886
 30
0.0
 40
3.25
  0
CIRCLE
  5
3FC
330
1F
100
AcDbEntity
  8
SLD-0
  6
Continuous
 62
     7
370
    25
100
AcDbCircle
 10
225.3501384803095
 20
269.1927394601884
 30
0.0
 40
3.25
  0
ARC
  5
3FD
330
1F
100
AcDbEntity
  8
SLD-0
  6
Continuous
 62
     7
370
    25
100
AcDbCircle
 10
244.3501384803094
 20
265.1927394601886
 30
0.0
 40
1.000000000000057
100
AcDbArc
 50
270.0000000000008
 51
0.0
  0
ARC
  5
3FE
330
1F
100
AcDbEntity
  8
SLD-0
  6
Continuous
 62
     7
370
    25
100
AcDbCircle
 10
224.5161489688261
 20
265.1927394601886
 30
0.0
 40
1.000000000000071
100
AcDbArc
 50
195.8266201318775
 51
270.0000000000008
  0
ARC
  5
3FF
330
1F
100
AcDbEntity
  8
SLD-0
  6
Continuous
 62
     7
370
    25
100
AcDbCircle
 10
222.4522094212929
 20
265.1181833900247
 30
0.0
 40
1.000000000000046
100
AcDbArc
 50
17.23383952642095
 51
54.57858388043377
  0
ARC
  5
400
330
1F
100
AcDbEntity
  8
SLD-0
  6
Continuous
 62
     7
370
    25
100
AcDbCircle
 10
225.3501384803095
 20
269.1927394601884
 30
0.0
 40
4.000000000000049
100
AcDbArc
 50
169.7730834834152
 51
234.5785838804364
  0
ARC
  5
401
330
1F
100
AcDbEntity
  8
SLD-0
  6
Continuous
 62
     7
370
    25
100
AcDbCircle
 10
214.4870702839976
 20
270.3296712638768
 30
0.0
 40
6.922401959457567
100
AcDbArc
 50
356.6861378968208
 51
93.31386210317979
  0
ARC
  5
402
330
1F
100
AcDbEntity
  8
SLD-0
  6
Continuous
 62
     7
370
    25
100
AcDbCircle
 10
213.3501384803094
 20
281.1927394601886
 30
0.0
 40
3.999999999999985
100
AcDbArc
 50
210.8851739225843
 51
280.2269165165867
  0
ARC
  5
403
330
1F
100
AcDbEntity
  8
SLD-0
  6
Continuous
 62
     7
370
    25
100
AcDbCircle
 10
203.3501384803094
 20
274.9427394601886
 30
0.0
 40
7.792476415070796
100
AcDbArc
 50
32.59072256337608
 51
147.4092774366239
  0
ARC
  5
404
330
1F
100
AcDbEntity
  8
SLD-0
  6
Continuous
 62
     7
370
    25
100
AcDbCircle
 10
193.3501384803094
 20
281.1927394601886
 30
0.0
 40
4.000000000000024
100
AcDbArc
 50
259.7730834834166
 51
329.1148260774195
  0
ARC
  5
405
330
1F
100
AcDbEntity
  8
SLD-0
  6
Continuous
 62
     7
370
    25
100
AcDbCircle
 10
192.2132066766212
 20
270.3296712638768
 30
0.0
 40
6.922401959457554
100
AcDbArc
 50
86.68613789682038
 51
183.3138621031827
  0
ARC
  5
406
330
1F
100
AcDbEntity
  8
SLD-0
  6
Continuous
 62
     7
370
    25
100
AcDbCircle
 10
181.3501384803093
 20
269.1927394601884
 30
0.0
 40
4.000000000000049
100
AcDbArc
 50
305.4214161195662
 51
10.22691651658475
  0
ARC
  5
407
330
1F
100
AcDbEntity
  8
SLD-0
  6
Continuous
 62
     7
370
    25
100
AcDbCircle
 10
184.2480675393258
 20
265.1181833900247
 30
0.0
 40
0.999999999999992
100
AcDbArc
 50
125.4214161195609
 51
162.7661604735781
  0
ARC
  5
408
330
1F
100
AcDbEntity
  8
SLD-0
  6
Continuous
 62
     7
370
    25
100
AcDbCircle
 10
182.1841279917927
 20
265.1927394601886
 30
0.0
 40
1.000000000000057
100
AcDbArc
 50
270.0000000000008
 51
344.1733798681272
  0
ARC
  5
409
330
1F
100
AcDbEntity
  8
SLD-0
  6
Continuous
 62
     7
370
    25
100
AcDbCircle
 10
175.744658951781
 20
265.1927394601886
 30
0.0
 40
1.000000000000057
100
AcDbArc
 50
167.7375870900378
 51
270.0000000000008
  0
ARC
  5
40A
330
1F
100
AcDbEntity
  8
SLD-0
  6
Continuous
 62
     7
370
    25
100
AcDbCircle
 10
231.5292530866983
 20
270.1927394601887
 30
0.0
 40
1.000000000000075
100
AcDbArc
 50
201.3236862635047
 51
270.0000000000008
  0
ARC
  5
40B
330
1F
100
AcDbEntity
  8
SLD-0
  6
Continuous
 62
     7
370
    25
100
AcDbCircle
 10
244.3501384803094
 20
268.1927394601887
 30
0.0
 40
1.0
100
AcDbArc
 50
0.0
 51
90.0
  0
ARC
  5
40C
330
1F
100
AcDbEntity
  8
SLD-0
  6
Continuous
 62
     7
370
    25
100
AcDbCircle
 10
203.3501384803094
 20
259.1927394601886
 30
0.0
 40
21.00000000000001
100
AcDbArc
 50
162.7661604735794
 51
164.1733798681276
  0
ARC
  5
40D
330
1F
100
AcDbEntity
  8
SLD-0
  6
Continuous
 62
     7
370
    25
100
AcDbCircle
 10
203.3501384803094
 20
259.1927394601886
 30
0.0
 40
29.25000000000008
100
AcDbArc
 50
21.32368626349793
 51
167.7375870900366
  0
ARC
  5
40E
330
1F
100
AcDbEntity
  8
SLD-0
  6
Continuous
 62
     7
370
    25
100
AcDbCircle
 10
203.3501384803094
 20
259.1927394601886
 30
0.0
 40
20.99999999999996
100
AcDbArc
 50
149.2511947950544
 51
149.3355729528143
  0
ARC
  5
40F
330
1F
100
AcDbEntity
  8
SLD-0
  6
Continuous
 62
     7
370
    25
100
AcDbCircle
 10
203.3501384803094
 20
259.1927394601886
 30
0.0
 40
21.00000000000006
100
AcDbArc
 50
120.6644270471859
 51
120.7488052049463
  0
ARC
  5
410
330
1F
100
AcDbEntity
  8
SLD-0
  6
Continuous
 62
     7
370
    25
100
AcDbCircle
 10
203.3501384803094
 20
259.1927394601886
 30
0.0
 40
21.00000000000015
100
AcDbArc
 50
59.25119479505384
 51
59.33557295281383
  0
ARC
  5
411
330
1F
100
AcDbEntity
  8
SLD-0
  6
Continuous
 62
     7
370
    25
100
AcDbCircle
 10
203.3501384803094
 20
259.1927394601886
 30
0.0
 40
21.00000000000004
100
AcDbArc
 50
15.82662013187229
 51
17.2338395264206
  0
ARC
  5
412
330
1F
100
AcDbEntity
  8
SLD-0
  6
Continuous
 62
     7
370
    25
100
AcDbCircle
 10
203.3501384803094
 20
259.1927394601886
 30
0.0
 40
21.00000000000011
100
AcDbArc
 50
30.66442704718571
 51
30.74880520494612
  0
ARC
  5
413
330
1F
100
AcDbEntity
  8
SLD-0
  6
Continuous
 62
     7
370
    25
100
AcDbCircle
 10
241.3501384803094
 20
269.1927394601887
 30
0.0
 40
1.599999999999994
100
AcDbArc
 50
180.0
 51
0.0
  0
CIRCLE
  5
414
330
1F
100
AcDbEntity
  8
SLD-0
  6
Continuous
 62
     7
370
    25
100
AcDbCircle
 10
225.3501384803095
 20
269.1927394601884
 30
0.0
 40
1.700000000000017
  0
CIRCLE
  5
415
330
1F
100
AcDbEntity
  8
SLD-0
  6
Continuous
 62
     7
370
    25
100
AcDbCircle
 10
213.3501384803094
 20
281.1927394601886
 30
0.0
 40
1.699999999999989
  0
CIRCLE
  5
416
330
1F
100
AcDbEntity
  8
SLD-0
  6
Continuous
 62
     7
370
    25
100
AcDbCircle
 10
193.3501384803094
 20
281.1927394601886
 30
0.0
 40
1.700000000000017
  0
CIRCLE
  5
417
330
1F
100
AcDbEntity
  8
SLD-0
  6
Continuous
 62
     7
370
    25
100
AcDbCircle
 10
181.3501384803093
 20
269.1927394601884
 30
0.0
 40
1.699999999999989
  0
CIRCLE
  5
418
330
1F
100
AcDbEntity
  8
SLD-0
  6
Continuous
 62
     7
370
    25
100
AcDbCircle
 10
94.53706419140848
 20
286.1308731445942
 30
0.0
 40
3.250000000000014
  0
CIRCLE
  5
419
330
1F
100
AcDbEntity
  8
SLD-0
  6
Continuous
 62
     7
370
    25
100
AcDbCircle
 10
82.53706419140838
 20
274.1308731445938
 30
0.0
 40
3.250000000000014
  0
CIRCLE
  5
41A
330
1F
100
AcDbEntity
  8
SLD-0
  6
Continuous
 62
     7
370
    25
100
AcDbCircle
 10
114.5370641914085
 20
286.1308731445942
 30
0.0
 40
3.25
  0
CIRCLE
  5
41B
330
1F
100
AcDbEntity
  8
SLD-0
  6
Continuous
 62
     7
370
    25
100
AcDbCircle
 10
126.5370641914086
 20
274.1308731445938
 30
0.0
 40
3.250000000000014
  0
ARC
  5
41C
330
1F
100
AcDbEntity
  8
SLD-0
  6
Continuous
 62
     7
370
    25
100
AcDbCircle
 10
145.5370641914085
 20
270.1308731445941
 30
0.0
 40
1.0
100
AcDbArc
 50
270.0000000000008
 51
0.0
  0
ARC
  5
41D
330
1F
100
AcDbEntity
  8
SLD-0
  6
Continuous
 62
     7
370
    25
100
AcDbCircle
 10
125.7030746799252
 20
270.1308731445941
 30
0.0
 40
1.000000000000013
100
AcDbArc
 50
195.8266201318717
 51
270.0000000000024
  0
ARC
  5
41E
330
1F
100
AcDbEntity
  8
SLD-0
  6
Continuous
 62
     7
370
    25
100
AcDbCircle
 10
123.639135132392
 20
270.0563170744302
 30
0.0
 40
1.000000000000032
100
AcDbArc
 50
17.23383952642143
 51
54.57858388043444
  0
ARC
  5
41F
330
1F
100
AcDbEntity
  8
SLD-0
  6
Continuous
 62
     7
370
    25
100
AcDbCircle
 10
126.5370641914086
 20
274.1308731445938
 30
0.0
 40
4.0
100
AcDbArc
 50
169.7730834834135
 51
234.5785838804356
  0
ARC
  5
420
330
1F
100
AcDbEntity
  8
SLD-0
  6
Continuous
 62
     7
370
    25
100
AcDbCircle
 10
115.6739959950967
 20
275.2678049482822
 30
0.0
 40
6.922401959457519
100
AcDbArc
 50
356.6861378968217
 51
93.31386210317983
  0
ARC
  5
421
330
1F
100
AcDbEntity
  8
SLD-0
  6
Continuous
 62
     7
370
    25
100
AcDbCircle
 10
114.5370641914085
 20
286.1308731445942
 30
0.0
 40
4.000000000000115
100
AcDbArc
 50
210.8851739225845
 51
280.2269165165862
  0
ARC
  5
422
330
1F
100
AcDbEntity
  8
SLD-0
  6
Continuous
 62
     7
370
    25
100
AcDbCircle
 10
104.5370641914085
 20
279.8808731445941
 30
0.0
 40
7.792476415070785
100
AcDbArc
 50
32.59072256337614
 51
147.4092774366239
  0
ARC
  5
423
330
1F
100
AcDbEntity
  8
SLD-0
  6
Continuous
 62
     7
370
    25
100
AcDbCircle
 10
94.53706419140848
 20
286.1308731445942
 30
0.0
 40
4.000000000000092
100
AcDbArc
 50
259.7730834834172
 51
329.114826077419
  0
ARC
  5
424
330
1F
100
AcDbEntity
  8
SLD-0
  6
Continuous
 62
     7
370
    25
100
AcDbCircle
 10
93.4001323877203
 20
275.2678049482822
 30
0.0
 40
6.922401959457568
100
AcDbArc
 50
86.6861378968201
 51
183.3138621031813
  0
ARC
  5
425
330
1F
100
AcDbEntity
  8
SLD-0
  6
Continuous
 62
     7
370
    25
100
AcDbCircle
 10
82.53706419140838
 20
274.1308731445938
 30
0.0
 40
4.000000000000002
100
AcDbArc
 50
305.4214161195666
 51
10.22691651658653
  0
ARC
  5
426
330
1F
100
AcDbEntity
  8
SLD-0
  6
Continuous
 62
     7
370
    25
100
AcDbCircle
 10
85.43499325042494
 20
270.0563170744302
 30
0.0
 40
1.000000000000019
100
AcDbArc
 50
125.4214161195635
 51
162.7661604735786
  0
ARC
  5
427
330
1F
100
AcDbEntity
  8
SLD-0
  6
Continuous
 62
     7
370
    25
100
AcDbCircle
 10
83.37105370289176
 20
270.1308731445941
 30
0.0
 40
1.0
100
AcDbArc
 50
270.0000000000016
 51
344.1733798681296
  0
ARC
  5
428
330
1F
100
AcDbEntity
  8
SLD-0
  6
Continuous
 62
     7
370
    25
100
AcDbCircle
 10
76.9315846628801
 20
270.1308731445941
 30
0.0
 40
1.0
100
AcDbArc
 50
167.7375870900371
 51
270.0000000000016
  0
ARC
  5
429
330
1F
100
AcDbEntity
  8
SLD-0
  6
Continuous
 62
     7
370
    25
100
AcDbCircle
 10
132.7161787977974
 20
275.1308731445941
 30
0.0
 40
1.000000000000007
100
AcDbArc
 50
201.3236862634992
 51
270.0000000000008
  0
ARC
  5
42A
330
1F
100
AcDbEntity
  8
SLD-0
  6
Continuous
 62
     7
370
    25
100
AcDbCircle
 10
145.5370641914085
 20
273.1308731445941
 30
0.0
 40
1.0
100
AcDbArc
 50
0.0
 51
90.0
  0
ARC
  5
42B
330
1F
100
AcDbEntity
  8
SLD-0
  6
Continuous
 62
     7
370
    25
100
AcDbCircle
 10
104.5370641914085
 20
264.1308731445941
 30
0.0
 40
21.00000000000001
100
AcDbArc
 50
162.7661604735794
 51
164.1733798681276
  0
ARC
  5
42C
330
1F
100
AcDbEntity
  8
SLD-0
  6
Continuous
 62
     7
370
    25
100
AcDbCircle
 10
104.5370641914085
 20
264.1308731445941
 30
0.0
 40
29.25000000000002
100
AcDbArc
 50
21.32368626349789
 51
167.7375870900366
  0
ARC
  5
42D
330
1F
100
AcDbEntity
  8
SLD-0
  6
Continuous
 62
     7
370
    25
100
AcDbCircle
 10
104.5370641914085
 20
264.1308731445941
 30
0.0
 40
21.00000000000001
100
AcDbArc
 50
149.2511947950543
 51
149.3355729528143
  0
ARC
  5
42E
330
1F
100
AcDbEntity
  8
SLD-0
  6
Continuous
 62
     7
370
    25
100
AcDbCircle
 10
104.5370641914085
 20
264.1308731445941
 30
0.0
 40
21.00000000000003
100
AcDbArc
 50
120.664427047186
 51
120.7488052049462
  0
ARC
  5
42F
330
1F
100
AcDbEntity
  8
SLD-0
  6
Continuous
 62
     7
370
    25
100
AcDbCircle
 10
104.5370641914085
 20
264.1308731445941
 30
0.0
 40
21.00000000000003
100
AcDbArc
 50
59.25119479505361
 51
59.33557295281363
  0
ARC
  5
430
330
1F
100
AcDbEntity
  8
SLD-0
  6
Continuous
 62
     7
370
    25
100
AcDbCircle
 10
104.5370641914085
 20
264.1308731445941
 30
0.0
 40
21.00000000000004
100
AcDbArc
 50
15.8266201318724
 51
17.2338395264206
  0
ARC
  5
431
330
1F
100
AcDbEntity
  8
SLD-0
  6
Continuous
 62
     7
370
    25
100
AcDbCircle
 10
104.5370641914085
 20
264.1308731445941
 30
0.0
 40
21.00000000000009
100
AcDbArc
 50
30.66442704718562
 51
30.74880520494615
  0
ARC
  5
432
330
1F
100
AcDbEntity
  8
SLD-0
  6
Continuous
 62
     7
370
    25
100
AcDbCircle
 10
142.5370641914085
 20
274.1308731445941
 30
0.0
 40
1.599999999999994
100
AcDbArc
 50
180.0
 51
0.0
  0
CIRCLE
  5
433
330
1F
100
AcDbEntity
  8
SLD-0
  6
Continuous
 62
     7
370
    25
100
AcDbCircle
 10
126.5370641914086
 20
274.1308731445938
 30
0.0
 40
1.700000000000003
  0
CIRCLE
  5
434
330
1F
100
AcDbEntity
  8
SLD-0
  6
Continuous
 62
     7
370
    25
100
AcDbCircle
 10
114.5370641914085
 20
286.1308731445942
 30
0.0
 40
1.700000000000003
  0
CIRCLE
  5
435
330
1F
100
AcDbEntity
  8
SLD-0
  6
Continuous
 62
     7
370
    25
100
AcDbCircle
 10
94.53706419140848
 20
286.1308731445942
 30
0.0
 40
1.700000000000017
  0
CIRCLE
  5
436
330
1F
100
AcDbEntity
  8
SLD-0
  6
Continuous
 62
     7
370
    25
100
AcDbCircle
 10
82.53706419140838
 20
274.1308731445938
 30
0.0
 40
1.700000000000017
  0
CIRCLE
  5
437
330
1F
100
AcDbEntity
  8
SLD-0
  6
Continuous
 62
     7
370
    25
100
AcDbCircle
 10
285.0220732079426
 20
236.6177326422433
 30
0.0
 40
3.250000000000057
  0
CIRCLE
  5
438
330
1F
100
AcDbEntity
  8
SLD-0
  6
Continuous
 62
     7
370
    25
100
AcDbCircle
 10
273.0220732079425
 20
248.6177326422436
 30
0.0
 40
3.25
  0
CIRCLE
  5
439
330
1F
100
AcDbEntity
  8
SLD-0
  6
Continuous
 62
     7
370
    25
100
AcDbCircle
 10
305.0220732079426
 20
236.6177326422433
 30
0.0
 40
3.25
  0
CIRCLE
  5
43A
330
1F
100
AcDbEntity
  8
SLD-0
  6
Continuous
 62
     7
370
    25
100
AcDbCircle
 10
317.0220732079428
 20
248.6177326422436
 30
0.0
 40
3.249999999999943
  0
ARC
  5
43B
330
1F
100
AcDbEntity
  8
SLD-0
  6
Continuous
 62
     7
370
    25
100
AcDbCircle
 10
336.0220732079426
 20
249.6177326422433
 30
0.0
 40
1.0
100
AcDbArc
 50
270.0000000000008
 51
0.0
  0
ARC
  5
43C
330
1F
100
AcDbEntity
  8
SLD-0
  6
Continuous
 62
     7
370
    25
100
AcDbCircle
 10
323.2011878143315
 20
247.6177326422433
 30
0.0
 40
1.000000000000007
100
AcDbArc
 50
90.0
 51
158.6763137365016
  0
ARC
  5
43D
330
1F
100
AcDbEntity
  8
SLD-0
  6
Continuous
 62
     7
370
    25
100
AcDbCircle
 10
267.4165936794143
 20
252.6177326422433
 30
0.0
 40
1.000000000000028
100
AcDbArc
 50
90.0
 51
192.2624129099637
  0
ARC
  5
43E
330
1F
100
AcDbEntity
  8
SLD-0
  6
Continuous
 62
     7
370
    25
100
AcDbCircle
 10
273.8560627194259
 20
252.6177326422433
 30
0.0
 40
1.000000000000028
100
AcDbArc
 50
15.82662013187248
 51
90.0
  0
ARC
  5
43F
330
1F
100
AcDbEntity
  8
SLD-0
  6
Continuous
 62
     7
370
    25
100
AcDbCircle
 10
275.9200022669591
 20
252.6922887124072
 30
0.0
 40
1.000000000000024
100
AcDbArc
 50
197.2338395264207
 51
234.578583880436
  0
ARC
  5
440
330
1F
100
AcDbEntity
  8
SLD-0
  6
Continuous
 62
     7
370
    25
100
AcDbCircle
 10
273.0220732079425
 20
248.6177326422436
 30
0.0
 40
3.999999999999992
100
AcDbArc
 50
349.7730834834163
 51
54.57858388043506
  0
ARC
  5
441
330
1F
100
AcDbEntity
  8
SLD-0
  6
Continuous
 62
     7
370
    25
100
AcDbCircle
 10
283.8851414042545
 20
247.4808008385552
 30
0.0
 40
6.922401959457519
100
AcDbArc
 50
176.6861378968192
 51
273.3138621031817
  0
ARC
  5
442
330
1F
100
AcDbEntity
  8
SLD-0
  6
Continuous
 62
     7
370
    25
100
AcDbCircle
 10
285.0220732079426
 20
236.6177326422433
 30
0.0
 40
3.999999999999976
100
AcDbArc
 50
30.88517392258169
 51
100.226916516585
  0
ARC
  5
443
330
1F
100
AcDbEntity
  8
SLD-0
  6
Continuous
 62
     7
370
    25
100
AcDbCircle
 10
295.0220732079426
 20
242.8677326422433
 30
0.0
 40
7.792476415070745
100
AcDbArc
 50
212.5907225633774
 51
327.4092774366258
  0
ARC
  5
444
330
1F
100
AcDbEntity
  8
SLD-0
  6
Continuous
 62
     7
370
    25
100
AcDbCircle
 10
305.0220732079426
 20
236.6177326422433
 30
0.0
 40
3.999999999999976
100
AcDbArc
 50
79.77308348341424
 51
149.1148260774183
  0
ARC
  5
445
330
1F
100
AcDbEntity
  8
SLD-0
  6
Continuous
 62
     7
370
    25
100
AcDbCircle
 10
306.1590050116308
 20
247.4808008385552
 30
0.0
 40
6.922401959457518
100
AcDbArc
 50
266.6861378968222
 51
3.313862103180758
  0
ARC
  5
446
330
1F
100
AcDbEntity
  8
SLD-0
  6
Continuous
 62
     7
370
    25
100
AcDbCircle
 10
317.0220732079428
 20
248.6177326422436
 30
0.0
 40
4.000000000000009
100
AcDbArc
 50
125.4214161195649
 51
190.2269165165869
  0
ARC
  5
447
330
1F
100
AcDbEntity
  8
SLD-0
  6
Continuous
 62
     7
370
    25
100
AcDbCircle
 10
314.1241441489262
 20
252.6922887124072
 30
0.0
 40
1.000000000000024
100
AcDbArc
 50
305.4214161195657
 51
342.7661604735809
  0
ARC
  5
448
330
1F
100
AcDbEntity
  8
SLD-0
  6
Continuous
 62
     7
370
    25
100
AcDbCircle
 10
316.1880836964594
 20
252.6177326422433
 30
0.0
 40
1.000000000000028
100
AcDbArc
 50
90.0
 51
164.1733798681275
  0
ARC
  5
449
330
1F
100
AcDbEntity
  8
SLD-0
  6
Continuous
 62
     7
370
    25
100
AcDbCircle
 10
336.0220732079426
 20
252.6177326422433
 30
0.0
 40
1.000000000000028
100
AcDbArc
 50
0.0
 51
90.0
  0
ARC
  5
44A
330
1F
100
AcDbEntity
  8
SLD-0
  6
Continuous
 62
     7
370
    25
100
AcDbCircle
 10
295.0220732079426
 20
258.6177326422433
 30
0.0
 40
20.99999999999999
100
AcDbArc
 50
195.8266201318731
 51
197.2338395264212
  0
ARC
  5
44B
330
1F
100
AcDbEntity
  8
SLD-0
  6
Continuous
 62
     7
370
    25
100
AcDbCircle
 10
295.0220732079426
 20
258.6177326422433
 30
0.0
 40
29.25
100
AcDbArc
 50
192.2624129099641
 51
338.6763137365029
  0
ARC
  5
44C
330
1F
100
AcDbEntity
  8
SLD-0
  6
Continuous
 62
     7
370
    25
100
AcDbCircle
 10
295.0220732079426
 20
258.6177326422433
 30
0.0
 40
20.99999999999998
100
AcDbArc
 50
210.6644270471862
 51
210.7488052049465
  0
ARC
  5
44D
330
1F
100
AcDbEntity
  8
SLD-0
  6
Continuous
 62
     7
370
    25
100
AcDbCircle
 10
295.0220732079426
 20
258.6177326422433
 30
0.0
 40
20.99999999999999
100
AcDbArc
 50
239.2511947950547
 51
239.3355729528146
  0
ARC
  5
44E
330
1F
100
AcDbEntity
  8
SLD-0
  6
Continuous
 62
     7
370
    25
100
AcDbCircle
 10
295.0220732079426
 20
258.6177326422433
 30
0.0
 40
21.00000000000007
100
AcDbArc
 50
300.6644270471872
 51
300.7488052049475
  0
ARC
  5
44F
330
1F
100
AcDbEntity
  8
SLD-0
  6
Continuous
 62
     7
370
    25
100
AcDbCircle
 10
295.0220732079426
 20
258.6177326422433
 30
0.0
 40
20.99999999999999
100
AcDbArc
 50
342.7661604735804
 51
344.1733798681286
  0
ARC
  5
450
330
1F
100
AcDbEntity
  8
SLD-0
  6
Continuous
 62
     7
370
    25
100
AcDbCircle
 10
295.0220732079426
 20
258.6177326422433
 30
0.0
 40
21.00000000000001
100
AcDbArc
 50
329.2511947950551
 51
329.3355729528152
  0
ARC
  5
451
330
1F
100
AcDbEntity
  8
SLD-0
  6
Continuous
 62
     7
370
    25
100
AcDbCircle
 10
333.0220732079426
 20
248.6177326422433
 30
0.0
 40
1.599999999999966
100
AcDbArc
 50
0.0
 51
180.0
  0
CIRCLE
  5
452
330
1F
100
AcDbEntity
  8
SLD-0
  6
Continuous
 62
     7
370
    25
100
AcDbCircle
 10
317.0220732079428
 20
248.6177326422436
 30
0.0
 40
1.699999999999932
  0
CIRCLE
  5
453
330
1F
100
AcDbEntity
  8
SLD-0
  6
Continuous
 62
     7
370
    25
100
AcDbCircle
 10
305.0220732079426
 20
236.6177326422433
 30
0.0
 40
1.699999999999989
  0
CIRCLE
  5
454
330
1F
100
AcDbEntity
  8
SLD-0
  6
Continuous
 62
     7
370
    25
100
AcDbCircle
 10
285.0220732079426
 20
236.6177326422433
 30
0.0
 40
1.699999999999989
  0
CIRCLE
  5
455
330
1F
100
AcDbEntity
  8
SLD-0
  6
Continuous
 62
     7
370
    25
100
AcDbCircle
 10
273.0220732079425
 20
248.6177326422436
 30
0.0
 40
1.700000000000045
  0
CIRCLE
  5
456
330
1F
100
AcDbEntity
  8
SLD-0
  6
Continuous
 62
     7
370
    25
100
AcDbCircle
 10
373.4291211321305
 20
236.6177326422433
 30
0.0
 40
3.250000000000057
  0
CIRCLE
  5
457
330
1F
100
AcDbEntity
  8
SLD-0
  6
Continuous
 62
     7
370
    25
100
AcDbCircle
 10
361.4291211321304
 20
248.6177326422436
 30
0.0
 40
3.25
  0
CIRCLE
  5
458
330
1F
100
AcDbEntity
  8
SLD-0
  6
Continuous
 62
     7
370
    25
100
AcDbCircle
 10
393.4291211321305
 20
236.6177326422433
 30
0.0
 40
3.249999999999943
  0
CIRCLE
  5
459
330
1F
100
AcDbEntity
  8
SLD-0
  6
Continuous
 62
     7
370
    25
100
AcDbCircle
 10
405.4291211321306
 20
248.6177326422436
 30
0.0
 40
3.249999999999943
  0
ARC
  5
45A
330
1F
100
AcDbEntity
  8
SLD-0
  6
Continuous
 62
     7
370
    25
100
AcDbCircle
 10
424.4291211321305
 20
249.6177326422433
 30
0.0
 40
1.0
100
AcDbArc
 50
270.0000000000008
 51
0.0
  0
ARC
  5
45B
330
1F
100
AcDbEntity
  8
SLD-0
  6
Continuous
 62
     7
370
    25
100
AcDbCircle
 10
411.6082357385194
 20
247.6177326422433
 30
0.0
 40
1.000000000000007
100
AcDbArc
 50
90.0
 51
158.6763137365016
  0
ARC
  5
45C
330
1F
100
AcDbEntity
  8
SLD-0
  6
Continuous
 62
     7
370
    25
100
AcDbCircle
 10
355.8236416036021
 20
252.6177326422433
 30
0.0
 40
1.000000000000028
100
AcDbArc
 50
90.0
 51
192.2624129099637
  0
ARC
  5
45D
330
1F
100
AcDbEntity
  8
SLD-0
  6
Continuous
 62
     7
370
    25
100
AcDbCircle
 10
362.2631106436138
 20
252.6177326422433
 30
0.0
 40
1.000000000000028
100
AcDbArc
 50
15.82662013187248
 51
90.0
  0
ARC
  5
45E
330
1F
100
AcDbEntity
  8
SLD-0
  6
Continuous
 62
     7
370
    25
100
AcDbCircle
 10
364.327050191147
 20
252.6922887124072
 30
0.0
 40
1.000000000000024
100
AcDbArc
 50
197.2338395264207
 51
234.578583880436
  0
ARC
  5
45F
330
1F
100
AcDbEntity
  8
SLD-0
  6
Continuous
 62
     7
370
    25
100
AcDbCircle
 10
361.4291211321304
 20
248.6177326422436
 30
0.0
 40
3.999999999999992
100
AcDbArc
 50
349.7730834834163
 51
54.57858388043506
  0
ARC
  5
460
330
1F
100
AcDbEntity
  8
SLD-0
  6
Continuous
 62
     7
370
    25
100
AcDbCircle
 10
372.2921893284423
 20
247.4808008385552
 30
0.0
 40
6.922401959457519
100
AcDbArc
 50
176.6861378968192
 51
273.3138621031817
  0
ARC
  5
461
330
1F
100
AcDbEntity
  8
SLD-0
  6
Continuous
 62
     7
370
    25
100
AcDbCircle
 10
373.4291211321305
 20
236.6177326422433
 30
0.0
 40
3.999999999999976
100
AcDbArc
 50
30.88517392258169
 51
100.226916516585
  0
ARC
  5
462
330
1F
100
AcDbEntity
  8
SLD-0
  6
Continuous
 62
     7
370
    25
100
AcDbCircle
 10
383.4291211321305
 20
242.8677326422433
 30
0.0
 40
7.792476415070745
100
AcDbArc
 50
212.5907225633774
 51
327.4092774366258
  0
ARC
  5
463
330
1F
100
AcDbEntity
  8
SLD-0
  6
Continuous
 62
     7
370
    25
100
AcDbCircle
 10
393.4291211321305
 20
236.6177326422433
 30
0.0
 40
4.000000000000024
100
AcDbArc
 50
79.77308348341504
 51
149.1148260774187
  0
ARC
  5
464
330
1F
100
AcDbEntity
  8
SLD-0
  6
Continuous
 62
     7
370
    25
100
AcDbCircle
 10
394.5660529358187
 20
247.4808008385552
 30
0.0
 40
6.922401959457574
100
AcDbArc
 50
266.6861378968226
 51
3.31386210318073
  0
ARC
  5
465
330
1F
100
AcDbEntity
  8
SLD-0
  6
Continuous
 62
     7
370
    25
100
AcDbCircle
 10
405.4291211321306
 20
248.6177326422436
 30
0.0
 40
4.000000000000005
100
AcDbArc
 50
125.4214161195638
 51
190.2269165165871
  0
ARC
  5
466
330
1F
100
AcDbEntity
  8
SLD-0
  6
Continuous
 62
     7
370
    25
100
AcDbCircle
 10
402.531192073114
 20
252.6922887124072
 30
0.0
 40
1.000000000000119
100
AcDbArc
 50
305.4214161195703
 51
342.7661604735828
  0
ARC
  5
467
330
1F
100
AcDbEntity
  8
SLD-0
  6
Continuous
 62
     7
370
    25
100
AcDbCircle
 10
404.5951316206472
 20
252.6177326422433
 30
0.0
 40
1.000000000000028
100
AcDbArc
 50
90.0
 51
164.1733798681275
  0
ARC
  5
468
330
1F
100
AcDbEntity
  8
SLD-0
  6
Continuous
 62
     7
370
    25
100
AcDbCircle
 10
424.4291211321305
 20
252.6177326422433
 30
0.0
 40
1.000000000000028
100
AcDbArc
 50
0.0
 51
90.0
  0
ARC
  5
469
330
1F
100
AcDbEntity
  8
SLD-0
  6
Continuous
 62
     7
370
    25
100
AcDbCircle
 10
383.4291211321305
 20
258.6177326422433
 30
0.0
 40
20.99999999999999
100
AcDbArc
 50
195.8266201318731
 51
197.2338395264212
  0
ARC
  5
46A
330
1F
100
AcDbEntity
  8
SLD-0
  6
Continuous
 62
     7
370
    25
100
AcDbCircle
 10
383.4291211321305
 20
258.6177326422433
 30
0.0
 40
29.25
100
AcDbArc
 50
192.2624129099641
 51
338.6763137365029
  0
ARC
  5
46B
330
1F
100
AcDbEntity
  8
SLD-0
  6
Continuous
 62
     7
370
    25
100
AcDbCircle
 10
383.4291211321305
 20
258.6177326422433
 30
0.0
 40
20.99999999999998
100
AcDbArc
 50
210.6644270471862
 51
210.7488052049465
  0
ARC
  5
46C
330
1F
100
AcDbEntity
  8
SLD-0
  6
Continuous
 62
     7
370
    25
100
AcDbCircle
 10
383.4291211321305
 20
258.6177326422433
 30
0.0
 40
20.99999999999999
100
AcDbArc
 50
239.2511947950547
 51
239.3355729528146
  0
ARC
  5
46D
330
1F
100
AcDbEntity
  8
SLD-0
  6
Continuous
 62
     7
370
    25
100
AcDbCircle
 10
383.4291211321305
 20
258.6177326422433
 30
0.0
 40
21.00000000000012
100
AcDbArc
 50
300.6644270471872
 51
300.7488052049476
  0
ARC
  5
46E
330
1F
100
AcDbEntity
  8
SLD-0
  6
Continuous
 62
     7
370
    25
100
AcDbCircle
 10
383.4291211321305
 20
258.6177326422433
 30
0.0
 40
21.0000000000001
100
AcDbArc
 50
342.7661604735805
 51
344.1733798681286
  0
ARC
  5
46F
330
1F
100
AcDbEntity
  8
SLD-0
  6
Continuous
 62
     7
370
    25
100
AcDbCircle
 10
383.4291211321305
 20
258.6177326422433
 30
0.0
 40
21.00000000000005
100
AcDbArc
 50
329.2511947950551
 51
329.3355729528153
  0
ARC
  5
470
330
1F
100
AcDbEntity
  8
SLD-0
  6
Continuous
 62
     7
370
    25
100
AcDbCircle
 10
421.4291211321305
 20
248.6177326422433
 30
0.0
 40
1.599999999999966
100
AcDbArc
 50
0.0
 51
180.0
  0
CIRCLE
  5
471
330
1F
100
AcDbEntity
  8
SLD-0
  6
Continuous
 62
     7
370
    25
100
AcDbCircle
 10
405.4291211321306
 20
248.6177326422436
 30
0.0
 40
1.699999999999989
  0
CIRCLE
  5
472
330
1F
100
AcDbEntity
  8
SLD-0
  6
Continuous
 62
     7
370
    25
100
AcDbCircle
 10
393.4291211321305
 20
236.6177326422433
 30
0.0
 40
1.699999999999932
  0
CIRCLE
  5
473
330
1F
100
AcDbEntity
  8
SLD-0
  6
Continuous
 62
     7
370
    25
100
AcDbCircle
 10
373.4291211321305
 20
236.6177326422433
 30
0.0
 40
1.699999999999989
  0
CIRCLE
  5
474
330
1F
100
AcDbEntity
  8
SLD-0
  6
Continuous
 62
     7
370
    25
100
AcDbCircle
 10
361.4291211321304
 20
248.6177326422436
 30
0.0
 40
1.700000000000045
  0
CIRCLE
  5
475
330
1F
100
AcDbEntity
  8
SLD-0
  6
Continuous
 62
     7
370
    25
100
AcDbCircle
 10
373.4291211321304
 20
283.6371595380476
 30
0.0
 40
3.250000000000057
  0
CIRCLE
  5
476
330
1F
100
AcDbEntity
  8
SLD-0
  6
Continuous
 62
     7
370
    25
100
AcDbCircle
 10
361.4291211321303
 20
271.6371595380473
 30
0.0
 40
3.250000000000057
  0
CIRCLE
  5
477
330
1F
100
AcDbEntity
  8
SLD-0
  6
Continuous
 62
     7
370
    25
100
AcDbCircle
 10
393.4291211321304
 20
283.6371595380476
 30
0.0
 40
3.249999999999943
  0
CIRCLE
  5
478
330
1F
100
AcDbEntity
  8
SLD-0
  6
Continuous
 62
     7
370
    25
100
AcDbCircle
 10
405.4291211321305
 20
271.6371595380473
 30
0.0
 40
3.249999999999943
  0
ARC
  5
479
330
1F
100
AcDbEntity
  8
SLD-0
  6
Continuous
 62
     7
370
    25
100
AcDbCircle
 10
424.4291211321304
 20
267.6371595380476
 30
0.0
 40
1.0
100
AcDbArc
 50
270.0000000000008
 51
0.0
  0
ARC
  5
47A
330
1F
100
AcDbEntity
  8
SLD-0
  6
Continuous
 62
     7
370
    25
100
AcDbCircle
 10
404.5951316206471
 20
267.6371595380476
 30
0.0
 40
1.000000000000013
100
AcDbArc
 50
195.8266201318717
 51
270.0000000000008
  0
ARC
  5
47B
330
1F
100
AcDbEntity
  8
SLD-0
  6
Continuous
 62
     7
370
    25
100
AcDbCircle
 10
402.5311920731139
 20
267.5626034678837
 30
0.0
 40
1.000000000000128
100
AcDbArc
 50
17.2338395264195
 51
54.57858388043245
  0
ARC
  5
47C
330
1F
100
AcDbEntity
  8
SLD-0
  6
Continuous
 62
     7
370
    25
100
AcDbCircle
 10
405.4291211321305
 20
271.6371595380473
 30
0.0
 40
3.999999999999983
100
AcDbArc
 50
169.773083483415
 51
234.5785838804368
  0
ARC
  5
47D
330
1F
100
AcDbEntity
  8
SLD-0
  6
Continuous
 62
     7
370
    25
100
AcDbCircle
 10
394.5660529358186
 20
272.7740913417356
 30
0.0
 40
6.922401959457566
100
AcDbArc
 50
356.6861378968213
 51
93.31386210317959
  0
ARC
  5
47E
330
1F
100
AcDbEntity
  8
SLD-0
  6
Continuous
 62
     7
370
    25
100
AcDbCircle
 10
393.4291211321304
 20
283.6371595380476
 30
0.0
 40
4.000000000000004
100
AcDbArc
 50
210.8851739225832
 51
280.2269165165865
  0
ARC
  5
47F
330
1F
100
AcDbEntity
  8
SLD-0
  6
Continuous
 62
     7
370
    25
100
AcDbCircle
 10
383.4291211321304
 20
277.3871595380476
 30
0.0
 40
7.792476415070743
100
AcDbArc
 50
32.59072256337583
 51
147.4092774366242
  0
ARC
  5
480
330
1F
100
AcDbEntity
  8
SLD-0
  6
Continuous
 62
     7
370
    25
100
AcDbCircle
 10
373.4291211321304
 20
283.6371595380476
 30
0.0
 40
3.999999999999983
100
AcDbArc
 50
259.7730834834167
 51
329.114826077421
  0
ARC
  5
481
330
1F
100
AcDbEntity
  8
SLD-0
  6
Continuous
 62
     7
370
    25
100
AcDbCircle
 10
372.2921893284422
 20
272.7740913417356
 30
0.0
 40
6.922401959457522
100
AcDbArc
 50
86.68613789681996
 51
183.3138621031822
  0
ARC
  5
482
330
1F
100
AcDbEntity
  8
SLD-0
  6
Continuous
 62
     7
370
    25
100
AcDbCircle
 10
361.4291211321303
 20
271.6371595380473
 30
0.0
 40
4.000000000000002
100
AcDbArc
 50
305.4214161195666
 51
10.22691651658489
  0
ARC
  5
483
330
1F
100
AcDbEntity
  8
SLD-0
  6
Continuous
 62
     7
370
    25
100
AcDbCircle
 10
364.3270501911468
 20
267.5626034678837
 30
0.0
 40
1.000000000000037
100
AcDbArc
 50
125.4214161195604
 51
162.7661604735786
  0
ARC
  5
484
330
1F
100
AcDbEntity
  8
SLD-0
  6
Continuous
 62
     7
370
    25
100
AcDbCircle
 10
362.2631106436137
 20
267.6371595380476
 30
0.0
 40
1.000000000000013
100
AcDbArc
 50
270.0000000000008
 51
344.1733798681299
  0
ARC
  5
485
330
1F
100
AcDbEntity
  8
SLD-0
  6
Continuous
 62
     7
370
    25
100
AcDbCircle
 10
355.823641603602
 20
267.6371595380476
 30
0.0
 40
1.0
100
AcDbArc
 50
167.7375870900371
 51
270.0000000000008
  0
ARC
  5
486
330
1F
100
AcDbEntity
  8
SLD-0
  6
Continuous
 62
     7
370
    25
100
AcDbCircle
 10
411.6082357385193
 20
272.6371595380476
 30
0.0
 40
1.0
100
AcDbArc
 50
201.3236862634962
 51
270.0000000000008
  0
ARC
  5
487
330
1F
100
AcDbEntity
  8
SLD-0
  6
Continuous
 62
     7
370
    25
100
AcDbCircle
 10
424.4291211321304
 20
270.6371595380476
 30
0.0
 40
1.0
100
AcDbArc
 50
0.0
 51
90.0
  0
ARC
  5
488
330
1F
100
AcDbEntity
  8
SLD-0
  6
Continuous
 62
     7
370
    25
100
AcDbCircle
 10
383.4291211321304
 20
261.6371595380476
 30
0.0
 40
21.0
100
AcDbArc
 50
162.7661604735795
 51
164.1733798681276
  0
ARC
  5
489
330
1F
100
AcDbEntity
  8
SLD-0
  6
Continuous
 62
     7
370
    25
100
AcDbCircle
 10
383.4291211321304
 20
261.6371595380476
 30
0.0
 40
29.25000000000002
100
AcDbArc
 50
21.32368626349801
 51
167.7375870900366
  0
ARC
  5
48A
330
1F
100
AcDbEntity
  8
SLD-0
  6
Continuous
 62
     7
370
    25
100
AcDbCircle
 10
383.4291211321304
 20
261.6371595380476
 30
0.0
 40
20.99999999999998
100
AcDbArc
 50
149.2511947950545
 51
149.3355729528145
  0
ARC
  5
48B
330
1F
100
AcDbEntity
  8
SLD-0
  6
Continuous
 62
     7
370
    25
100
AcDbCircle
 10
383.4291211321304
 20
261.6371595380476
 30
0.0
 40
20.99999999999998
100
AcDbArc
 50
120.6644270471861
 51
120.7488052049463
  0
ARC
  5
48C
330
1F
100
AcDbEntity
  8
SLD-0
  6
Continuous
 62
     7
370
    25
100
AcDbCircle
 10
383.4291211321304
 20
261.6371595380476
 30
0.0
 40
21.00000000000005
100
AcDbArc
 50
59.25119479505354
 51
59.33557295281355
  0
ARC
  5
48D
330
1F
100
AcDbEntity
  8
SLD-0
  6
Continuous
 62
     7
370
    25
100
AcDbCircle
 10
383.4291211321304
 20
261.6371595380476
 30
0.0
 40
21.00000000000011
100
AcDbArc
 50
15.8266201318724
 51
17.23383952642038
  0
ARC
  5
48E
330
1F
100
AcDbEntity
  8
SLD-0
  6
Continuous
 62
     7
370
    25
100
AcDbCircle
 10
383.4291211321304
 20
261.6371595380476
 30
0.0
 40
21.0000000000001
100
AcDbArc
 50
30.66442704718543
 51
30.74880520494595
  0
ARC
  5
48F
330
1F
100
AcDbEntity
  8
SLD-0
  6
Continuous
 62
     7
370
    25
100
AcDbCircle
 10
421.4291211321304
 20
271.6371595380476
 30
0.0
 40
1.599999999999966
100
AcDbArc
 50
180.0
 51
0.0
  0
CIRCLE
  5
490
330
1F
100
AcDbEntity
  8
SLD-0
  6
Continuous
 62
     7
370
    25
100
AcDbCircle
 10
405.4291211321305
 20
271.6371595380473
 30
0.0
 40
1.699999999999989
  0
CIRCLE
  5
491
330
1F
100
AcDbEntity
  8
SLD-0
  6
Continuous
 62
     7
370
    25
100
AcDbCircle
 10
393.4291211321304
 20
283.6371595380476
 30
0.0
 40
1.699999999999932
  0
CIRCLE
  5
492
330
1F
100
AcDbEntity
  8
SLD-0
  6
Continuous
 62
     7
370
    25
100
AcDbCircle
 10
373.4291211321304
 20
283.6371595380476
 30
0.0
 40
1.699999999999989
  0
CIRCLE
  5
493
330
1F
100
AcDbEntity
  8
SLD-0
  6
Continuous
 62
     7
370
    25
100
AcDbCircle
 10
361.4291211321303
 20
271.6371595380473
 30
0.0
 40
1.700000000000045
  0
CIRCLE
  5
494
330
1F
100
AcDbEntity
  8
SLD-0
  6
Continuous
 62
     7
370
    25
100
AcDbCircle
 10
285.0220732079427
 20
281.7882515823567
 30
0.0
 40
3.25
  0
CIRCLE
  5
495
330
1F
100
AcDbEntity
  8
SLD-0
  6
Continuous
 62
     7
370
    25
100
AcDbCircle
 10
273.0220732079426
 20
269.7882515823564
 30
0.0
 40
3.25
  0
CIRCLE
  5
496
330
1F
100
AcDbEntity
  8
SLD-0
  6
Continuous
 62
     7
370
    25
100
AcDbCircle
 10
305.0220732079427
 20
281.7882515823567
 30
0.0
 40
3.25
  0
CIRCLE
  5
497
330
1F
100
AcDbEntity
  8
SLD-0
  6
Continuous
 62
     7
370
    25
100
AcDbCircle
 10
317.0220732079428
 20
269.7882515823564
 30
0.0
 40
3.249999999999943
  0
ARC
  5
498
330
1F
100
AcDbEntity
  8
SLD-0
  6
Continuous
 62
     7
370
    25
100
AcDbCircle
 10
336.0220732079427
 20
265.7882515823567
 30
0.0
 40
1.0
100
AcDbArc
 50
270.0000000000008
 51
0.0
  0
ARC
  5
499
330
1F
100
AcDbEntity
  8
SLD-0
  6
Continuous
 62
     7
370
    25
100
AcDbCircle
 10
316.1880836964594
 20
265.7882515823567
 30
0.0
 40
1.000000000000013
100
AcDbArc
 50
195.8266201318717
 51
270.0000000000008
  0
ARC
  5
49A
330
1F
100
AcDbEntity
  8
SLD-0
  6
Continuous
 62
     7
370
    25
100
AcDbCircle
 10
314.1241441489262
 20
265.7136955121928
 30
0.0
 40
1.00000000000001
100
AcDbArc
 50
17.23383952641832
 51
54.57858388043056
  0
ARC
  5
49B
330
1F
100
AcDbEntity
  8
SLD-0
  6
Continuous
 62
     7
370
    25
100
AcDbCircle
 10
317.0220732079428
 20
269.7882515823564
 30
0.0
 40
4.000000000000024
100
AcDbArc
 50
169.7730834834127
 51
234.5785838804363
  0
ARC
  5
49C
330
1F
100
AcDbEntity
  8
SLD-0
  6
Continuous
 62
     7
370
    25
100
AcDbCircle
 10
306.1590050116309
 20
270.9251833860448
 30
0.0
 40
6.922401959457509
100
AcDbArc
 50
356.6861378968217
 51
93.31386210317959
  0
ARC
  5
49D
330
1F
100
AcDbEntity
  8
SLD-0
  6
Continuous
 62
     7
370
    25
100
AcDbCircle
 10
305.0220732079427
 20
281.7882515823567
 30
0.0
 40
4.000000000000069
100
AcDbArc
 50
210.8851739225839
 51
280.2269165165872
  0
ARC
  5
49E
330
1F
100
AcDbEntity
  8
SLD-0
  6
Continuous
 62
     7
370
    25
100
AcDbCircle
 10
295.0220732079427
 20
275.5382515823567
 30
0.0
 40
7.792476415070773
100
AcDbArc
 50
32.59072256337619
 51
147.4092774366238
  0
ARC
  5
49F
330
1F
100
AcDbEntity
  8
SLD-0
  6
Continuous
 62
     7
370
    25
100
AcDbCircle
 10
285.0220732079427
 20
281.7882515823567
 30
0.0
 40
4.000000000000053
100
AcDbArc
 50
259.7730834834168
 51
329.1148260774189
  0
ARC
  5
4A0
330
1F
100
AcDbEntity
  8
SLD-0
  6
Continuous
 62
     7
370
    25
100
AcDbCircle
 10
283.8851414042545
 20
270.9251833860448
 30
0.0
 40
6.922401959457516
100
AcDbArc
 50
86.68613789681996
 51
183.3138621031813
  0
ARC
  5
4A1
330
1F
100
AcDbEntity
  8
SLD-0
  6
Continuous
 62
     7
370
    25
100
AcDbCircle
 10
273.0220732079426
 20
269.7882515823564
 30
0.0
 40
4.000000000000024
100
AcDbArc
 50
305.4214161195666
 51
10.2269165165873
  0
ARC
  5
4A2
330
1F
100
AcDbEntity
  8
SLD-0
  6
Continuous
 62
     7
370
    25
100
AcDbCircle
 10
275.9200022669591
 20
265.7136955121928
 30
0.0
 40
0.999999999999948
100
AcDbArc
 50
125.4214161195615
 51
162.7661604735807
  0
ARC
  5
4A3
330
1F
100
AcDbEntity
  8
SLD-0
  6
Continuous
 62
     7
370
    25
100
AcDbCircle
 10
273.8560627194259
 20
265.7882515823567
 30
0.0
 40
1.000000000000013
100
AcDbArc
 50
270.0000000000008
 51
344.1733798681299
  0
ARC
  5
4A4
330
1F
100
AcDbEntity
  8
SLD-0
  6
Continuous
 62
     7
370
    25
100
AcDbCircle
 10
267.4165936794143
 20
265.7882515823567
 30
0.0
 40
1.0
100
AcDbArc
 50
167.7375870900371
 51
270.0000000000008
  0
ARC
  5
4A5
330
1F
100
AcDbEntity
  8
SLD-0
  6
Continuous
 62
     7
370
    25
100
AcDbCircle
 10
323.2011878143316
 20
270.7882515823567
 30
0.0
 40
1.000000000000007
100
AcDbArc
 50
201.3236862634992
 51
270.0000000000008
  0
ARC
  5
4A6
330
1F
100
AcDbEntity
  8
SLD-0
  6
Continuous
 62
     7
370
    25
100
AcDbCircle
 10
336.0220732079427
 20
268.7882515823567
 30
0.0
 40
1.0
100
AcDbArc
 50
0.0
 51
90.0
  0
ARC
  5
4A7
330
1F
100
AcDbEntity
  8
SLD-0
  6
Continuous
 62
     7
370
    25
100
AcDbCircle
 10
295.0220732079427
 20
259.7882515823567
 30
0.0
 40
21.00000000000001
100
AcDbArc
 50
162.7661604735795
 51
164.1733798681276
  0
ARC
  5
4A8
330
1F
100
AcDbEntity
  8
SLD-0
  6
Continuous
 62
     7
370
    25
100
AcDbCircle
 10
295.0220732079427
 20
259.7882515823567
 30
0.0
 40
29.25
100
AcDbArc
 50
21.3236862634979
 51
167.7375870900366
  0
ARC
  5
4A9
330
1F
100
AcDbEntity
  8
SLD-0
  6
Continuous
 62
     7
370
    25
100
AcDbCircle
 10
295.0220732079427
 20
259.7882515823567
 30
0.0
 40
21.00000000000004
100
AcDbArc
 50
149.2511947950542
 51
149.3355729528142
  0
ARC
  5
4AA
330
1F
100
AcDbEntity
  8
SLD-0
  6
Continuous
 62
     7
370
    25
100
AcDbCircle
 10
295.0220732079427
 20
259.7882515823567
 30
0.0
 40
20.99999999999998
100
AcDbArc
 50
120.6644270471861
 51
120.7488052049463
  0
ARC
  5
4AB
330
1F
100
AcDbEntity
  8
SLD-0
  6
Continuous
 62
     7
370
    25
100
AcDbCircle
 10
295.0220732079427
 20
259.7882515823567
 30
0.0
 40
21.00000000000005
100
AcDbArc
 50
59.25119479505354
 51
59.33557295281355
  0
ARC
  5
4AC
330
1F
100
AcDbEntity
  8
SLD-0
  6
Continuous
 62
     7
370
    25
100
AcDbCircle
 10
295.0220732079427
 20
259.7882515823567
 30
0.0
 40
21.00000000000001
100
AcDbArc
 50
15.8266201318724
 51
17.23383952642047
  0
ARC
  5
4AD
330
1F
100
AcDbEntity
  8
SLD-0
  6
Continuous
 62
     7
370
    25
100
AcDbCircle
 10
295.0220732079427
 20
259.7882515823567
 30
0.0
 40
21.00000000000008
100
AcDbArc
 50
30.66442704718578
 51
30.74880520494617
  0
ARC
  5
4AE
330
1F
100
AcDbEntity
  8
SLD-0
  6
Continuous
 62
     7
370
    25
100
AcDbCircle
 10
333.0220732079427
 20
269.7882515823567
 30
0.0
 40
1.599999999999966
100
AcDbArc
 50
180.0
 51
0.0
  0
CIRCLE
  5
4AF
330
1F
100
AcDbEntity
  8
SLD-0
  6
Continuous
 62
     7
370
    25
100
AcDbCircle
 10
317.0220732079428
 20
269.7882515823564
 30
0.0
 40
1.699999999999932
  0
CIRCLE
  5
4B0
330
1F
100
AcDbEntity
  8
SLD-0
  6
Continuous
 62
     7
370
    25
100
AcDbCircle
 10
305.0220732079427
 20
281.7882515823567
 30
0.0
 40
1.699999999999989
  0
CIRCLE
  5
4B1
330
1F
100
AcDbEntity
  8
SLD-0
  6
Continuous
 62
     7
370
    25
100
AcDbCircle
 10
285.0220732079427
 20
281.7882515823567
 30
0.0
 40
1.699999999999989
  0
CIRCLE
  5
4B2
330
1F
100
AcDbEntity
  8
SLD-0
  6
Continuous
 62
     7
370
    25
100
AcDbCircle
 10
273.0220732079426
 20
269.7882515823564
 30
0.0
 40
1.700000000000045
  0
CIRCLE
  5
4B3
330
1F
100
AcDbEntity
  8
SLD-0
  6
Continuous
 62
     7
370
    25
100
AcDbCircle
 10
114.9239209948794
 20
176.3612862021434
 30
0.0
 40
1.5
  0
CIRCLE
  5
4B4
330
1F
100
AcDbEntity
  8
SLD-0
  6
Continuous
 62
     7
370
    25
100
AcDbCircle
 10
114.9239209948794
 20
211.3612862021434
 30
0.0
 40
1.5
  0
ARC
  5
4B5
330
1F
100
AcDbEntity
  8
SLD-0
  6
Continuous
 62
     7
370
    25
100
AcDbCircle
 10
93.79255014498086
 20
198.8847593622449
 30
0.0
 40
1.599999999999977
100
AcDbArc
 50
315.000000000003
 51
134.9999999999993
  0
ARC
  5
4B6
330
1F
100
AcDbEntity
  8
SLD-0
  6
Continuous
 62
     7
370
    25
100
AcDbCircle
 10
87.92392099487935
 20
206.0161302121434
 30
0.0
 40
1.600000000000005
100
AcDbArc
 50
218.6821874534914
 51
321.3178125465125
  0
ARC
  5
4B7
330
1F
100
AcDbEntity
  8
SLD-0
  6
Continuous
 62
     7
370
    25
100
AcDbCircle
 10
92.92392099487935
 20
207.0161302121434
 30
0.0
 40
2.0
100
AcDbArc
 50
270.0000000000016
 51
0.0
  0
ARC
  5
4B8
330
1F
100
AcDbEntity
  8
SLD-0
  6
Continuous
 62
     7
370
    25
100
AcDbCircle
 10
120.9239209948794
 20
207.0161302121434
 30
0.0
 40
2.0
100
AcDbArc
 50
180.0
 51
270.0000000000016
  0
ARC
  5
4B9
330
1F
100
AcDbEntity
  8
SLD-0
  6
Continuous
 62
     7
370
    25
100
AcDbCircle
 10
125.9239209948794
 20
206.0161302121434
 30
0.0
 40
1.600000000000027
100
AcDbArc
 50
218.6821874534908
 51
321.3178125465125
  0
ARC
  5
4BA
330
1F
100
AcDbEntity
  8
SLD-0
  6
Continuous
 62
     7
370
    25
100
AcDbCircle
 10
120.0552918447778
 20
198.8847593622449
 30
0.0
 40
1.599999999999997
100
AcDbArc
 50
45.0
 51
225.0000000000012
  0
ARC
  5
4BB
330
1F
100
AcDbEntity
  8
SLD-0
  6
Continuous
 62
     7
370
    25
100
AcDbCircle
 10
120.0552918447778
 20
191.1475010620419
 30
0.0
 40
1.599999999999997
100
AcDbArc
 50
135.0000000000004
 51
315.0000000000022
  0
ARC
  5
4BC
330
1F
100
AcDbEntity
  8
SLD-0
  6
Continuous
 62
     7
370
    25
100
AcDbCircle
 10
125.9239209948794
 20
184.4161302121434
 30
0.0
 40
1.600000000000026
100
AcDbArc
 50
22.02431283704305
 51
157.9756871629573
  0
ARC
  5
4BD
330
1F
100
AcDbEntity
  8
SLD-0
  6
Continuous
 62
     7
370
    25
100
AcDbCircle
 10
120.9239209948794
 20
183.0161302121435
 30
0.0
 40
1.999999999999986
100
AcDbArc
 50
90.0
 51
180.0
  0
ARC
  5
4BE
330
1F
100
AcDbEntity
  8
SLD-0
  6
Continuous
 62
     7
370
    25
100
AcDbCircle
 10
116.9239209948794
 20
174.7161302121434
 30
0.0
 40
2.000000000000014
100
AcDbArc
 50
270.0000000000013
 51
0.0000000000008142
  0
ARC
  5
4BF
330
1F
100
AcDbEntity
  8
SLD-0
  6
Continuous
 62
     7
370
    25
100
AcDbCircle
 10
96.92392099487937
 20
174.7161302121434
 30
0.0
 40
2.000000000000014
100
AcDbArc
 50
179.9999999999992
 51
270.0000000000013
  0
ARC
  5
4C0
330
1F
100
AcDbEntity
  8
SLD-0
  6
Continuous
 62
     7
370
    25
100
AcDbCircle
 10
92.92392099487935
 20
183.0161302121435
 30
0.0
 40
2.0
100
AcDbArc
 50
0.0
 51
90.0
  0
ARC
  5
4C1
330
1F
100
AcDbEntity
  8
SLD-0
  6
Continuous
 62
     7
370
    25
100
AcDbCircle
 10
87.92392099487935
 20
184.4161302121434
 30
0.0
 40
1.600000000000013
100
AcDbArc
 50
22.02431283704286
 51
157.9756871629571
  0
ARC
  5
4C2
330
1F
100
AcDbEntity
  8
SLD-0
  6
Continuous
 62
     7
370
    25
100
AcDbCircle
 10
93.79255014498088
 20
191.1475010620419
 30
0.0
 40
1.599999999999997
100
AcDbArc
 50
225.0000000000022
 51
44.99999999999893
  0
CIRCLE
  5
4C3
330
1F
100
AcDbEntity
  8
SLD-0
  6
Continuous
 62
     7
370
    25
100
AcDbCircle
 10
98.92392099487937
 20
176.3612862021434
 30
0.0
 40
1.499999999999986
  0
CIRCLE
  5
4C4
330
1F
100
AcDbEntity
  8
SLD-0
  6
Continuous
 62
     7
370
    25
100
AcDbCircle
 10
98.92392099487937
 20
211.3612862021434
 30
0.0
 40
1.499999999999986
  0
CIRCLE
  5
4C5
330
1F
100
AcDbEntity
  8
SLD-0
  6
Continuous
 62
     7
370
    25
100
AcDbCircle
 10
191.0321872713971
 20
177.4805254120923
 30
0.0
 40
1.500000000000028
  0
CIRCLE
  5
4C6
330
1F
100
AcDbEntity
  8
SLD-0
  6
Continuous
 62
     7
370
    25
100
AcDbCircle
 10
191.0321872713971
 20
212.4805254120923
 30
0.0
 40
1.500000000000028
  0
ARC
  5
4C7
330
1F
100
AcDbEntity
  8
SLD-0
  6
Continuous
 62
     7
370
    25
100
AcDbCircle
 10
169.9008164214986
 20
200.0039985721938
 30
0.0
 40
1.599999999999997
100
AcDbArc
 50
315.0000000000037
 51
134.9999999999993
  0
ARC
  5
4C8
330
1F
100
AcDbEntity
  8
SLD-0
  6
Continuous
 62
     7
370
    25
100
AcDbCircle
 10
164.0321872713971
 20
207.1353694220923
 30
0.0
 40
1.600000000000039
100
AcDbArc
 50
218.6821874534904
 51
321.3178125465114
  0
ARC
  5
4C9
330
1F
100
AcDbEntity
  8
SLD-0
  6
Continuous
 62
     7
370
    25
100
AcDbCircle
 10
169.0321872713971
 20
208.1353694220923
 30
0.0
 40
2.000000000000028
100
AcDbArc
 50
270.0000000000016
 51
0.0
  0
ARC
  5
4CA
330
1F
100
AcDbEntity
  8
SLD-0
  6
Continuous
 62
     7
370
    25
100
AcDbCircle
 10
197.0321872713971
 20
208.1353694220923
 30
0.0
 40
2.0
100
AcDbArc
 50
180.0
 51
270.0000000000024
  0
ARC
  5
4CB
330
1F
100
AcDbEntity
  8
SLD-0
  6
Continuous
 62
     7
370
    25
100
AcDbCircle
 10
202.0321872713971
 20
207.1353694220923
 30
0.0
 40
1.600000000000016
100
AcDbArc
 50
218.6821874534911
 51
321.3178125465121
  0
ARC
  5
4CC
330
1F
100
AcDbEntity
  8
SLD-0
  6
Continuous
 62
     7
370
    25
100
AcDbCircle
 10
196.1635581212956
 20
200.0039985721938
 30
0.0
 40
1.600000000000017
100
AcDbArc
 50
44.99999999999928
 51
225.0000000000022
  0
ARC
  5
4CD
330
1F
100
AcDbEntity
  8
SLD-0
  6
Continuous
 62
     7
370
    25
100
AcDbCircle
 10
196.1635581212956
 20
192.2667402719908
 30
0.0
 40
1.599999999999997
100
AcDbArc
 50
134.9999999999993
 51
315.0000000000037
  0
ARC
  5
4CE
330
1F
100
AcDbEntity
  8
SLD-0
  6
Continuous
 62
     7
370
    25
100
AcDbCircle
 10
202.0321872713971
 20
185.5353694220923
 30
0.0
 40
1.599999999999999
100
AcDbArc
 50
22.02431283704305
 51
157.9756871629569
  0
ARC
  5
4CF
330
1F
100
AcDbEntity
  8
SLD-0
  6
Continuous
 62
     7
370
    25
100
AcDbCircle
 10
197.0321872713971
 20
184.1353694220923
 30
0.0
 40
1.999999999999972
100
AcDbArc
 50
90.0
 51
180.0
  0
ARC
  5
4D0
330
1F
100
AcDbEntity
  8
SLD-0
  6
Continuous
 62
     7
370
    25
100
AcDbCircle
 10
193.0321872713971
 20
175.8353694220923
 30
0.0
 40
2.0
100
AcDbArc
 50
270.0000000000008
 51
0.0000000000008142
  0
ARC
  5
4D1
330
1F
100
AcDbEntity
  8
SLD-0
  6
Continuous
 62
     7
370
    25
100
AcDbCircle
 10
173.0321872713971
 20
175.8353694220923
 30
0.0
 40
2.0
100
AcDbArc
 50
179.9999999999992
 51
270.0000000000016
  0
ARC
  5
4D2
330
1F
100
AcDbEntity
  8
SLD-0
  6
Continuous
 62
     7
370
    25
100
AcDbCircle
 10
169.0321872713971
 20
184.1353694220923
 30
0.0
 40
2.000000000000028
100
AcDbArc
 50
0.0
 51
90.0
  0
ARC
  5
4D3
330
1F
100
AcDbEntity
  8
SLD-0
  6
Continuous
 62
     7
370
    25
100
AcDbCircle
 10
164.0321872713971
 20
185.5353694220923
 30
0.0
 40
1.600000000000052
100
AcDbArc
 50
22.02431283704305
 51
157.9756871629577
  0
ARC
  5
4D4
330
1F
100
AcDbEntity
  8
SLD-0
  6
Continuous
 62
     7
370
    25
100
AcDbCircle
 10
169.9008164214986
 20
192.2667402719908
 30
0.0
 40
1.600000000000017
100
AcDbArc
 50
225.0000000000022
 51
44.99999999999928
  0
CIRCLE
  5
4D5
330
1F
100
AcDbEntity
  8
SLD-0
  6
Continuous
 62
     7
370
    25
100
AcDbCircle
 10
175.0321872713971
 20
177.4805254120923
 30
0.0
 40
1.5
  0
CIRCLE
  5
4D6
330
1F
100
AcDbEntity
  8
SLD-0
  6
Continuous
 62
     7
370
    25
100
AcDbCircle
 10
175.0321872713971
 20
212.4805254120923
 30
0.0
 40
1.5
  0
ARC
  5
4D7
330
1F
100
AcDbEntity
  8
SLD-0
  6
Continuous
 62
     7
370
    25
100
AcDbCircle
 10
245.379810966241
 20
209.6871970057855
 30
0.0
 40
1.600000000000017
100
AcDbArc
 50
44.99999999999928
 51
225.0000000000022
  0
ARC
  5
4D8
330
1F
100
AcDbEntity
  8
SLD-0
  6
Continuous
 62
     7
370
    25
100
AcDbCircle
 10
245.379810966241
 20
187.4499387055825
 30
0.0
 40
1.600000000000017
100
AcDbArc
 50
135.0
 51
315.0000000000015
  0
ARC
  5
4D9
330
1F
100
AcDbEntity
  8
SLD-0
  6
Continuous
 62
     7
370
    25
100
AcDbCircle
 10
253.317069266444
 20
187.4499387055825
 30
0.0
 40
1.599999999999977
100
AcDbArc
 50
225.0000000000015
 51
45.00000000000072
  0
ARC
  5
4DA
330
1F
100
AcDbEntity
  8
SLD-0
  6
Continuous
 62
     7
370
    25
100
AcDbCircle
 10
253.317069266444
 20
209.6871970057855
 30
0.0
 40
1.599999999999977
100
AcDbArc
 50
315.0000000000001
 51
134.9999999999993
  0
ARC
  5
4DB
330
1F
100
AcDbEntity
  8
SLD-0
  6
Continuous
 62
     7
370
    25
100
AcDbCircle
 10
246.2484401163425
 20
208.818567855684
 30
0.0
 40
10.0
100
AcDbArc
 50
90.0
 51
180.0
  0
ARC
  5
4DC
330
1F
100
AcDbEntity
  8
SLD-0
  6
Continuous
 62
     7
370
    25
100
AcDbCircle
 10
252.4484401163425
 20
208.818567855684
 30
0.0
 40
10.0
100
AcDbArc
 50
0.0
 51
90.0
  0
ARC
  5
4DD
330
1F
100
AcDbEntity
  8
SLD-0
  6
Continuous
 62
     7
370
    25
100
AcDbCircle
 10
252.4484401163425
 20
188.318567855684
 30
0.0
 40
10.0
100
AcDbArc
 50
270.0000000000011
 51
0.0000000000004885
  0
ARC
  5
4DE
330
1F
100
AcDbEntity
  8
SLD-0
  6
Continuous
 62
     7
370
    25
100
AcDbCircle
 10
246.2484401163425
 20
188.318567855684
 30
0.0
 40
10.0
100
AcDbArc
 50
179.9999999999995
 51
270.0000000000011
  0
ARC
  5
4DF
330
1F
100
AcDbEntity
  8
SLD-0
  6
Continuous
 62
     7
370
    25
100
AcDbCircle
 10
292.8069076600814
 20
210.3873863397432
 30
0.0
 40
1.600000000000017
100
AcDbArc
 50
45.0
 51
225.0000000000015
  0
ARC
  5
4E0
330
1F
100
AcDbEntity
  8
SLD-0
  6
Continuous
 62
     7
370
    25
100
AcDbCircle
 10
292.8069076600814
 20
188.1501280395401
 30
0.0
 40
1.600000000000077
100
AcDbArc
 50
134.9999999999986
 51
315.0000000000037
  0
ARC
  5
4E1
330
1F
100
AcDbEntity
  8
SLD-0
  6
Continuous
 62
     7
370
    25
100
AcDbCircle
 10
300.7441659602845
 20
188.1501280395401
 30
0.0
 40
1.600000000000077
100
AcDbArc
 50
224.9999999999994
 51
45.00000000000288
  0
ARC
  5
4E2
330
1F
100
AcDbEntity
  8
SLD-0
  6
Continuous
 62
     7
370
    25
100
AcDbCircle
 10
300.7441659602845
 20
210.3873863397432
 30
0.0
 40
1.600000000000037
100
AcDbArc
 50
314.9999999999986
 51
135.0000000000014
  0
ARC
  5
4E3
330
1F
100
AcDbEntity
  8
SLD-0
  6
Continuous
 62
     7
370
    25
100
AcDbCircle
 10
293.675536810183
 20
209.5187571896417
 30
0.0
 40
10.00000000000006
100
AcDbArc
 50
90.0
 51
180.0
  0
ARC
  5
4E4
330
1F
100
AcDbEntity
  8
SLD-0
  6
Continuous
 62
     7
370
    25
100
AcDbCircle
 10
299.875536810183
 20
209.5187571896417
 30
0.0
 40
10.00000000000006
100
AcDbArc
 50
0.0
 51
90.0
  0
ARC
  5
4E5
330
1F
100
AcDbEntity
  8
SLD-0
  6
Continuous
 62
     7
370
    25
100
AcDbCircle
 10
299.875536810183
 20
189.0187571896416
 30
0.0
 40
10.00000000000006
100
AcDbArc
 50
270.0000000000015
 51
0.0000000000004885
  0
ARC
  5
4E6
330
1F
100
AcDbEntity
  8
SLD-0
  6
Continuous
 62
     7
370
    25
100
AcDbCircle
 10
293.675536810183
 20
189.0187571896416
 30
0.0
 40
10.00000000000006
100
AcDbArc
 50
179.9999999999995
 51
270.0000000000008
  0
ARC
  5
4E7
330
1F
100
AcDbEntity
  8
SLD-0
  6
Continuous
 62
     7
370
    25
100
AcDbCircle
 10
339.5338150199643
 20
210.4590008597138
 30
0.0
 40
1.600000000000077
100
AcDbArc
 50
45.0
 51
225.0000000000015
  0
ARC
  5
4E8
330
1F
100
AcDbEntity
  8
SLD-0
  6
Continuous
 62
     7
370
    25
100
AcDbCircle
 10
339.5338150199643
 20
188.2217425595107
 30
0.0
 40
1.600000000000017
100
AcDbArc
 50
135.0
 51
315.000000000003
  0
ARC
  5
4E9
330
1F
100
AcDbEntity
  8
SLD-0
  6
Continuous
 62
     7
370
    25
100
AcDbCircle
 10
347.4710733201674
 20
188.2217425595107
 30
0.0
 40
1.600000000000037
100
AcDbArc
 50
224.9999999999994
 51
45.00000000000145
  0
ARC
  5
4EA
330
1F
100
AcDbEntity
  8
SLD-0
  6
Continuous
 62
     7
370
    25
100
AcDbCircle
 10
347.4710733201674
 20
210.4590008597138
 30
0.0
 40
1.600000000000077
100
AcDbArc
 50
314.9999999999994
 51
135.0
  0
ARC
  5
4EB
330
1F
100
AcDbEntity
  8
SLD-0
  6
Continuous
 62
     7
370
    25
100
AcDbCircle
 10
340.4024441700658
 20
209.5903717096122
 30
0.0
 40
10.0
100
AcDbArc
 50
90.0
 51
180.0
  0
ARC
  5
4EC
330
1F
100
AcDbEntity
  8
SLD-0
  6
Continuous
 62
     7
370
    25
100
AcDbCircle
 10
346.6024441700658
 20
209.5903717096122
 30
0.0
 40
10.00000000000006
100
AcDbArc
 50
0.0
 51
90.0
  0
ARC
  5
4ED
330
1F
100
AcDbEntity
  8
SLD-0
  6
Continuous
 62
     7
370
    25
100
AcDbCircle
 10
346.6024441700658
 20
189.0903717096122
 30
0.0
 40
10.00000000000006
100
AcDbArc
 50
270.0000000000015
 51
0.0000000000004885
  0
ARC
  5
4EE
330
1F
100
AcDbEntity
  8
SLD-0
  6
Continuous
 62
     7
370
    25
100
AcDbCircle
 10
340.4024441700658
 20
189.0903717096122
 30
0.0
 40
10.0
100
AcDbArc
 50
179.9999999999995
 51
270.0000000000011
  0
ARC
  5
4EF
330
1F
100
AcDbEntity
  8
SLD-0
  6
Continuous
 62
     7
370
    25
100
AcDbCircle
 10
386.0405601980185
 20
211.0875756737007
 30
0.0
 40
1.600000000000037
100
AcDbArc
 50
44.99999999999856
 51
225.0000000000022
  0
ARC
  5
4F0
330
1F
100
AcDbEntity
  8
SLD-0
  6
Continuous
 62
     7
370
    25
100
AcDbCircle
 10
386.0405601980185
 20
188.8503173734976
 30
0.0
 40
1.600000000000017
100
AcDbArc
 50
135.0
 51
315.000000000003
  0
ARC
  5
4F1
330
1F
100
AcDbEntity
  8
SLD-0
  6
Continuous
 62
     7
370
    25
100
AcDbCircle
 10
393.9778184982216
 20
188.8503173734976
 30
0.0
 40
1.600000000000077
100
AcDbArc
 50
224.9999999999994
 51
45.0
  0
ARC
  5
4F2
330
1F
100
AcDbEntity
  8
SLD-0
  6
Continuous
 62
     7
370
    25
100
AcDbCircle
 10
393.9778184982216
 20
211.0875756737007
 30
0.0
 40
1.600000000000037
100
AcDbArc
 50
315.0000000000008
 51
135.0000000000014
  0
ARC
  5
4F3
330
1F
100
AcDbEntity
  8
SLD-0
  6
Continuous
 62
     7
370
    25
100
AcDbCircle
 10
386.90918934812
 20
210.2189465235991
 30
0.0
 40
10.00000000000006
100
AcDbArc
 50
90.0
 51
180.0
  0
ARC
  5
4F4
330
1F
100
AcDbEntity
  8
SLD-0
  6
Continuous
 62
     7
370
    25
100
AcDbCircle
 10
393.10918934812
 20
210.2189465235991
 30
0.0
 40
10.0
100
AcDbArc
 50
0.0
 51
90.0
  0
ARC
  5
4F5
330
1F
100
AcDbEntity
  8
SLD-0
  6
Continuous
 62
     7
370
    25
100
AcDbCircle
 10
393.10918934812
 20
189.7189465235991
 30
0.0
 40
10.00000000000006
100
AcDbArc
 50
270.0000000000015
 51
0.0000000000004885
  0
ARC
  5
4F6
330
1F
100
AcDbEntity
  8
SLD-0
  6
Continuous
 62
     7
370
    25
100
AcDbCircle
 10
386.90918934812
 20
189.7189465235991
 30
0.0
 40
10.0
100
AcDbArc
 50
179.9999999999995
 51
270.0000000000011
  0
SPLINE
  5
4F7
330
1F
100
AcDbEntity
  8
SLD-0
  6
Continuous
 62
     7
370
    25
100
AcDbSpline
210
0.0
220
0.0
230
1.0
 70
     8
 71
     3
 72
     8
 73
     4
 74
     0
 42
0.000000001
 43
0.00000001
 40
0.2846374650227197
 40
0.2846374650227197
 40
0.2846374650227197
 40
0.2846374650227197
 40
1.0
 40
1.0
 40
1.0
 40
1.0
 10
1316.978410816384
 20
617.7502591402613
 30
0.0
 10
1311.736331915763
 20
622.1052000904203
 30
0.0
 10
1302.252082718502
 20
623.4240347097323
 30
0.0
 10
1297.121324906402
 20
620.1762559472824
 30
0.0
  0
SPLINE
  5
4F8
330
1F
100
AcDbEntity
  8
SLD-0
  6
Continuous
 62
     7
370
    25
100
AcDbSpline
210
0.0
220
0.0
230
1.0
 70
     8
 71
     3
 72
     8
 73
     4
 74
     0
 42
0.000000001
 43
0.00000001
 40
0.2846374650227062
 40
0.2846374650227062
 40
0.2846374650227062
 40
0.2846374650227062
 40
1.0
 40
1.0
 40
1.0
 40
1.0
 10
1090.090757638788
 20
620.1762559472822
 30
0.0
 10
1084.959999826688
 20
623.4240347097323
 30
0.0
 10
1075.475750629427
 20
622.1052000904206
 30
0.0
 10
1070.233671728806
 20
617.7502591402613
 30
0.0
  0
SPLINE
  5
4F9
330
1F
100
AcDbEntity
  8
SLD-0
  6
Continuous
 62
     7
370
    25
100
AcDbSpline
210
0.0
220
0.0
230
1.0
 70
     8
 71
     3
 72
     8
 73
     4
 74
     0
 42
0.000000001
 43
0.00000001
 40
0.2846374650227197
 40
0.2846374650227197
 40
0.2846374650227197
 40
0.2846374650227197
 40
1.0
 40
1.0
 40
1.0
 40
1.0
 10
1316.978410816384
 20
297.3050319791977
 30
0.0
 10
1311.736331915763
 20
301.6599729293568
 30
0.0
 10
1302.252082718502
 20
302.9788075486685
 30
0.0
 10
1297.121324906402
 20
299.7310287862188
 30
0.0
  0
SPLINE
  5
4FA
330
1F
100
AcDbEntity
  8
SLD-0
  6
Continuous
 62
     7
370
    25
100
AcDbSpline
210
0.0
220
0.0
230
1.0
 70
     8
 71
     3
 72
     8
 73
     4
 74
     0
 42
0.000000001
 43
0.00000001
 40
0.2846374650227062
 40
0.2846374650227062
 40
0.2846374650227062
 40
0.2846374650227062
 40
1.0
 40
1.0
 40
1.0
 40
1.0
 10
1090.090757638788
 20
299.7310287862187
 30
0.0
 10
1084.959999826688
 20
302.9788075486687
 30
0.0
 10
1075.475750629427
 20
301.6599729293569
 30
0.0
 10
1070.233671728806
 20
297.3050319791977
 30
0.0
  0
HATCH
  5
4FB
330
1F
100
AcDbEntity
  8
0
  6
Continuous
 62
     7
100
AcDbHatch
 10
0.0
 20
0.0
 30
0.0
210
0.0
220
0.0
230
1.0
  2
ANSI31
 70
     0
 71
     0
 91
        1
 92
        0
 93
        3
 72
     1
 10
281.4912260678238
 20
59.08546856434927
 11
281.9103418374997
 21
57.9966834235983
 72
     1
 10
281.9103418374997
 20
57.9966834235983
 11
278.4344285304089
 21
57.28372868494624
 72
     1
 10
278.4344285304089
 20
57.28372868494624
 11
281.4912260678238
 21
59.08546856434927
 97
        0
 75
     0
 76
     1
 52
0.0
 41
1.0
 77
     0
 78
     1
 53
45.0
 43
0.0
 44
0.0
 45
-2.245064030267288
 46
2.245064030267288
 79
     0
 98
        1
 10
0.0
 20
0.0
  0
HATCH
  5
4FC
330
1F
100
AcDbEntity
  8
0
  6
Continuous
 62
     7
100
AcDbHatch
 10
0.0
 20
0.0
 30
0.0
210
0.0
220
0.0
230
1.0
  2
ANSI31
 70
     0
 71
     0
 91
        1
 92
        0
 93
        3
 72
     1
 10
292.1667352996971
 20
48.99422745599177
 11
292.8651035926599
 21
48.05967256809308
 72
     1
 10
292.8651035926599
 20
48.05967256809308
 11
289.7122547824825
 21
46.43184513315397
 72
     1
 10
289.7122547824825
 20
46.43184513315397
 11
292.1667352996971
 21
48.99422745599177
 97
        0
 75
     0
 76
     1
 52
0.0
 41
1.0
 77
     0
 78
     1
 53
45.0
 43
0.0
 44
0.0
 45
-2.245064030267288
 46
2.245064030267288
 79
     0
 98
        1
 10
0.0
 20
0.0
  0
HATCH
  5
4FD
330
1F
100
AcDbEntity
  8
0
  6
Continuous
 62
     7
100
AcDbHatch
 10
0.0
 20
0.0
 30
0.0
210
0.0
220
0.0
230
1.0
  2
ANSI31
 70
     0
 71
     0
 91
        1
 92
        0
 93
        3
 72
     1
 10
311.2521837435575
 20
49.6217121364082
 11
312.2082963962447
 21
48.95316168469755
 72
     1
 10
312.2082963962447
 20
48.95316168469755
 11
309.7245887147692
 21
46.41909895249119
 72
     1
 10
309.7245887147692
 20
46.41909895249119
 11
311.2521837435575
 21
49.6217121364082
 97
        0
 75
     0
 76
     1
 52
0.0
 41
1.0
 77
     0
 78
     1
 53
45.0
 43
0.0
 44
0.0
 45
-2.245064030267288
 46
2.245064030267288
 79
     0
 98
        1
 10
0.0
 20
0.0
  0
HATCH
  5
4FE
330
1F
100
AcDbEntity
  8
0
  6
Continuous
 62
     7
100
AcDbHatch
 10
0.0
 20
0.0
 30
0.0
210
0.0
220
0.0
230
1.0
  2
ANSI31
 70
     0
 71
     0
 91
        1
 92
        0
 93
        3
 72
     1
 10
323.0790788408851
 20
61.38152978101745
 11
324.1295503228862
 21
60.87396621198042
 72
     1
 10
324.1295503228862
 20
60.87396621198042
 11
322.0816238747746
 21
57.97633355049575
 72
     1
 10
322.0816238747746
 20
57.97633355049575
 11
323.0790788408851
 21
61.38152978101745
 97
        0
 75
     0
 76
     1
 52
0.0
 41
1.0
 77
     0
 78
     1
 53
45.0
 43
0.0
 44
0.0
 45
-2.245064030267288
 46
2.245064030267288
 79
     0
 98
        1
 10
0.0
 20
0.0
  0
DIMENSION
  5
4FF
330
1F
100
AcDbEntity
  8
SLD-0
 62
     7
100
AcDbDimension
  2
_D
 10
44.5638950991668
 20
680.028252782025
 30
0.0
 11
286.4733039964437
 21
680.028252782025
 31
0.0
 70
   160
  1
<>
 71
     2
 42
-1.0
  3
SLDDIMSTYLE0
100
AcDbAlignedDimension
 13
504.5638950991668
 23
666.7732484076435
 33
0.0
 14
44.5638950991668
 24
666.7732484076435
 34
0.0
100
AcDbRotatedDimension
  0
DIMENSION
  5
50F
330
1F
100
AcDbEntity
  8
SLD-0
 62
     7
100
AcDbDimension
  2
_D_1
 10
26.5573145916039
 20
666.7732484076433
 30
0.0
 11
26.55731459160523
 21
341.2179819861121
 31
0.0
 70
   160
  1
<>
 71
     2
 42
-1.0
  3
SLDDIMSTYLE0
100
AcDbAlignedDimension
 13
44.56389509916688
 23
6.773248407643262
 33
0.0
 14
44.5638950991668
 24
666.7732484076435
 34
0.0
 50
90.0000000000002
100
AcDbRotatedDimension
  0
DIMENSION
  5
519
330
1F
100
AcDbEntity
  8
SLD-0
 62
     7
100
AcDbDimension
  2
_D_2
 10
519.1200367044635
 20
680.0282527820251
 30
0.0
 11
740.5831851209226
 21
680.0282527820251
 31
0.0
 70
   160
  1
<>
 71
     2
 42
-1.0
  3
SLDDIMSTYLE0
100
AcDbAlignedDimension
 13
979.1200367044635
 23
666.7732484076436
 33
0.0
 14
519.1200367044635
 24
666.7732484076435
 34
0.0
100
AcDbRotatedDimension
  0
DIMENSION
  5
523
330
1F
100
AcDbEntity
  8
SLD-0
 62
     7
100
AcDbDimension
  2
_D_3
 10
1004.776411445884
 20
666.7732484076452
 30
0.0
 11
1004.776411445885
 21
341.2179819861122
 31
0.0
 70
   160
  1
<>
 71
     2
 42
-1.0
  3
SLDDIMSTYLE0
100
AcDbAlignedDimension
 13
519.1200367044635
 23
6.773248407643262
 33
0.0
 14
519.1200367044635
 24
666.7732484076435
 34
0.0
 50
90.0000000000002
100
AcDbRotatedDimension
  0
DIMENSION
  5
52D
330
1F
100
AcDbEntity
  8
SLD-0
 62
     7
100
AcDbDimension
  2
_D_4
 10
1018.030475023401
 20
680.0282527820251
 30
0.0
 11
1244.17133044623
 21
680.028252782026
 31
0.0
 70
   160
  1
<>
 71
     2
 42
-1.0
  3
SLDDIMSTYLE0
100
AcDbAlignedDimension
 13
1478.030475023402
 23
666.7732484076436
 33
0.0
 14
1018.030475023401
 24
666.7732484076435
 34
0.0
 50
0.0000000000002266
100
AcDbRotatedDimension
  0
DIMENSION
  5
537
330
1F
100
AcDbEntity
  8
SLD-0
 62
     7
100
AcDbDimension
  2
_D_5
 10
1505.996521896603
 20
666.7732484076452
 30
0.0
 11
1505.996521896604
 21
341.2179819861122
 31
0.0
 70
   160
  1
<>
 71
     2
 42
-1.0
  3
SLDDIMSTYLE0
100
AcDbAlignedDimension
 13
1018.030475023401
 23
6.773248407643262
 33
0.0
 14
1018.030475023401
 24
666.7732484076435
 34
0.0
 50
90.0000000000002
100
AcDbRotatedDimension
  0
DIMENSION
  5
541
330
1F
100
AcDbEntity
  8
SLD-0
 62
     7
100
AcDbDimension
  2
_D_6
 10
46.68835926196482
 20
657.3979170247709
 30
0.0
 11
46.68835926196538
 21
492.297103908893
 31
0.0
 70
   160
  1
<>
 71
     2
 42
-1.0
  3
SLDDIMSTYLE0
100
AcDbAlignedDimension
 13
147.3380852022022
 23
307.3979170247714
 33
0.0
 14
147.3380852022022
 24
657.3979170247712
 34
0.0
 50
90.0000000000002
100
AcDbRotatedDimension
  0
MTEXT
  5
54C
330
1F
100
AcDbEntity
  8
SLD-0
 62
     7
100
AcDbMText
 10
263.2323743324783
 20
97.75205411106855
 30
0.0
 40
12.7
 41
0.0
 71
     1
 72
     1
  1
\U+0417\U+0430\U+043C\U+0435\U+0442\U+043A\U+0430
  7
SLDTEXTSTYLE2
 73
     1
 44
1.0
  0
MTEXT
  5
54E
330
1F
100
AcDbEntity
  8
SLD-0
 62
     7
100
AcDbMText
 10
338.4670360438623
 20
79.19120563839004
 30
0.0
 40
5.820833333333332
 41
0.0
 71
     1
 72
     1
  1
\U+0412\U+044B\U+0435\U+043C\U+043A\U+0430 \U+043F\U+043E\U+0434 \U+0448\U+043B\U+044F\U+043F\U+043A\U+0443 \U+0432\U+0438\U+043D\U+0442\U+0430 \U+0433\U+043B\U+0443\U+0431\U+0438\U+043D\U+043E\U+0439 3 \U+043C\U+043C
  7
SLDTEXTSTYLE3
 73
     1
 44
1.0
  0
ARC
  5
54F
330
1F
100
AcDbEntity
  8
0
  6
Continuous
 62
     7
370
    25
100
AcDbCircle
 10
589.4589282568988
 20
520.4532791494842
 30
0.0
 40
10.0
100
AcDbArc
 50
180.0000000000014
 51
210.0000000000011
  0
LINE
  5
550
330
1F
100
AcDbEntity
  8
0
  6
Continuous
 62
     7
370
    25
100
AcDbLine
 10
580.7986742190545
 20
515.4532791494842
 30
0.0
 11
591.5721769109509
 21
496.7930251116396
 31
0.0
  0
ARC
  5
551
330
1F
100
AcDbEntity
  8
0
  6
Continuous
 62
     7
370
    25
100
AcDbCircle
 10
600.2324309487952
 20
501.7930251116397
 30
0.0
 40
10.0
100
AcDbArc
 50
210.0000000000013
 51
270.0000000000021
  0
LINE
  5
552
330
1F
100
AcDbEntity
  8
0
  6
Continuous
 62
     7
370
    25
100
AcDbLine
 10
674.458928256899
 20
491.7930251116405
 30
0.0
 11
600.2324309487955
 21
491.7930251116397
 31
0.0
  0
ARC
  5
553
330
1F
100
AcDbEntity
  8
0
  6
Continuous
 62
     7
370
    25
100
AcDbCircle
 10
674.4589282568988
 20
511.7930251116405
 30
0.0
 40
20.0
100
AcDbArc
 50
270.0000000000011
 51
0.0000000000013028
  0
LINE
  5
554
330
1F
100
AcDbEntity
  8
0
  6
Continuous
 62
     7
370
    25
100
AcDbLine
 10
694.4589282568982
 20
584.2930251116408
 30
0.0
 11
694.4589282568988
 21
511.7930251116409
 31
0.0
  0
ARC
  5
555
330
1F
100
AcDbEntity
  8
0
  6
Continuous
 62
     7
370
    25
100
AcDbCircle
 10
674.4589282568982
 20
584.2930251116405
 30
0.0
 40
20.0
100
AcDbArc
 50
0.0000000000006514
 51
90.00000000000064
  0
LINE
  5
556
330
1F
100
AcDbEntity
  8
0
  6
Continuous
 62
     7
370
    25
100
AcDbLine
 10
598.9589282568966
 20
604.2930251116397
 30
0.0
 11
674.4589282568979
 21
604.2930251116405
 31
0.0
  0
ARC
  5
557
330
1F
100
AcDbEntity
  8
0
  6
Continuous
 62
     7
370
    25
100
AcDbCircle
 10
599.4589282568982
 20
584.2992760885076
 30
0.0
 40
20.00000000000002
100
AcDbArc
 50
91.43254373757108
 51
180.0000000000014
  0
LINE
  5
558
330
1F
100
AcDbEntity
  8
0
  6
Continuous
 62
     7
370
    25
100
AcDbLine
 10
579.4589282568988
 20
520.453279149484
 30
0.0
 11
579.4589282568982
 21
584.2992760885073
 31
0.0
  0
CIRCLE
  5
559
330
1F
100
AcDbEntity
  8
0
  6
Continuous
 62
     7
370
    25
100
AcDbCircle
 10
576.7514129285029
 20
617.2227798573207
 30
0.0
 40
2.500000000000114
  0
CIRCLE
  5
55A
330
1F
100
AcDbEntity
  8
0
  6
Continuous
 62
     7
370
    25
100
AcDbCircle
 10
559.4589282568985
 20
551.7930251116393
 30
0.0
 40
2.5
  0
CIRCLE
  5
55B
330
1F
100
AcDbEntity
  8
0
  6
Continuous
 62
     7
370
    25
100
AcDbCircle
 10
841.4589282568974
 20
649.2930251116424
 30
0.0
 40
2.500000000000114
  0
ARC
  5
55C
330
1F
100
AcDbEntity
  8
0
  6
Continuous
 62
     7
370
    25
100
AcDbCircle
 10
734.458928256898
 20
584.2930251116412
 30
0.0
 40
20.0
100
AcDbArc
 50
90.00000000000064
 51
180.0000000000012
  0
LINE
  5
55D
330
1F
100
AcDbEntity
  8
0
  6
Continuous
 62
     7
370
    25
100
AcDbLine
 10
714.4589282568983
 20
572.293025111641
 30
0.0
 11
714.458928256898
 21
584.2930251116411
 31
0.0
  0
ARC
  5
55E
330
1F
100
AcDbEntity
  8
0
  6
Continuous
 62
     7
370
    25
100
AcDbCircle
 10
734.4589282568983
 20
572.2930251116411
 30
0.0
 40
20.0
100
AcDbArc
 50
180.0000000000012
 51
270.0000000000015
  0
LINE
  5
55F
330
1F
100
AcDbEntity
  8
0
  6
Continuous
 62
     7
370
    25
100
AcDbLine
 10
794.4589282568985
 20
552.2930251116418
 30
0.0
 11
734.4589282568985
 21
552.2930251116412
 31
0.0
  0
ARC
  5
560
330
1F
100
AcDbEntity
  8
0
  6
Continuous
 62
     7
370
    25
100
AcDbCircle
 10
794.4589282568983
 20
572.2930251116418
 30
0.0
 40
20.0
100
AcDbArc
 50
270.0000000000015
 51
0.0000000000006514
  0
LINE
  5
561
330
1F
100
AcDbEntity
  8
0
  6
Continuous
 62
     7
370
    25
100
AcDbLine
 10
814.458928256898
 20
584.2930251116421
 30
0.0
 11
814.4589282568982
 21
572.293025111642
 31
0.0
  0
ARC
  5
562
330
1F
100
AcDbEntity
  8
0
  6
Continuous
 62
     7
370
    25
100
AcDbCircle
 10
794.458928256898
 20
584.2930251116418
 30
0.0
 40
20.00000000000011
100
AcDbArc
 50
0.0000000000009771
 51
90.00000000000034
  0
LINE
  5
563
330
1F
100
AcDbEntity
  8
0
  6
Continuous
 62
     7
370
    25
100
AcDbLine
 10
734.4589282568978
 20
604.2930251116412
 30
0.0
 11
794.4589282568979
 21
604.2930251116419
 31
0.0
  0
CIRCLE
  5
564
330
1F
100
AcDbEntity
  8
0
  6
Continuous
 62
     7
370
    25
100
AcDbCircle
 10
687.4589282568975
 20
649.2930251116406
 30
0.0
 40
2.500000000000114
  0
ARC
  5
565
330
1F
100
AcDbEntity
  8
0
  6
Continuous
 62
     7
370
    25
100
AcDbCircle
 10
725.5902991067969
 20
543.1616542617427
 30
0.0
 40
1.600000000000077
100
AcDbArc
 50
44.99999999999424
 51
225.0000000000037
  0
LINE
  5
566
330
1F
100
AcDbEntity
  8
0
  6
Continuous
 62
     7
370
    25
100
AcDbLine
 10
724.4589282568986
 20
536.5557668114382
 30
0.0
 11
724.4589282568985
 21
542.0302834118442
 31
0.0
  0
ARC
  5
567
330
1F
100
AcDbEntity
  8
0
  6
Continuous
 62
     7
370
    25
100
AcDbCircle
 10
725.590299106797
 20
535.4243959615396
 30
0.0
 40
1.599999999999997
100
AcDbArc
 50
134.9999999999971
 51
315.0000000000037
  0
LINE
  5
568
330
1F
100
AcDbEntity
  8
0
  6
Continuous
 62
     7
370
    25
100
AcDbLine
 10
802.1961865571017
 20
534.293025111642
 30
0.0
 11
726.7216699566956
 21
534.2930251116412
 31
0.0
  0
ARC
  5
569
330
1F
100
AcDbEntity
  8
0
  6
Continuous
 62
     7
370
    25
100
AcDbCircle
 10
803.3275574070001
 20
535.4243959615404
 30
0.0
 40
1.600000000000158
100
AcDbArc
 50
225.0000000000008
 51
45.00000000000288
  0
LINE
  5
56A
330
1F
100
AcDbEntity
  8
0
  6
Continuous
 62
     7
370
    25
100
AcDbLine
 10
804.4589282568986
 20
542.030283411845
 30
0.0
 11
804.4589282568986
 21
536.5557668114391
 31
0.0
  0
ARC
  5
56B
330
1F
100
AcDbEntity
  8
0
  6
Continuous
 62
     7
370
    25
100
AcDbCircle
 10
803.327557407
 20
543.1616542617435
 30
0.0
 40
1.600000000000158
100
AcDbArc
 50
315.0000000000037
 51
135.0
  0
LINE
  5
56C
330
1F
100
AcDbEntity
  8
0
  6
Continuous
 62
     7
370
    25
100
AcDbLine
 10
726.7216699566956
 20
544.2930251116411
 30
0.0
 11
802.1961865571016
 21
544.2930251116419
 31
0.0
  0
CIRCLE
  5
56D
330
1F
100
AcDbEntity
  8
0
  6
Continuous
 62
     7
370
    25
100
AcDbCircle
 10
559.4589282568982
 20
586.7930251116393
 30
0.0
 40
2.500000000000114
  0
CIRCLE
  5
56E
330
1F
100
AcDbEntity
  8
0
  6
Continuous
 62
     7
370
    25
100
AcDbCircle
 10
579.4589282568991
 20
499.2930251116396
 30
0.0
 40
2.749999999999886
  0
CIRCLE
  5
56F
330
1F
100
AcDbEntity
  8
0
  6
Continuous
 62
     7
370
    25
100
AcDbCircle
 10
784.458928256899
 20
499.2930251116417
 30
0.0
 40
2.75
  0
ARC
  5
570
330
1F
100
AcDbEntity
  8
0
  6
Continuous
 62
     7
370
    25
100
AcDbCircle
 10
599.4589282569003
 20
379.2867741347719
 30
0.0
 40
20.00000000000011
100
AcDbArc
 50
180.0000000000014
 51
268.5674562624311
  0
LINE
  5
571
330
1F
100
AcDbEntity
  8
0
  6
Continuous
 62
     7
370
    25
100
AcDbLine
 10
598.9589282568992
 20
359.2930251116397
 30
0.0
 11
674.4589282569004
 21
359.2930251116405
 31
0.0
  0
ARC
  5
572
330
1F
100
AcDbEntity
  8
0
  6
Continuous
 62
     7
370
    25
100
AcDbCircle
 10
674.4589282569002
 20
379.2930251116405
 30
0.0
 40
20.0
100
AcDbArc
 50
270.0000000000015
 51
0.0000000000004885
  0
LINE
  5
573
330
1F
100
AcDbEntity
  8
0
  6
Continuous
 62
     7
370
    25
100
AcDbLine
 10
694.4589282569002
 20
379.2930251116406
 30
0.0
 11
694.4589282568995
 21
451.7930251116405
 31
0.0
  0
ARC
  5
574
330
1F
100
AcDbEntity
  8
0
  6
Continuous
 62
     7
370
    25
100
AcDbCircle
 10
674.4589282568994
 20
451.7930251116404
 30
0.0
 40
20.00000000000011
100
AcDbArc
 50
0.0000000000003257
 51
90.00000000000098
  0
LINE
  5
575
330
1F
100
AcDbEntity
  8
0
  6
Continuous
 62
     7
370
    25
100
AcDbLine
 10
674.4589282568991
 20
471.7930251116405
 30
0.0
 11
600.2324309487956
 21
471.7930251116398
 31
0.0
  0
ARC
  5
576
330
1F
100
AcDbEntity
  8
0
  6
Continuous
 62
     7
370
    25
100
AcDbCircle
 10
600.2324309487956
 20
461.7930251116398
 30
0.0
 40
10.0
100
AcDbArc
 50
90.0
 51
150.0000000000009
  0
LINE
  5
577
330
1F
100
AcDbEntity
  8
0
  6
Continuous
 62
     7
370
    25
100
AcDbLine
 10
580.7986742190552
 20
448.132771073795
 30
0.0
 11
591.5721769109512
 21
466.7930251116396
 31
0.0
  0
ARC
  5
578
330
1F
100
AcDbEntity
  8
0
  6
Continuous
 62
     7
370
    25
100
AcDbCircle
 10
589.4589282568996
 20
443.1327710737951
 30
0.0
 40
10.0
100
AcDbArc
 50
150.0000000000009
 51
180.0000000000014
  0
LINE
  5
579
330
1F
100
AcDbEntity
  8
0
  6
Continuous
 62
     7
370
    25
100
AcDbLine
 10
579.4589282568996
 20
443.132771073795
 30
0.0
 11
579.4589282569002
 21
379.2867741347716
 31
0.0
  0
CIRCLE
  5
57A
330
1F
100
AcDbEntity
  8
0
  6
Continuous
 62
     7
370
    25
100
AcDbCircle
 10
576.7514129285056
 20
346.3632703659583
 30
0.0
 40
2.499999999999886
  0
CIRCLE
  5
57B
330
1F
100
AcDbEntity
  8
0
  6
Continuous
 62
     7
370
    25
100
AcDbCircle
 10
559.4589282569
 20
411.7930251116393
 30
0.0
 40
2.5
  0
CIRCLE
  5
57C
330
1F
100
AcDbEntity
  8
0
  6
Continuous
 62
     7
370
    25
100
AcDbCircle
 10
841.4589282569009
 20
314.2930251116421
 30
0.0
 40
2.5
  0
ARC
  5
57D
330
1F
100
AcDbEntity
  8
0
  6
Continuous
 62
     7
370
    25
100
AcDbCircle
 10
794.4589282569002
 20
379.2930251116418
 30
0.0
 40
20.00000000000006
100
AcDbArc
 50
270.0000000000015
 51
0.0000000000001628
  0
LINE
  5
57E
330
1F
100
AcDbEntity
  8
0
  6
Continuous
 62
     7
370
    25
100
AcDbLine
 10
814.4589282569001
 20
379.2930251116418
 30
0.0
 11
814.4589282569001
 21
391.2930251116419
 31
0.0
  0
ARC
  5
57F
330
1F
100
AcDbEntity
  8
0
  6
Continuous
 62
     7
370
    25
100
AcDbCircle
 10
794.4589282569001
 20
391.2930251116417
 30
0.0
 40
20.0
100
AcDbArc
 50
0.0000000000006514
 51
90.00000000000064
  0
LINE
  5
580
330
1F
100
AcDbEntity
  8
0
  6
Continuous
 62
     7
370
    25
100
AcDbLine
 10
794.4589282568999
 20
411.2930251116417
 30
0.0
 11
734.4589282569
 21
411.293025111641
 31
0.0
  0
ARC
  5
581
330
1F
100
AcDbEntity
  8
0
  6
Continuous
 62
     7
370
    25
100
AcDbCircle
 10
734.4589282569002
 20
391.293025111641
 30
0.0
 40
20.0
100
AcDbArc
 50
90.00000000000064
 51
180.0000000000014
  0
LINE
  5
582
330
1F
100
AcDbEntity
  8
0
  6
Continuous
 62
     7
370
    25
100
AcDbLine
 10
714.4589282569002
 20
391.2930251116408
 30
0.0
 11
714.4589282569003
 21
379.2930251116408
 31
0.0
  0
ARC
  5
583
330
1F
100
AcDbEntity
  8
0
  6
Continuous
 62
     7
370
    25
100
AcDbCircle
 10
734.4589282569003
 20
379.2930251116411
 30
0.0
 40
20.0
100
AcDbArc
 50
180.0000000000018
 51
270.0000000000015
  0
LINE
  5
584
330
1F
100
AcDbEntity
  8
0
  6
Continuous
 62
     7
370
    25
100
AcDbLine
 10
734.4589282569005
 20
359.2930251116411
 30
0.0
 11
794.4589282569004
 21
359.2930251116417
 31
0.0
  0
CIRCLE
  5
585
330
1F
100
AcDbEntity
  8
0
  6
Continuous
 62
     7
370
    25
100
AcDbCircle
 10
687.4589282569009
 20
314.2930251116405
 30
0.0
 40
2.499999999999886
  0
ARC
  5
586
330
1F
100
AcDbEntity
  8
0
  6
Continuous
 62
     7
370
    25
100
AcDbCircle
 10
803.3275574070013
 20
420.4243959615403
 30
0.0
 40
1.599999999999997
100
AcDbArc
 50
225.0000000000037
 51
45.0
  0
ARC
  5
587
330
1F
100
AcDbEntity
  8
0
  6
Continuous
 62
     7
370
    25
100
AcDbCircle
 10
803.3275574070012
 20
428.1616542617432
 30
0.0
 40
1.599999999999957
100
AcDbArc
 50
314.9999999999994
 51
134.9999999999986
  0
ARC
  5
588
330
1F
100
AcDbEntity
  8
0
  6
Continuous
 62
     7
370
    25
100
AcDbCircle
 10
725.5902991067982
 20
428.1616542617423
 30
0.0
 40
1.599999999999997
100
AcDbArc
 50
45.00000000000288
 51
225.0000000000008
  0
ARC
  5
589
330
1F
100
AcDbEntity
  8
0
  6
Continuous
 62
     7
370
    25
100
AcDbCircle
 10
725.5902991067983
 20
420.4243959615394
 30
0.0
 40
1.599999999999957
100
AcDbArc
 50
134.9999999999986
 51
315.0000000000008
  0
CIRCLE
  5
58A
330
1F
100
AcDbEntity
  8
0
  6
Continuous
 62
     7
370
    25
100
AcDbCircle
 10
559.4589282569003
 20
376.7930251116393
 30
0.0
 40
2.5
  0
CIRCLE
  5
58B
330
1F
100
AcDbEntity
  8
0
  6
Continuous
 62
     7
370
    25
100
AcDbCircle
 10
579.4589282568994
 20
464.2930251116395
 30
0.0
 40
2.75
  0
CIRCLE
  5
58C
330
1F
100
AcDbEntity
  8
0
  6
Continuous
 62
     7
370
    25
100
AcDbCircle
 10
784.4589282568993
 20
464.2930251116416
 30
0.0
 40
2.750000000000114
  0
LINE
  5
58D
330
1F
100
AcDbEntity
  8
0
  6
Continuous
 62
     7
370
    25
100
AcDbLine
 10
599.4589282568974
 20
644.2930251116396
 30
0.0
 11
599.4589282568975
 21
636.5557668114367
 31
0.0
  0
ARC
  5
58E
330
1F
100
AcDbEntity
  8
0
  6
Continuous
 62
     7
370
    25
100
AcDbCircle
 10
600.590299106796
 20
635.4243959615383
 30
0.0
 40
1.599999999999997
100
AcDbArc
 50
135.0000000000029
 51
314.9999999999979
  0
LINE
  5
58F
330
1F
100
AcDbEntity
  8
0
  6
Continuous
 62
     7
370
    25
100
AcDbLine
 10
601.7216699566944
 20
634.2930251116397
 30
0.0
 11
627.1961865571006
 21
634.29302511164
 31
0.0
  0
ARC
  5
590
330
1F
100
AcDbEntity
  8
0
  6
Continuous
 62
     7
370
    25
100
AcDbCircle
 10
628.3275574069991
 20
635.4243959615384
 30
0.0
 40
1.600000000000077
100
AcDbArc
 50
225.0000000000008
 51
45.00000000000576
  0
LINE
  5
591
330
1F
100
AcDbEntity
  8
0
  6
Continuous
 62
     7
370
    25
100
AcDbLine
 10
629.4589282568975
 20
636.555766811437
 30
0.0
 11
629.4589282568974
 21
647.79302511164
 31
0.0
  0
ARC
  5
592
330
1F
100
AcDbEntity
  8
0
  6
Continuous
 62
     7
370
    25
100
AcDbCircle
 10
638.4589282568975
 20
647.7930251116401
 30
0.0
 40
9.000000000000114
100
AcDbArc
 50
90.00000000000072
 51
180.0000000000015
  0
LINE
  5
593
330
1F
100
AcDbEntity
  8
0
  6
Continuous
 62
     7
370
    25
100
AcDbLine
 10
638.4589282568974
 20
656.7930251116401
 30
0.0
 11
735.4589282568973
 21
656.7930251116412
 31
0.0
  0
ARC
  5
594
330
1F
100
AcDbEntity
  8
0
  6
Continuous
 62
     7
370
    25
100
AcDbCircle
 10
735.4589282568974
 20
647.7930251116411
 30
0.0
 40
9.000000000000114
100
AcDbArc
 50
0.0000000000007238
 51
90.00000000000072
  0
LINE
  5
595
330
1F
100
AcDbEntity
  8
0
  6
Continuous
 62
     7
370
    25
100
AcDbLine
 10
744.4589282568974
 20
647.7930251116412
 30
0.0
 11
744.4589282568975
 21
636.5557668114385
 31
0.0
  0
ARC
  5
596
330
1F
100
AcDbEntity
  8
0
  6
Continuous
 62
     7
370
    25
100
AcDbCircle
 10
745.5902991067961
 20
635.4243959615401
 30
0.0
 40
1.600000000000077
100
AcDbArc
 50
135.0000000000057
 51
314.9999999999836
  0
LINE
  5
597
330
1F
100
AcDbEntity
  8
0
  6
Continuous
 62
     7
370
    25
100
AcDbLine
 10
746.7216699566942
 20
634.2930251116413
 30
0.0
 11
782.1961865571006
 21
634.2930251116417
 31
0.0
  0
ARC
  5
598
330
1F
100
AcDbEntity
  8
0
  6
Continuous
 62
     7
370
    25
100
AcDbCircle
 10
783.3275574069991
 20
635.4243959615402
 30
0.0
 40
1.599999999999997
100
AcDbArc
 50
225.0000000000037
 51
45.0
  0
LINE
  5
599
330
1F
100
AcDbEntity
  8
0
  6
Continuous
 62
     7
370
    25
100
AcDbLine
 10
784.4589282568975
 20
636.5557668114386
 30
0.0
 11
784.4589282568975
 21
647.7930251116416
 31
0.0
  0
ARC
  5
59A
330
1F
100
AcDbEntity
  8
0
  6
Continuous
 62
     7
370
    25
100
AcDbCircle
 10
793.4589282568975
 20
647.7930251116417
 30
0.0
 40
9.000000000000114
100
AcDbArc
 50
90.00000000000072
 51
180.0000000000015
  0
LINE
  5
59B
330
1F
100
AcDbEntity
  8
0
  6
Continuous
 62
     7
370
    25
100
AcDbLine
 10
793.4589282568974
 20
656.7930251116418
 30
0.0
 11
890.4589282568974
 21
656.7930251116427
 31
0.0
  0
ARC
  5
59C
330
1F
100
AcDbEntity
  8
0
  6
Continuous
 62
     7
370
    25
100
AcDbCircle
 10
890.4589282568974
 20
647.7930251116427
 30
0.0
 40
9.000000000000114
100
AcDbArc
 50
0.0000000000007238
 51
90.0
  0
LINE
  5
59D
330
1F
100
AcDbEntity
  8
0
  6
Continuous
 62
     7
370
    25
100
AcDbLine
 10
899.4589282568975
 20
647.7930251116428
 30
0.0
 11
899.4589282568976
 21
636.5557668114398
 31
0.0
  0
ARC
  5
59E
330
1F
100
AcDbEntity
  8
0
  6
Continuous
 62
     7
370
    25
100
AcDbCircle
 10
900.590299106796
 20
635.4243959615413
 30
0.0
 40
1.599999999999997
100
AcDbArc
 50
135.0
 51
315.0000000000037
  0
LINE
  5
59F
330
1F
100
AcDbEntity
  8
0
  6
Continuous
 62
     7
370
    25
100
AcDbLine
 10
901.7216699566945
 20
634.2930251116429
 30
0.0
 11
927.1961865571005
 21
634.2930251116431
 31
0.0
  0
ARC
  5
5A0
330
1F
100
AcDbEntity
  8
0
  6
Continuous
 62
     7
370
    25
100
AcDbCircle
 10
928.3275574069992
 20
635.4243959615417
 30
0.0
 40
1.600000000000158
100
AcDbArc
 50
224.9999999999979
 51
45.0
  0
LINE
  5
5A1
330
1F
100
AcDbEntity
  8
0
  6
Continuous
 62
     7
370
    25
100
AcDbLine
 10
929.4589282568976
 20
636.5557668114401
 30
0.0
 11
929.4589282568975
 21
644.2930251116431
 31
0.0
  0
LINE
  5
5A2
330
1F
100
AcDbEntity
  8
0
  6
Continuous
 62
     7
370
    25
100
AcDbLine
 10
929.4589282568975
 20
644.2930251116431
 30
0.0
 11
930.4589282568975
 21
644.2930251116431
 31
0.0
  0
ARC
  5
5A3
330
1F
100
AcDbEntity
  8
0
  6
Continuous
 62
     7
370
    25
100
AcDbCircle
 10
930.4589282568977
 20
624.2930251116431
 30
0.0
 40
20.0
100
AcDbArc
 50
270.0000000000015
 51
90.00000000000064
  0
LINE
  5
5A4
330
1F
100
AcDbEntity
  8
0
  6
Continuous
 62
     7
370
    25
100
AcDbLine
 10
930.4589282568979
 20
604.2930251116433
 30
0.0
 11
854.4589282568978
 21
604.2930251116424
 31
0.0
  0
ARC
  5
5A5
330
1F
100
AcDbEntity
  8
0
  6
Continuous
 62
     7
370
    25
100
AcDbCircle
 10
854.458928256898
 20
584.2930251116424
 30
0.0
 40
20.0
100
AcDbArc
 50
90.00000000000064
 51
180.0000000000014
  0
LINE
  5
5A6
330
1F
100
AcDbEntity
  8
0
  6
Continuous
 62
     7
370
    25
100
AcDbLine
 10
834.458928256898
 20
584.2930251116421
 30
0.0
 11
834.4589282568985
 21
546.2930251116422
 31
0.0
  0
ARC
  5
5A7
330
1F
100
AcDbEntity
  8
0
  6
Continuous
 62
     7
370
    25
100
AcDbCircle
 10
814.4589282568985
 20
546.293025111642
 30
0.0
 40
20.0
100
AcDbArc
 50
270.0000000000015
 51
0.0000000000006514
  0
ARC
  5
5A8
330
1F
100
AcDbEntity
  8
0
  6
Continuous
 62
     7
370
    25
100
AcDbCircle
 10
814.458928256899
 20
506.293025111642
 30
0.0
 40
20.00000000000011
100
AcDbArc
 50
90.00000000000064
 51
180.0000000000014
  0
LINE
  5
5A9
330
1F
100
AcDbEntity
  8
0
  6
Continuous
 62
     7
370
    25
100
AcDbLine
 10
794.4589282568988
 20
506.2930251116418
 30
0.0
 11
794.4589282568994
 21
457.2930251116418
 31
0.0
  0
ARC
  5
5AA
330
1F
100
AcDbEntity
  8
0
  6
Continuous
 62
     7
370
    25
100
AcDbCircle
 10
814.4589282568994
 20
457.293025111642
 30
0.0
 40
20.00000000000006
100
AcDbArc
 50
180.0000000000013
 51
270.0000000000015
  0
ARC
  5
5AB
330
1F
100
AcDbEntity
  8
0
  6
Continuous
 62
     7
370
    25
100
AcDbCircle
 10
814.4589282568998
 20
417.293025111642
 30
0.0
 40
20.00000000000011
100
AcDbArc
 50
0.0000000000004885
 51
90.00000000000034
  0
LINE
  5
5AC
330
1F
100
AcDbEntity
  8
0
  6
Continuous
 62
     7
370
    25
100
AcDbLine
 10
834.4589282569002
 20
379.2930251116422
 30
0.0
 11
834.4589282568999
 21
417.2930251116421
 31
0.0
  0
ARC
  5
5AD
330
1F
100
AcDbEntity
  8
0
  6
Continuous
 62
     7
370
    25
100
AcDbCircle
 10
854.4589282569002
 20
379.2930251116424
 30
0.0
 40
20.0
100
AcDbArc
 50
180.0000000000013
 51
270.0000000000015
  0
LINE
  5
5AE
330
1F
100
AcDbEntity
  8
0
  6
Continuous
 62
     7
370
    25
100
AcDbLine
 10
930.4589282569004
 20
359.2930251116431
 30
0.0
 11
854.4589282569004
 21
359.2930251116424
 31
0.0
  0
ARC
  5
5AF
330
1F
100
AcDbEntity
  8
0
  6
Continuous
 62
     7
370
    25
100
AcDbCircle
 10
930.4589282569007
 20
339.2930251116431
 30
0.0
 40
19.99999999999994
100
AcDbArc
 50
270.0000000000015
 51
90.00000000000064
  0
LINE
  5
5B0
330
1F
100
AcDbEntity
  8
0
  6
Continuous
 62
     7
370
    25
100
AcDbLine
 10
929.4589282569008
 20
319.2930251116433
 30
0.0
 11
930.4589282569009
 21
319.2930251116433
 31
0.0
  0
ARC
  5
5B1
330
1F
100
AcDbEntity
  8
0
  6
Continuous
 62
     7
370
    25
100
AcDbCircle
 10
928.3275574070022
 20
328.1616542617447
 30
0.0
 40
1.600000000000037
100
AcDbArc
 50
315.0000000000022
 51
134.9999999999971
  0
ARC
  5
5B2
330
1F
100
AcDbEntity
  8
0
  6
Continuous
 62
     7
370
    25
100
AcDbCircle
 10
900.5902991067993
 20
328.1616542617444
 30
0.0
 40
1.600000000000037
100
AcDbArc
 50
45.00000000000145
 51
224.9999999999994
  0
ARC
  5
5B3
330
1F
100
AcDbEntity
  8
0
  6
Continuous
 62
     7
370
    25
100
AcDbCircle
 10
890.4589282569009
 20
315.7930251116429
 30
0.0
 40
9.000000000000057
100
AcDbArc
 50
270.0000000000008
 51
0.0000000000003619
  0
LINE
  5
5B4
330
1F
100
AcDbEntity
  8
0
  6
Continuous
 62
     7
370
    25
100
AcDbLine
 10
793.458928256901
 20
306.7930251116417
 30
0.0
 11
890.4589282569009
 21
306.7930251116428
 31
0.0
  0
ARC
  5
5B5
330
1F
100
AcDbEntity
  8
0
  6
Continuous
 62
     7
370
    25
100
AcDbCircle
 10
793.4589282569009
 20
315.7930251116418
 30
0.0
 40
9.000000000000057
100
AcDbArc
 50
180.0000000000015
 51
270.0000000000015
  0
ARC
  5
5B6
330
1F
100
AcDbEntity
  8
0
  6
Continuous
 62
     7
370
    25
100
AcDbCircle
 10
783.3275574070024
 20
328.161654261743
 30
0.0
 40
1.600000000000117
100
AcDbArc
 50
315.0000000000008
 51
134.9999999999986
  0
ARC
  5
5B7
330
1F
100
AcDbEntity
  8
0
  6
Continuous
 62
     7
370
    25
100
AcDbCircle
 10
745.5902991067993
 20
328.1616542617424
 30
0.0
 40
1.600000000000037
100
AcDbArc
 50
45.00000000001727
 51
224.9999999999994
  0
ARC
  5
5B8
330
1F
100
AcDbEntity
  8
0
  6
Continuous
 62
     7
370
    25
100
AcDbCircle
 10
735.4589282569009
 20
315.7930251116412
 30
0.0
 40
9.0
100
AcDbArc
 50
270.0000000000015
 51
0.0000000000003619
  0
LINE
  5
5B9
330
1F
100
AcDbEntity
  8
0
  6
Continuous
 62
     7
370
    25
100
AcDbLine
 10
638.4589282569011
 20
306.7930251116401
 30
0.0
 11
735.458928256901
 21
306.7930251116412
 31
0.0
  0
ARC
  5
5BA
330
1F
100
AcDbEntity
  8
0
  6
Continuous
 62
     7
370
    25
100
AcDbCircle
 10
638.458928256901
 20
315.7930251116402
 30
0.0
 40
9.000000000000057
100
AcDbArc
 50
180.0000000000015
 51
270.0000000000015
  0
ARC
  5
5BB
330
1F
100
AcDbEntity
  8
0
  6
Continuous
 62
     7
370
    25
100
AcDbCircle
 10
628.3275574070022
 20
328.1616542617415
 30
0.0
 40
1.600000000000037
100
AcDbArc
 50
315.0000000000022
 51
134.9999999999986
  0
ARC
  5
5BC
330
1F
100
AcDbEntity
  8
0
  6
Continuous
 62
     7
370
    25
100
AcDbCircle
 10
600.5902991067992
 20
328.1616542617413
 30
0.0
 40
1.599999999999997
100
AcDbArc
 50
45.00000000000145
 51
225.0000000000037
  0
ARC
  5
5BD
330
1F
100
AcDbEntity
  8
0
  6
Continuous
 62
     7
370
    25
100
AcDbCircle
 10
599.4589282569003
 20
379.2930251116396
 30
0.0
 40
60.00000000000011
100
AcDbArc
 50
180.0000000000014
 51
270.0000000000013
  0
LINE
  5
5BE
330
1F
100
AcDbEntity
  8
0
  6
Continuous
 62
     7
370
    25
100
AcDbLine
 10
539.4589282568982
 20
584.2930251116392
 30
0.0
 11
539.4589282569002
 21
379.2930251116391
 31
0.0
  0
ARC
  5
5BF
330
1F
100
AcDbEntity
  8
0
  6
Continuous
 62
     7
370
    25
100
AcDbCircle
 10
599.458928256898
 20
584.2930251116397
 30
0.0
 40
59.99999999999989
100
AcDbArc
 50
90.00000000000064
 51
180.0000000000014
  0
CIRCLE
  5
5C0
330
1F
100
AcDbEntity
  8
0
  6
Continuous
 62
     7
370
    25
100
AcDbCircle
 10
565.4589282568991
 20
496.7930251116393
 30
0.0
 40
2.774999999999977
  0
CIRCLE
  5
5C1
330
1F
100
AcDbEntity
  8
0
  6
Continuous
 62
     7
370
    25
100
AcDbCircle
 10
755.4589282568991
 20
496.7930251116414
 30
0.0
 40
2.775000000000091
  0
CIRCLE
  5
5C2
330
1F
100
AcDbEntity
  8
0
  6
Continuous
 62
     7
370
    25
100
AcDbCircle
 10
565.4589282568994
 20
466.7930251116393
 30
0.0
 40
2.774999999999977
  0
CIRCLE
  5
5C3
330
1F
100
AcDbEntity
  8
0
  6
Continuous
 62
     7
370
    25
100
AcDbCircle
 10
755.4589282568993
 20
466.7930251116413
 30
0.0
 40
2.774999999999977
  0
ARC
  5
5C4
330
1F
100
AcDbEntity
  8
0
  6
Continuous
 62
     7
370
    25
100
AcDbCircle
 10
734.458928256899
 20
506.2930251116412
 30
0.0
 40
20.0
100
AcDbArc
 50
126.8698976458456
 51
180.0000000000014
  0
LINE
  5
5C5
330
1F
100
AcDbEntity
  8
0
  6
Continuous
 62
     7
370
    25
100
AcDbLine
 10
714.458928256899
 20
506.293025111641
 30
0.0
 11
714.4589282568994
 21
457.2930251116409
 31
0.0
  0
ARC
  5
5C6
330
1F
100
AcDbEntity
  8
0
  6
Continuous
 62
     7
370
    25
100
AcDbCircle
 10
734.4589282568994
 20
457.2930251116411
 30
0.0
 40
20.0
100
AcDbArc
 50
180.0000000000014
 51
233.1301023541568
  0
LINE
  5
5C7
330
1F
100
AcDbEntity
  8
0
  6
Continuous
 62
     7
370
    25
100
AcDbLine
 10
746.4589282568988
 20
510.2930251116412
 30
0.0
 11
746.4589282568994
 21
453.2930251116413
 31
0.0
  0
LINE
  5
5C8
330
1F
100
AcDbEntity
  8
0
  6
Continuous
 62
     7
370
    25
100
AcDbLine
 10
724.4589282568998
 20
427.0302834118439
 30
0.0
 11
724.4589282568999
 21
421.5557668114379
 31
0.0
  0
LINE
  5
5C9
330
1F
100
AcDbEntity
  8
0
  6
Continuous
 62
     7
370
    25
100
AcDbLine
 10
802.1961865571028
 20
429.2930251116417
 30
0.0
 11
726.7216699566966
 21
429.2930251116409
 31
0.0
  0
LINE
  5
5CA
330
1F
100
AcDbEntity
  8
0
  6
Continuous
 62
     7
370
    25
100
AcDbLine
 10
804.4589282568998
 20
421.5557668114387
 30
0.0
 11
804.4589282568996
 21
427.0302834118447
 31
0.0
  0
LINE
  5
5CB
330
1F
100
AcDbEntity
  8
0
  6
Continuous
 62
     7
370
    25
100
AcDbLine
 10
726.7216699566967
 20
419.293025111641
 30
0.0
 11
802.1961865571029
 21
419.2930251116417
 31
0.0
  0
LINE
  5
5CC
330
1F
100
AcDbEntity
  8
0
  6
Continuous
 62
     7
370
    25
100
AcDbLine
 10
929.4589282569008
 20
327.0302834118463
 30
0.0
 11
929.4589282569008
 21
319.2930251116433
 31
0.0
  0
LINE
  5
5CD
330
1F
100
AcDbEntity
  8
0
  6
Continuous
 62
     7
370
    25
100
AcDbLine
 10
901.7216699566977
 20
329.2930251116429
 30
0.0
 11
927.1961865571039
 21
329.2930251116431
 31
0.0
  0
LINE
  5
5CE
330
1F
100
AcDbEntity
  8
0
  6
Continuous
 62
     7
370
    25
100
AcDbLine
 10
899.4589282569009
 20
315.7930251116429
 30
0.0
 11
899.4589282569008
 21
327.0302834118459
 31
0.0
  0
LINE
  5
5CF
330
1F
100
AcDbEntity
  8
0
  6
Continuous
 62
     7
370
    25
100
AcDbLine
 10
784.4589282569008
 20
327.0302834118446
 30
0.0
 11
784.4589282569009
 21
315.7930251116417
 31
0.0
  0
LINE
  5
5D0
330
1F
100
AcDbEntity
  8
0
  6
Continuous
 62
     7
370
    25
100
AcDbLine
 10
746.7216699566974
 20
329.2930251116412
 30
0.0
 11
782.1961865571038
 21
329.2930251116416
 31
0.0
  0
LINE
  5
5D1
330
1F
100
AcDbEntity
  8
0
  6
Continuous
 62
     7
370
    25
100
AcDbLine
 10
744.4589282569009
 20
315.7930251116412
 30
0.0
 11
744.4589282569008
 21
327.0302834118439
 31
0.0
  0
LINE
  5
5D2
330
1F
100
AcDbEntity
  8
0
  6
Continuous
 62
     7
370
    25
100
AcDbLine
 10
629.4589282569008
 20
327.0302834118431
 30
0.0
 11
629.458928256901
 21
315.7930251116401
 31
0.0
  0
LINE
  5
5D3
330
1F
100
AcDbEntity
  8
0
  6
Continuous
 62
     7
370
    25
100
AcDbLine
 10
601.7216699566976
 20
329.2930251116397
 30
0.0
 11
627.1961865571038
 21
329.29302511164
 31
0.0
  0
LINE
  5
5D4
330
1F
100
AcDbEntity
  8
0
  6
Continuous
 62
     7
370
    25
100
AcDbLine
 10
599.4589282569009
 20
319.2930251116397
 30
0.0
 11
599.4589282569008
 21
327.0302834118427
 31
0.0
  0
ARC
  5
5D5
330
1F
100
AcDbEntity
  8
0
  6
Continuous
 62
     7
370
    25
100
AcDbCircle
 10
731.4589282568994
 20
453.2930251116411
 30
0.0
 40
15.0
100
AcDbArc
 50
233.1301023541568
 51
0.0000000000006514
  0
ARC
  5
5D6
330
1F
100
AcDbEntity
  8
0
  6
Continuous
 62
     7
370
    25
100
AcDbCircle
 10
731.4589282568988
 20
510.2930251116411
 30
0.0
 40
15.00000000000002
100
AcDbArc
 50
0.0000000000004343
 51
126.8698976458456
  0
CIRCLE
  5
5D7
330
1F
100
AcDbEntity
  8
0
  6
Continuous
 62
     7
370
    25
100
AcDbCircle
 10
565.4589282568994
 20
466.7930251116393
 30
0.0
 40
2.750000000000114
  0
CIRCLE
  5
5D8
330
1F
100
AcDbEntity
  8
0
  6
Continuous
 62
     7
370
    25
100
AcDbCircle
 10
565.4589282568991
 20
496.7930251116393
 30
0.0
 40
2.750000000000114
  0
CIRCLE
  5
5D9
330
1F
100
AcDbEntity
  8
0
  6
Continuous
 62
     7
370
    25
100
AcDbCircle
 10
755.4589282568991
 20
496.7930251116414
 30
0.0
 40
2.75
  0
CIRCLE
  5
5DA
330
1F
100
AcDbEntity
  8
0
  6
Continuous
 62
     7
370
    25
100
AcDbCircle
 10
755.4589282568993
 20
466.7930251116413
 30
0.0
 40
2.749999999999886
  0
ENDSEC
  0
SECTION
  2
OBJECTS
  0
DICTIONARY
  5
C
330
0
100
AcDbDictionary
281
     1
  3
ACAD_GROUP
350
D
  3
ACAD_LAYOUT
350
1A
  3
ACAD_MATERIAL
350
5F5
  3
ACAD_MLEADERSTYLE
350
5FB
  3
ACAD_MLINESTYLE
350
17
  3
ACAD_PLOTSETTINGS
350
19
  3
ACAD_PLOTSTYLENAME
350
E
  3
ACAD_SCALELIST
350
47
  3
ACAD_TABLESTYLE
350
5F9
  3
ACAD_VISUALSTYLE
350
5DC
  3
AcDbVariableDictionary
350
5FD
  3
DWGPROPS
350
605
  0
DICTIONARY
  5
606
330
8
100
AcDbDictionary
280
     1
281
     1
  3
ACAD_XREC_ROUNDTRIP
360
607
  0
DICTIONARY
  5
D
102
{ACAD_REACTORS
330
C
102
}
330
C
100
AcDbDictionary
281
     1
  0
DICTIONARY
  5
1A
102
{ACAD_REACTORS
330
C
102
}
330
C
100
AcDbDictionary
281
     1
  3
Layout1
350
1E
  3
Layout2
350
26
  3
Model
350
22
  0
DICTIONARY
  5
5F5
102
{ACAD_REACTORS
330
C
102
}
330
C
100
AcDbDictionary
281
     1
  3
ByBlock
350
5F7
  3
ByLayer
350
5F6
  3
Global
350
5F8
  0
DICTIONARY
  5
5FB
102
{ACAD_REACTORS
330
C
102
}
330
C
100
AcDbDictionary
281
     1
  3
Standard
350
5FC
  0
DICTIONARY
  5
17
102
{ACAD_REACTORS
330
C
102
}
330
C
100
AcDbDictionary
281
     1
  3
Standard
350
18
  0
DICTIONARY
  5
19
102
{ACAD_REACTORS
330
C
102
}
330
C
100
AcDbDictionary
281
     1
  0
ACDBDICTIONARYWDFLT
  5
E
102
{ACAD_REACTORS
330
C
102
}
330
C
100
AcDbDictionary
281
     1
  3
Normal
350
F
100
AcDbDictionaryWithDefault
340
F
  0
DICTIONARY
  5
47
102
{ACAD_REACTORS
330
C
102
}
330
C
100
AcDbDictionary
281
     1
  3
A0
350
48
  3
A1
350
49
  3
A2
350
4A
  3
A3
350
4B
  3
A4
350
4C
  3
A5
350
4D
  3
A6
350
4E
  3
A7
350
4F
  3
A8
350
50
  3
A9
350
51
  3
B0
350
52
  3
B1
350
53
  3
B2
350
54
  3
B3
350
55
  3
B4
350
56
  3
B5
350
57
  3
B6
350
58
  0
DICTIONARY
  5
5F9
102
{ACAD_REACTORS
330
C
102
}
330
C
100
AcDbDictionary
281
     1
  3
Standard
350
5FA
  0
DICTIONARY
  5
5DC
102
{ACAD_REACTORS
330
C
102
}
330
C
100
AcDbDictionary
281
     1
  3
2dWireframe
350
5E1
  3
Basic
350
5E4
  3
Brighten
350
5E8
  3
ColorChange
350
5EC
  3
Conceptual
350
5E6
  3
Dim
350
5E7
  3
EdgeColorOff
350
5EF
  3
Facepattern
350
5EB
  3
Flat
350
5DD
  3
FlatWithEdges
350
5DE
  3
Gouraud
350
5DF
  3
GouraudWithEdges
350
5E0
  3
Hidden
350
5E3
  3
JitterOff
350
5ED
  3
Linepattern
350
5EA
  3
OverhangOff
350
5EE
  3
Realistic
350
5E5
  3
Shaded
350
5F4
  3
Shaded with edges
350
5F3
  3
Shades of Gray
350
5F0
  3
Sketchy
350
5F1
  3
Thicken
350
5E9
  3
Wireframe
350
5E2
  3
X-Ray
350
5F2
  0
DICTIONARY
  5
5FD
102
{ACAD_REACTORS
330
C
102
}
330
C
100
AcDbDictionary
281
     1
  3
CMLEADERSTYLE
350
5FF
  3
CTABLESTYLE
350
5FE
  3
DIMASSOC
350
603
  3
HIDETEXT
350
604
  3
MSLTSCALE
350
600
  0
XRECORD
  5
605
102
{ACAD_REACTORS
330
C
102
}
330
C
100
AcDbXrecord
280
     1
  1
DWGPROPS COOKIE
  2

  3

  4

  6

  7

  8
omelianenko_a
  9

300
=
301
=
302
=
303
=
304
=
305
=
306
=
307
=
308
=
309
=
 40
0.0
 41
2460789.174048507
 42
2461178.715821447
  1

 90
        0
  0
XRECORD
  5
607
102
{ACAD_REACTORS
330
606
102
}
330
606
100
AcDbXrecord
280
     1
102
VTR_0.000_0.000_1.000_1.000_VISUALSTYLE
340
5E1
102
VTR_0.000_0.000_1.000_1.000_GRIDDISPLAY
 70
     3
102
VTR_0.000_0.000_1.000_1.000_GRIDMAJOR
 70
     5
102
VTR_0.000_0.000_1.000_1.000_DEFAULTLIGHTING
280
     1
102
VTR_0.000_0.000_1.000_1.000_DEFAULTLIGHTINGTYPE
 70
     1
102
VTR_0.000_0.000_1.000_1.000_BRIGHTNESS
141
0.0
102
VTR_0.000_0.000_1.000_1.000_CONTRAST
142
0.0
  0
LAYOUT
  5
1E
102
{ACAD_REACTORS
330
1A
102
}
330
1A
100
AcDbPlotSettings
  1

  2
none_device
  4

  6

 40
0.0
 41
0.0
 42
0.0
 43
0.0
 44
0.0
 45
0.0
 46
0.0
 47
0.0
 48
0.0
 49
0.0
140
0.0
141
0.0
142
1.0
143
1.0
 70
   688
 72
     1
 73
     0
 74
     5
  7

 75
    16
147
1.0
148
0.0
149
0.0
100
AcDbLayout
  1
Layout1
 70
     1
 71
     1
 10
0.0
 20
0.0
 11
420.0
 21
297.0
 12
0.0
 22
0.0
 32
0.0
 14
1.000000000000000E+20
 24
1.000000000000000E+20
 34
1.000000000000000E+20
 15
-1.000000000000000E+20
 25
-1.000000000000000E+20
 35
-1.000000000000000E+20
146
0.0
 13
0.0
 23
0.0
 33
0.0
 16
1.0
 26
0.0
 36
0.0
 17
0.0
 27
1.0
 37
0.0
 76
     0
330
1B
  0
LAYOUT
  5
26
102
{ACAD_REACTORS
330
1A
102
}
330
1A
100
AcDbPlotSettings
  1

  2
none_device
  4

  6

 40
0.0
 41
0.0
 42
0.0
 43
0.0
 44
0.0
 45
0.0
 46
0.0
 47
0.0
 48
0.0
 49
0.0
140
0.0
141
0.0
142
1.0
143
1.0
 70
   688
 72
     1
 73
     0
 74
     5
  7

 75
    16
147
1.0
148
0.0
149
0.0
100
AcDbLayout
  1
Layout2
 70
     1
 71
     2
 10
0.0
 20
0.0
 11
0.0
 21
0.0
 12
0.0
 22
0.0
 32
0.0
 14
0.0
 24
0.0
 34
0.0
 15
0.0
 25
0.0
 35
0.0
146
0.0
 13
0.0
 23
0.0
 33
0.0
 16
1.0
 26
0.0
 36
0.0
 17
0.0
 27
1.0
 37
0.0
 76
     0
330
23
  0
LAYOUT
  5
22
102
{ACAD_REACTORS
330
1A
102
}
330
1A
100
AcDbPlotSettings
  1

  2
none_device
  4
Letter_(8.50_x_11.00_Inches)
  6

 40
6.35
 41
6.35
 42
6.35000508
 43
6.35000508
 44
215.9
 45
279.4
 46
0.0
 47
0.0
 48
0.0
 49
0.0
140
0.0
141
0.0
142
1.0
143
1.0
 70
  1712
 72
     1
 73
     0
 74
     0
  7

 75
     0
147
1.0
148
0.0
149
0.0
100
AcDbLayout
  1
Model
 70
     1
 71
     0
 10
0.0
 20
0.0
 11
1530.0
 21
700.0000000000001
 12
0.0
 22
0.0
 32
0.0
 14
0.0
 24
0.0
 34
0.0
 15
1530.0
 25
700.0000000000001
 35
0.0
146
0.0
 13
0.0
 23
0.0
 33
0.0
 16
1.0
 26
0.0
 36
0.0
 17
0.0
 27
1.0
 37
0.0
 76
     0
330
1F
331
29
  0
MATERIAL
  5
5F7
102
{ACAD_REACTORS
330
5F5
102
}
102
{ACAD_XDICTIONARY
360
63A
102
}
330
5F5
100
AcDbMaterial
  1
ByBlock
  0
MATERIAL
  5
5F6
102
{ACAD_REACTORS
330
5F5
102
}
102
{ACAD_XDICTIONARY
360
638
102
}
330
5F5
100
AcDbMaterial
  1
ByLayer
  0
MATERIAL
  5
5F8
102
{ACAD_REACTORS
330
5F5
102
}
102
{ACAD_XDICTIONARY
360
63C
102
}
330
5F5
100
AcDbMaterial
  1
Global
  0
MLEADERSTYLE
  5
5FC
102
{ACAD_REACTORS
330
5FB
102
}
102
{ACAD_XDICTIONARY
360
63F
102
}
330
5FB
100
AcDbMLeaderStyle
170
     2
171
     1
172
     0
 90
        2
 40
0.0
 41
0.0
173
     1
 91
-1056964608
340
14
 92
       -2
290
     1
 42
2.0
291
     1
 43
8.0
  3
Standard
341
0
 44
4.0
300

342
11
174
     1
178
     6
175
     1
176
     0
 93
-1056964608
 45
4.0
292
     0
297
     0
 46
4.0
343
0
 94
-1056964608
 47
1.0
 49
1.0
140
1.0
293
     1
141
0.0
294
     1
177
     0
142
1.0
295
     0
296
     0
143
3.75
1001
ACAD_MLEADERVER
1070
     2
  0
MLINESTYLE
  5
18
102
{ACAD_REACTORS
330
17
102
}
330
17
100
AcDbMlineStyle
  2
Standard
 70
     0
  3

 62
   256
 51
90.0
 52
90.0
 71
     2
 49
0.5
 62
   256
  6
BYLAYER
 49
-0.5
 62
   256
  6
BYLAYER
  0
ACDBPLACEHOLDER
  5
F
102
{ACAD_REACTORS
330
E
102
}
330
E
  0
SCALE
  5
48
102
{ACAD_REACTORS
330
47
102
}
330
47
100
AcDbScale
 70
     0
300
1:1
140
1.0
141
1.0
290
     1
  0
SCALE
  5
49
102
{ACAD_REACTORS
330
47
102
}
330
47
100
AcDbScale
 70
     0
300
1:2
140
1.0
141
2.0
290
     0
  0
SCALE
  5
4A
102
{ACAD_REACTORS
330
47
102
}
330
47
100
AcDbScale
 70
     0
300
1:4
140
1.0
141
4.0
290
     0
  0
SCALE
  5
4B
102
{ACAD_REACTORS
330
47
102
}
330
47
100
AcDbScale
 70
     0
300
1:5
140
1.0
141
5.0
290
     0
  0
SCALE
  5
4C
102
{ACAD_REACTORS
330
47
102
}
330
47
100
AcDbScale
 70
     0
300
1:8
140
1.0
141
8.0
290
     0
  0
SCALE
  5
4D
102
{ACAD_REACTORS
330
47
102
}
330
47
100
AcDbScale
 70
     0
300
1:10
140
1.0
141
10.0
290
     0
  0
SCALE
  5
4E
102
{ACAD_REACTORS
330
47
102
}
330
47
100
AcDbScale
 70
     0
300
1:16
140
1.0
141
16.0
290
     0
  0
SCALE
  5
4F
102
{ACAD_REACTORS
330
47
102
}
330
47
100
AcDbScale
 70
     0
300
1:20
140
1.0
141
20.0
290
     0
  0
SCALE
  5
50
102
{ACAD_REACTORS
330
47
102
}
330
47
100
AcDbScale
 70
     0
300
1:30
140
1.0
141
30.0
290
     0
  0
SCALE
  5
51
102
{ACAD_REACTORS
330
47
102
}
330
47
100
AcDbScale
 70
     0
300
1:40
140
1.0
141
40.0
290
     0
  0
SCALE
  5
52
102
{ACAD_REACTORS
330
47
102
}
330
47
100
AcDbScale
 70
     0
300
1:50
140
1.0
141
50.0
290
     0
  0
SCALE
  5
53
102
{ACAD_REACTORS
330
47
102
}
330
47
100
AcDbScale
 70
     0
300
1:100
140
1.0
141
100.0
290
     0
  0
SCALE
  5
54
102
{ACAD_REACTORS
330
47
102
}
330
47
100
AcDbScale
 70
     0
300
2:1
140
2.0
141
1.0
290
     0
  0
SCALE
  5
55
102
{ACAD_REACTORS
330
47
102
}
330
47
100
AcDbScale
 70
     0
300
4:1
140
4.0
141
1.0
290
     0
  0
SCALE
  5
56
102
{ACAD_REACTORS
330
47
102
}
330
47
100
AcDbScale
 70
     0
300
8:1
140
8.0
141
1.0
290
     0
  0
SCALE
  5
57
102
{ACAD_REACTORS
330
47
102
}
330
47
100
AcDbScale
 70
     0
300
10:1
140
10.0
141
1.0
290
     0
  0
SCALE
  5
58
102
{ACAD_REACTORS
330
47
102
}
330
47
100
AcDbScale
 70
     0
300
100:1
140
100.0
141
1.0
290
     0
  0
TABLESTYLE
  5
5FA
102
{ACAD_REACTORS
330
5F9
102
}
330
5F9
100
AcDbTableStyle
  3
Standard
 70
     0
 71
     0
 40
1.5
 41
1.5
280
     0
281
     0
  7
Standard
140
4.5
170
     2
 62
     0
 63
   257
283
     0
274
    -2
284
     1
 64
     0
275
    -2
285
     1
 65
     0
276
    -2
286
     1
 66
     0
277
    -2
287
     1
 67
     0
278
    -2
288
     1
 68
     0
279
    -2
289
     1
 69
     0
  7
Standard
140
6.0
170
     5
 62
     0
 63
   257
283
     0
274
    -2
284
     1
 64
     0
275
    -2
285
     1
 65
     0
276
    -2
286
     1
 66
     0
277
    -2
287
     1
 67
     0
278
    -2
288
     1
 68
     0
279
    -2
289
     1
 69
     0
  7
Standard
140
4.5
170
     5
 62
     0
 63
   257
283
     0
274
    -2
284
     1
 64
     0
275
    -2
285
     1
 65
     0
276
    -2
286
     1
 66
     0
277
    -2
287
     1
 67
     0
278
    -2
288
     1
 68
     0
279
    -2
289
     1
 69
     0
  0
VISUALSTYLE
  5
5E1
102
{ACAD_REACTORS
330
5DC
102
}
102
{ACAD_XDICTIONARY
360
610
102
}
330
5DC
100
AcDbVisualStyle
  2
2dWireframe
 70
     4
 71
     0
 72
     2
 73
     0
 90
        0
 40
0.6
 41
30.0
 62
     5
 63
     7
 74
     1
 91
        4
 64
     7
 65
   257
 75
     1
175
     1
 42
1.0
 92
        0
 66
   257
 43
1.0
 76
     1
 77
     6
 78
     2
 67
     7
 79
     5
170
     0
171
     0
290
     0
174
     0
 93
        1
 44
0.0
173
     0
291
     0
 45
0.0
1001
ACAD
1000
AcDbSavedByObjectVersion
1070
     0
  0
VISUALSTYLE
  5
5E4
102
{ACAD_REACTORS
330
5DC
102
}
102
{ACAD_XDICTIONARY
360
616
102
}
330
5DC
100
AcDbVisualStyle
  2
Basic
 70
     7
 71
     1
 72
     0
 73
     1
 90
        0
 40
0.6
 41
30.0
 62
     5
 63
     7
 74
     0
 91
        4
 64
     7
 65
   257
 75
     1
175
     1
 42
1.0
 92
        8
 66
     7
 43
1.0
 76
     1
 77
     6
 78
     2
 67
     7
 79
     5
170
     0
171
     0
290
     0
174
     0
 93
        1
 44
0.0
173
     0
291
     1
 45
0.0
1001
ACAD
1000
AcDbSavedByObjectVersion
1070
     0
  0
VISUALSTYLE
  5
5E8
102
{ACAD_REACTORS
330
5DC
102
}
102
{ACAD_XDICTIONARY
360
61E
102
}
330
5DC
100
AcDbVisualStyle
  2
Brighten
 70
    12
 71
     2
 72
     2
 73
     0
 90
        0
 40
0.6
 41
30.0
 62
     5
 63
     7
 74
     1
 91
        4
 64
     7
 65
   257
 75
     1
175
     1
 42
1.0
 92
        8
 66
     7
 43
1.0
 76
     1
 77
     6
 78
     2
 67
     7
 79
     5
170
     0
171
     0
290
     0
174
     0
 93
        1
 44
50.0
173
     0
291
     1
 45
0.0
1001
ACAD
1000
AcDbSavedByObjectVersion
1070
     0
  0
VISUALSTYLE
  5
5EC
102
{ACAD_REACTORS
330
5DC
102
}
102
{ACAD_XDICTIONARY
360
626
102
}
330
5DC
100
AcDbVisualStyle
  2
ColorChange
 70
    16
 71
     2
 72
     2
 73
     3
 90
        0
 40
0.6
 41
30.0
 62
     5
 63
     8
 74
     1
 91
        4
 64
     7
 65
   257
 75
     1
175
     1
 42
1.0
 92
        8
 66
     8
 43
1.0
 76
     1
 77
     6
 78
     2
 67
     7
 79
     5
170
     0
171
     0
290
     0
174
     0
 93
        1
 44
0.0
173
     0
291
     1
 45
0.0
1001
ACAD
1000
AcDbSavedByObjectVersion
1070
     0
  0
VISUALSTYLE
  5
5E6
102
{ACAD_REACTORS
330
5DC
102
}
102
{ACAD_XDICTIONARY
360
61A
102
}
330
5DC
100
AcDbVisualStyle
  2
Conceptual
 70
     9
 71
     3
 72
     2
 73
     0
 90
        0
 40
0.6
 41
30.0
 62
     5
 63
     7
 74
     2
 91
        2
 64
     7
 65
   257
 75
     1
175
     1
 42
179.0
 92
        8
 66
     7
 43
1.0
 76
     1
 77
     6
 78
     2
 67
     7
 79
     3
170
     0
171
     0
290
     0
174
     0
 93
        1
 44
0.0
173
     0
291
     0
 45
0.0
1001
ACAD
1000
AcDbSavedByObjectVersion
1070
     0
  0
VISUALSTYLE
  5
5E7
102
{ACAD_REACTORS
330
5DC
102
}
102
{ACAD_XDICTIONARY
360
61C
102
}
330
5DC
100
AcDbVisualStyle
  2
Dim
 70
    11
 71
     2
 72
     2
 73
     0
 90
        0
 40
0.6
 41
30.0
 62
     5
 63
     7
 74
     1
 91
        4
 64
     7
 65
   257
 75
     1
175
     1
 42
1.0
 92
        8
 66
     7
 43
1.0
 76
     1
 77
     6
 78
     2
 67
     7
 79
     5
170
     0
171
     0
290
     0
174
     0
 93
        1
 44
-50.0
173
     0
291
     1
 45
0.0
1001
ACAD
1000
AcDbSavedByObjectVersion
1070
     0
  0
VISUALSTYLE
  5
5EF
102
{ACAD_REACTORS
330
5DC
102
}
102
{ACAD_XDICTIONARY
360
62C
102
}
330
5DC
100
AcDbVisualStyle
  2
EdgeColorOff
 70
    22
 71
     2
 72
     2
 73
     0
 90
        0
 40
0.6
 41
30.0
 62
     5
 63
     7
 74
     1
 91
        4
 64
     7
 65
   257
 75
     1
175
     1
 42
1.0
 92
        8
 66
     7
 43
1.0
 76
     1
 77
     6
 78
     2
 67
     7
 79
     5
170
     0
171
     0
290
     0
174
     0
 93
        1
 44
0.0
173
     0
291
     1
 45
0.0
1001
ACAD
1000
AcDbSavedByObjectVersion
1070
     0
  0
VISUALSTYLE
  5
5EB
102
{ACAD_REACTORS
330
5DC
102
}
102
{ACAD_XDICTIONARY
360
624
102
}
330
5DC
100
AcDbVisualStyle
  2
Facepattern
 70
    15
 71
     2
 72
     2
 73
     0
 90
        0
 40
0.6
 41
30.0
 62
     5
 63
     7
 74
     1
 91
        4
 64
     7
 65
   257
 75
     1
175
     1
 42
1.0
 92
        8
 66
     7
 43
1.0
 76
     1
 77
     6
 78
     2
 67
     7
 79
     5
170
     0
171
     0
290
     0
174
     0
 93
        1
 44
0.0
173
     0
291
     1
 45
0.0
1001
ACAD
1000
AcDbSavedByObjectVersion
1070
     0
  0
VISUALSTYLE
  5
5DD
102
{ACAD_REACTORS
330
5DC
102
}
102
{ACAD_XDICTIONARY
360
608
102
}
330
5DC
100
AcDbVisualStyle
  2
Flat
 70
     0
 71
     2
 72
     1
 73
     1
 90
        2
 40
0.6
 41
30.0
 62
     5
 63
     7
 74
     0
 91
        0
 64
     7
 65
   257
 75
     1
175
     1
 42
1.0
 92
        8
 66
     7
 43
1.0
 76
     1
 77
     6
 78
     2
 67
     7
 79
     5
170
     0
171
     0
290
     0
174
     0
 93
       13
 44
0.0
173
     0
291
     1
 45
0.0
1001
ACAD
1000
AcDbSavedByObjectVersion
1070
     0
  0
VISUALSTYLE
  5
5DE
102
{ACAD_REACTORS
330
5DC
102
}
102
{ACAD_XDICTIONARY
360
60A
102
}
330
5DC
100
AcDbVisualStyle
  2
FlatWithEdges
 70
     1
 71
     2
 72
     1
 73
     1
 90
        2
 40
0.6
 41
30.0
 62
     5
 63
     7
 74
     1
 91
        0
 64
     7
 65
   257
 75
     1
175
     1
 42
1.0
 92
        0
 66
   257
 43
1.0
 76
     1
 77
     6
 78
     2
 67
     7
 79
     5
170
     0
171
     0
290
     0
174
     0
 93
       13
 44
0.0
173
     0
291
     1
 45
0.0
1001
ACAD
1000
AcDbSavedByObjectVersion
1070
     0
  0
VISUALSTYLE
  5
5DF
102
{ACAD_REACTORS
330
5DC
102
}
102
{ACAD_XDICTIONARY
360
60C
102
}
330
5DC
100
AcDbVisualStyle
  2
Gouraud
 70
     2
 71
     2
 72
     2
 73
     1
 90
        2
 40
0.6
 41
30.0
 62
     5
 63
     7
 74
     0
 91
        0
 64
     7
 65
   257
 75
     1
175
     1
 42
1.0
 92
        0
 66
     7
 43
1.0
 76
     1
 77
     6
 78
     2
 67
     7
 79
     5
170
     0
171
     0
290
     0
174
     0
 93
       13
 44
0.0
173
     0
291
     1
 45
0.0
1001
ACAD
1000
AcDbSavedByObjectVersion
1070
     0
  0
VISUALSTYLE
  5
5E0
102
{ACAD_REACTORS
330
5DC
102
}
102
{ACAD_XDICTIONARY
360
60E
102
}
330
5DC
100
AcDbVisualStyle
  2
GouraudWithEdges
 70
     3
 71
     2
 72
     2
 73
     1
 90
        2
 40
0.6
 41
30.0
 62
     5
 63
     7
 74
     1
 91
        0
 64
     7
 65
   257
 75
     1
175
     1
 42
1.0
 92
        0
 66
   257
 43
1.0
 76
     1
 77
     6
 78
     2
 67
     7
 79
     5
170
     0
171
     0
290
     0
174
     0
 93
       13
 44
0.0
173
     0
291
     1
 45
0.0
1001
ACAD
1000
AcDbSavedByObjectVersion
1070
     0
  0
VISUALSTYLE
  5
5E3
102
{ACAD_REACTORS
330
5DC
102
}
102
{ACAD_XDICTIONARY
360
614
102
}
330
5DC
100
AcDbVisualStyle
  2
Hidden
 70
     6
 71
     1
 72
     2
 73
     2
 90
        0
 40
0.6
 41
30.0
 62
     5
 63
     7
 74
     2
 91
        2
 64
     7
 65
   257
 75
     2
175
     1
 42
40.0
 92
        0
 66
   257
 43
1.0
 76
     1
 77
     6
 78
     2
 67
     7
 79
     3
170
     0
171
     0
290
     0
174
     0
 93
        1
 44
0.0
173
     0
291
     0
 45
0.0
1001
ACAD
1000
AcDbSavedByObjectVersion
1070
     0
  0
VISUALSTYLE
  5
5ED
102
{ACAD_REACTORS
330
5DC
102
}
102
{ACAD_XDICTIONARY
360
628
102
}
330
5DC
100
AcDbVisualStyle
  2
JitterOff
 70
    20
 71
     2
 72
     2
 73
     0
 90
        0
 40
0.6
 41
30.0
 62
     5
 63
     7
 74
     1
 91
        4
 64
     7
 65
   257
 75
     1
175
     1
 42
1.0
 92
       10
 66
     7
 43
1.0
 76
     1
 77
     6
 78
     2
 67
     7
 79
     5
170
     0
171
     0
290
     0
174
     0
 93
        1
 44
0.0
173
     0
291
     1
 45
0.0
1001
ACAD
1000
AcDbSavedByObjectVersion
1070
     0
  0
VISUALSTYLE
  5
5EA
102
{ACAD_REACTORS
330
5DC
102
}
102
{ACAD_XDICTIONARY
360
622
102
}
330
5DC
100
AcDbVisualStyle
  2
Linepattern
 70
    14
 71
     2
 72
     2
 73
     0
 90
        0
 40
0.6
 41
30.0
 62
     5
 63
     7
 74
     1
 91
        4
 64
     7
 65
   257
 75
     7
175
     7
 42
1.0
 92
        8
 66
     7
 43
1.0
 76
     1
 77
     6
 78
     2
 67
     7
 79
     5
170
     0
171
     0
290
     0
174
     0
 93
        1
 44
0.0
173
     0
291
     1
 45
0.0
1001
ACAD
1000
AcDbSavedByObjectVersion
1070
     0
  0
VISUALSTYLE
  5
5EE
102
{ACAD_REACTORS
330
5DC
102
}
102
{ACAD_XDICTIONARY
360
62A
102
}
330
5DC
100
AcDbVisualStyle
  2
OverhangOff
 70
    21
 71
     2
 72
     2
 73
     0
 90
        0
 40
0.6
 41
30.0
 62
     5
 63
     7
 74
     1
 91
        4
 64
     7
 65
   257
 75
     1
175
     1
 42
1.0
 92
        9
 66
     7
 43
1.0
 76
     1
 77
     6
 78
     2
 67
     7
 79
     5
170
     0
171
     0
290
     0
174
     0
 93
        1
 44
0.0
173
     0
291
     1
 45
0.0
1001
ACAD
1000
AcDbSavedByObjectVersion
1070
     0
  0
VISUALSTYLE
  5
5E5
102
{ACAD_REACTORS
330
5DC
102
}
102
{ACAD_XDICTIONARY
360
618
102
}
330
5DC
100
AcDbVisualStyle
  2
Realistic
 70
     8
 71
     2
 72
     3
 73
     0
 90
        2
 40
0.6
 41
30.0
 62
     5
 63
     7
 74
     0
 91
        0
 64
     7
 65
   257
 75
     1
175
     1
 42
1.0
 92
        8
 66
   257
 43
1.0
 76
     1
 77
     6
 78
     2
 67
     7
 79
     3
170
     0
171
     0
290
     0
174
     0
 93
       13
 44
0.0
173
     0
291
     0
 45
0.0
1001
ACAD
1000
AcDbSavedByObjectVersion
1070
     0
  0
VISUALSTYLE
  5
5F4
102
{ACAD_REACTORS
330
5DC
102
}
102
{ACAD_XDICTIONARY
360
636
102
}
330
5DC
100
AcDbVisualStyle
  2
Shaded
 70
    27
 71
     2
 72
     2
 73
     1
 90
        2
 40
0.6
 41
30.0
 62
     5
 63
     7
 74
     0
 91
        4
 64
     7
 65
   257
 75
     1
175
     1
 42
1.0
 92
        8
 66
   257
 43
1.0
 76
     1
 77
     6
 78
     2
 67
     8
 79
     3
170
     0
171
     0
290
     0
174
     0
 93
        5
 44
0.0
173
     0
291
     0
 45
0.0
1001
ACAD
1000
AcDbSavedByObjectVersion
1070
     0
  0
VISUALSTYLE
  5
5F3
102
{ACAD_REACTORS
330
5DC
102
}
102
{ACAD_XDICTIONARY
360
634
102
}
330
5DC
100
AcDbVisualStyle
  2
Shaded with edges
 70
    26
 71
     2
 72
     2
 73
     1
 90
        2
 40
0.6
 41
30.0
 62
     5
 63
     7
 74
     1
 91
       10
 64
     7
 65
   257
 75
     2
175
     1
 42
1.0
 92
        8
 66
   257
 43
1.0
 76
     1
 77
     6
 78
     2
 67
     7
 79
     3
170
     0
171
     0
290
     0
174
     0
 93
        5
 44
0.0
173
     0
291
     0
 45
0.0
1001
ACAD
1000
AcDbSavedByObjectVersion
1070
     0
  0
VISUALSTYLE
  5
5F0
102
{ACAD_REACTORS
330
5DC
102
}
102
{ACAD_XDICTIONARY
360
62E
102
}
330
5DC
100
AcDbVisualStyle
  2
Shades of Gray
 70
    23
 71
     2
 72
     2
 73
     3
 90
        0
 40
0.6
 41
30.0
 62
     5
 63
     7
 74
     2
 91
        2
 64
     7
 65
     7
 75
     1
175
     1
 42
40.0
 92
        8
 66
     7
 43
1.0
 76
     1
 77
     6
 78
     2
 67
     7
 79
     3
170
     0
171
     0
290
     0
174
     0
 93
        1
 44
0.0
173
     0
291
     0
 45
0.0
1001
ACAD
1000
AcDbSavedByObjectVersion
1070
     0
  0
VISUALSTYLE
  5
5F1
102
{ACAD_REACTORS
330
5DC
102
}
102
{ACAD_XDICTIONARY
360
630
102
}
330
5DC
100
AcDbVisualStyle
  2
Sketchy
 70
    24
 71
     1
 72
     2
 73
     2
 90
        0
 40
0.6
 41
30.0
 62
     5
 63
     7
 74
     2
 91
        2
 64
     7
 65
     7
 75
     1
175
     1
 42
40.0
 92
       11
 66
     7
 43
1.0
 76
     1
 77
     6
 78
     2
 67
     7
 79
     6
170
     0
171
     0
290
     0
174
     0
 93
        1
 44
0.0
173
     0
291
     0
 45
0.0
1001
ACAD
1000
AcDbSavedByObjectVersion
1070
     0
  0
VISUALSTYLE
  5
5E9
102
{ACAD_REACTORS
330
5DC
102
}
102
{ACAD_XDICTIONARY
360
620
102
}
330
5DC
100
AcDbVisualStyle
  2
Thicken
 70
    13
 71
     2
 72
     2
 73
     0
 90
        0
 40
0.6
 41
30.0
 62
     5
 63
     7
 74
     1
 91
        4
 64
     7
 65
   257
 75
     1
175
     1
 42
1.0
 92
       12
 66
     7
 43
1.0
 76
     1
 77
     6
 78
     2
 67
     7
 79
     5
170
     0
171
     0
290
     0
174
     0
 93
        1
 44
0.0
173
     0
291
     1
 45
0.0
1001
ACAD
1000
AcDbSavedByObjectVersion
1070
     0
  0
VISUALSTYLE
  5
5E2
102
{ACAD_REACTORS
330
5DC
102
}
102
{ACAD_XDICTIONARY
360
612
102
}
330
5DC
100
AcDbVisualStyle
  2
Wireframe
 70
     5
 71
     0
 72
     2
 73
     0
 90
        0
 40
0.6
 41
30.0
 62
     5
 63
     7
 74
     1
 91
        4
 64
     7
 65
   257
 75
     1
175
     1
 42
1.0
 92
        0
 66
   257
 43
1.0
 76
     1
 77
     6
 78
     2
 67
     7
 79
     3
170
     0
171
     0
290
     0
174
     0
 93
        1
 44
0.0
173
     0
291
     0
 45
0.0
1001
ACAD
1000
AcDbSavedByObjectVersion
1070
     0
  0
VISUALSTYLE
  5
5F2
102
{ACAD_REACTORS
330
5DC
102
}
102
{ACAD_XDICTIONARY
360
632
102
}
330
5DC
100
AcDbVisualStyle
  2
X-Ray
 70
    25
 71
     2
 72
     2
 73
     1
 90
        1
 40
0.5
 41
30.0
 62
     5
 63
     7
 74
     1
 91
        0
 64
     7
 65
   257
 75
     1
175
     1
 42
1.0
 92
        8
 66
     7
 43
1.0
 76
     1
 77
     6
 78
     2
 67
     7
 79
     3
170
     0
171
     0
290
     0
174
     0
 93
       13
 44
0.0
173
     0
291
     0
 45
0.0
1001
ACAD
1000
AcDbSavedByObjectVersion
1070
     0
  0
DICTIONARYVAR
  5
5FF
102
{ACAD_REACTORS
330
5FD
102
}
330
5FD
100
DictionaryVariables
280
     0
  1
Standard
  0
DICTIONARYVAR
  5
5FE
102
{ACAD_REACTORS
330
5FD
102
}
330
5FD
100
DictionaryVariables
280
     0
  1
Standard
  0
DICTIONARYVAR
  5
603
102
{ACAD_REACTORS
330
5FD
102
}
330
5FD
100
DictionaryVariables
280
     0
  1
2
  0
DICTIONARYVAR
  5
604
102
{ACAD_REACTORS
330
5FD
102
}
330
5FD
100
DictionaryVariables
280
     0
  1
1
  0
DICTIONARYVAR
  5
600
102
{ACAD_REACTORS
330
5FD
102
}
330
5FD
100
DictionaryVariables
280
     0
  1
0
  0
DICTIONARY
  5
63A
330
5F7
100
AcDbDictionary
280
     1
281
     1
  3
ACAD_XREC_ROUNDTRIP
360
63B
  0
DICTIONARY
  5
638
330
5F6
100
AcDbDictionary
280
     1
281
     1
  3
ACAD_XREC_ROUNDTRIP
360
639
  0
DICTIONARY
  5
63C
330
5F8
100
AcDbDictionary
280
     1
281
     1
  3
ACAD_XREC_ROUNDTRIP
360
63D
  0
DICTIONARY
  5
63F
330
5FC
100
AcDbDictionary
280
     1
281
     1
  3
ACAD_XREC_ROUNDTRIP
360
640
  0
DICTIONARY
  5
610
330
5E1
100
AcDbDictionary
280
     1
281
     1
  3
ACAD_XREC_ROUNDTRIP
360
611
  0
DICTIONARY
  5
616
330
5E4
100
AcDbDictionary
280
     1
281
     1
  3
ACAD_XREC_ROUNDTRIP
360
617
  0
DICTIONARY
  5
61E
330
5E8
100
AcDbDictionary
280
     1
281
     1
  3
ACAD_XREC_ROUNDTRIP
360
61F
  0
DICTIONARY
  5
626
330
5EC
100
AcDbDictionary
280
     1
281
     1
  3
ACAD_XREC_ROUNDTRIP
360
627
  0
DICTIONARY
  5
61A
330
5E6
100
AcDbDictionary
280
     1
281
     1
  3
ACAD_XREC_ROUNDTRIP
360
61B
  0
DICTIONARY
  5
61C
330
5E7
100
AcDbDictionary
280
     1
281
     1
  3
ACAD_XREC_ROUNDTRIP
360
61D
  0
DICTIONARY
  5
62C
330
5EF
100
AcDbDictionary
280
     1
281
     1
  3
ACAD_XREC_ROUNDTRIP
360
62D
  0
DICTIONARY
  5
624
330
5EB
100
AcDbDictionary
280
     1
281
     1
  3
ACAD_XREC_ROUNDTRIP
360
625
  0
DICTIONARY
  5
608
330
5DD
100
AcDbDictionary
280
     1
281
     1
  3
ACAD_XREC_ROUNDTRIP
360
609
  0
DICTIONARY
  5
60A
330
5DE
100
AcDbDictionary
280
     1
281
     1
  3
ACAD_XREC_ROUNDTRIP
360
60B
  0
DICTIONARY
  5
60C
330
5DF
100
AcDbDictionary
280
     1
281
     1
  3
ACAD_XREC_ROUNDTRIP
360
60D
  0
DICTIONARY
  5
60E
330
5E0
100
AcDbDictionary
280
     1
281
     1
  3
ACAD_XREC_ROUNDTRIP
360
60F
  0
DICTIONARY
  5
614
330
5E3
100
AcDbDictionary
280
     1
281
     1
  3
ACAD_XREC_ROUNDTRIP
360
615
  0
DICTIONARY
  5
628
330
5ED
100
AcDbDictionary
280
     1
281
     1
  3
ACAD_XREC_ROUNDTRIP
360
629
  0
DICTIONARY
  5
622
330
5EA
100
AcDbDictionary
280
     1
281
     1
  3
ACAD_XREC_ROUNDTRIP
360
623
  0
DICTIONARY
  5
62A
330
5EE
100
AcDbDictionary
280
     1
281
     1
  3
ACAD_XREC_ROUNDTRIP
360
62B
  0
DICTIONARY
  5
618
330
5E5
100
AcDbDictionary
280
     1
281
     1
  3
ACAD_XREC_ROUNDTRIP
360
619
  0
DICTIONARY
  5
636
330
5F4
100
AcDbDictionary
280
     1
281
     1
  3
ACAD_XREC_ROUNDTRIP
360
637
  0
DICTIONARY
  5
634
330
5F3
100
AcDbDictionary
280
     1
281
     1
  3
ACAD_XREC_ROUNDTRIP
360
635
  0
DICTIONARY
  5
62E
330
5F0
100
AcDbDictionary
280
     1
281
     1
  3
ACAD_XREC_ROUNDTRIP
360
62F
  0
DICTIONARY
  5
630
330
5F1
100
AcDbDictionary
280
     1
281
     1
  3
ACAD_XREC_ROUNDTRIP
360
631
  0
DICTIONARY
  5
620
330
5E9
100
AcDbDictionary
280
     1
281
     1
  3
ACAD_XREC_ROUNDTRIP
360
621
  0
DICTIONARY
  5
612
330
5E2
100
AcDbDictionary
280
     1
281
     1
  3
ACAD_XREC_ROUNDTRIP
360
613
  0
DICTIONARY
  5
632
330
5F2
100
AcDbDictionary
280
     1
281
     1
  3
ACAD_XREC_ROUNDTRIP
360
633
  0
XRECORD
  5
63B
102
{ACAD_REACTORS
330
63A
102
}
330
63A
100
AcDbXrecord
280
     1
102
MATERIAL
148
0.0
149
0.0
149
0.0
 93
        0
 94
      127
282
     0
 72
     1
 77
     1
171
     1
175
     1
179
     1
273
     0
  0
XRECORD
  5
639
102
{ACAD_REACTORS
330
638
102
}
330
638
100
AcDbXrecord
280
     1
102
MATERIAL
148
0.0
149
0.0
149
0.0
 93
        0
 94
      127
282
     0
 72
     1
 77
     1
171
     1
175
     1
179
     1
273
     0
  0
XRECORD
  5
63D
102
{ACAD_REACTORS
330
63C
102
}
330
63C
100
AcDbXrecord
280
     1
102
MATERIAL
148
0.0
149
0.0
149
0.0
 93
        0
 94
      127
282
     0
 72
     1
 77
     1
171
     1
175
     1
179
     1
273
     0
  0
XRECORD
  5
640
102
{ACAD_REACTORS
330
63F
102
}
330
63F
100
AcDbXrecord
280
     1
102
ACAD_ROUNDTRIP_2010_MLEADER_STYLE
  0
XRECORD
  5
611
102
{ACAD_REACTORS
330
610
102
}
330
610
100
AcDbXrecord
280
     1
102
RTVSPropertyOp0
 70
     1
102
RTVSPropertyOp1
 70
     1
102
RTVSPropertyOp2
 70
     1
102
RTVSPropertyOp3
 70
     1
102
RTVSPropertyOp4
 70
     1
102
RTVSPropertyOp5
 70
     1
102
RTVSPropertyOp6
 70
     1
102
RTVSPropertyOp7
 70
     1
102
RTVSPropertyOp8
 70
     1
102
RTVSPropertyOp9
 70
     1
102
RTVSPropertyOp10
 70
     1
102
RTVSPropertyOp11
 70
     1
102
RTVSPropertyOp12
 70
     1
102
RTVSPropertyOp13
 70
     1
102
RTVSPropertyOp14
 70
     1
102
RTVSPropertyOp15
 70
     1
102
RTVSPropertyOp16
 70
     1
102
RTVSPropertyOp17
 70
     1
102
RTVSPropertyOp18
 70
     1
102
RTVSPropertyOp19
 70
     1
102
RTVSPropertyOp20
 70
     1
102
RTVSPropertyOp21
 70
     1
102
RTVSPropertyOp22
 70
     1
102
RTVSPropertyOp23
 70
     1
102
RTVSPropertyOp24
 70
     1
102
RTVSPropertyOp25
 70
     1
102
RTVSPropertyOp26
 70
     1
102
RTVSPropertyOp27
 70
     1
102
RTVSPropertyOp28
 70
     1
102
RTVSPropertyOp29
 70
     1
102
RTVSPropertyOp30
 70
     1
102
RTVSPropertyOp31
 70
     1
102
RTVSPropertyOp32
 70
     1
102
RTVSPropertyOp33
 70
     1
102
RTVSPropertyOp34
 70
     1
102
RTVSPropertyOp35
 70
     1
102
RTVSPropertyOp36
 70
     1
102
RTVSPropertyOp37
 70
     1
102
RTVSPropertyOp38
 70
     1
102
RTVSPropertyOp39
 70
     1
102
RTVSPropertyOp40
 70
     1
102
RTVSPropertyOp41
 70
     1
102
RTVSPropertyOp42
 70
     1
102
RTVSPropertyOp43
 70
     1
102
RTVSPropertyOp44
 70
     1
102
RTVSPropertyOp45
 70
     1
102
RTVSPropertyOp46
 70
     1
102
RTVSPropertyOp47
 70
     1
102
RTVSPropertyOp48
 70
     1
102
RTVSPropertyOp49
 70
     1
102
RTVSPropertyOp50
 70
     1
102
RTVSPropertyOp51
 70
     0
102
RTVSPropertyOp52
 70
     0
102
RTVSPropertyOp53
 70
     1
102
RTVSPropertyOp54
 70
     1
102
RTVSPropertyOp55
 70
     1
102
RTVSPropertyOp56
 70
     1
102
RTVSPropertyOp57
 70
     1
102
RTVSPost2010Prop28
280
     1
102
RTVSPost2010PropOp28
 70
     1
102
RTVSPost2010Prop29
280
     1
102
RTVSPost2010PropOp29
 70
     1
102
RTVSPost2010Prop30
280
     0
102
RTVSPost2010PropOp30
 70
     1
102
RTVSPost2010Prop31
280
     0
102
RTVSPost2010PropOp31
 70
     1
102
RTVSPost2010Prop32
280
     0
102
RTVSPost2010PropOp32
 70
     1
102
RTVSPost2010Prop33
280
     0
102
RTVSPost2010PropOp33
 70
     1
102
RTVSPost2010Prop34
280
     0
102
RTVSPost2010PropOp34
 70
     1
102
RTVSPost2010Prop35
280
     0
102
RTVSPost2010PropOp35
 70
     1
102
RTVSPost2010Prop36
280
     0
102
RTVSPost2010PropOp36
 70
     1
102
RTVSPost2010Prop37
 90
       50
102
RTVSPost2010PropOp37
 70
     1
102
RTVSPost2010Prop38
140
0.0
102
RTVSPost2010PropOp38
 70
     1
102
RTVSPost2010Prop39
140
1.0
102
RTVSPost2010PropOp39
 70
     1
102
RTVSPost2010Prop40
 90
        0
102
RTVSPost2010PropOp40
 70
     1
102
RTVSPost2010Prop41ColorIndex
 90
       18
102
RTVSPost2010Prop41ColorRGB
 90
        0
102
RTVSPost2010PropOp41
 70
     1
102
RTVSPost2010Prop42
 90
       50
102
RTVSPost2010PropOp42
 70
     1
102
RTVSPost2010Prop43
 90
        3
102
RTVSPost2010PropOp43
 70
     1
102
RTVSPost2010Prop44ColorIndex
 90
        5
102
RTVSPost2010Prop44ColorRGB
 90
      255
102
RTVSPost2010PropOp44
 70
     1
102
RTVSPost2010Prop45
280
     0
102
RTVSPost2010PropOp45
 70
     1
102
RTVSPost2010Prop46
 90
       50
102
RTVSPost2010PropOp46
 70
     1
102
RTVSPost2010Prop47
 90
       50
102
RTVSPost2010PropOp47
 70
     1
102
RTVSPost2010Prop48
 90
       50
102
RTVSPost2010PropOp48
 70
     1
102
RTVSPost2010Prop49
280
     0
102
RTVSPost2010PropOp49
 70
     1
102
RTVSPost2010Prop50
 90
       50
102
RTVSPost2010PropOp50
 70
     1
102
RTVSPost2010Prop51ColorIndex
 90
      256
102
RTVSPost2010Prop51ColorRGB
 90
-16777216
102
RTVSPost2010PropOp51
 70
     0
102
RTVSPost2010Prop52
140
1.0
102
RTVSPost2010PropOp52
 70
     0
102
RTVSPost2010Prop53
 90
        2
102
RTVSPost2010PropOp53
 70
     1
102
RTVSPost2010Prop54
  1
strokes_ogs.tif
102
RTVSPost2010PropOp54
 70
     1
102
RTVSPost2010Prop55
280
     0
102
RTVSPost2010PropOp55
 70
     1
102
RTVSPost2010Prop56
140
1.0
102
RTVSPost2010PropOp56
 70
     1
102
RTVSPost2010Prop57
140
1.0
102
RTVSPost2010PropOp57
 70
     1
  0
XRECORD
  5
617
102
{ACAD_REACTORS
330
616
102
}
330
616
100
AcDbXrecord
280
     1
102
RTVSPropertyOp0
 70
     1
102
RTVSPropertyOp1
 70
     1
102
RTVSPropertyOp2
 70
     1
102
RTVSPropertyOp3
 70
     1
102
RTVSPropertyOp4
 70
     1
102
RTVSPropertyOp5
 70
     1
102
RTVSPropertyOp6
 70
     1
102
RTVSPropertyOp7
 70
     1
102
RTVSPropertyOp8
 70
     1
102
RTVSPropertyOp9
 70
     1
102
RTVSPropertyOp10
 70
     1
102
RTVSPropertyOp11
 70
     1
102
RTVSPropertyOp12
 70
     1
102
RTVSPropertyOp13
 70
     1
102
RTVSPropertyOp14
 70
     1
102
RTVSPropertyOp15
 70
     1
102
RTVSPropertyOp16
 70
     1
102
RTVSPropertyOp17
 70
     1
102
RTVSPropertyOp18
 70
     1
102
RTVSPropertyOp19
 70
     1
102
RTVSPropertyOp20
 70
     1
102
RTVSPropertyOp21
 70
     1
102
RTVSPropertyOp22
 70
     1
102
RTVSPropertyOp23
 70
     1
102
RTVSPropertyOp24
 70
     1
102
RTVSPropertyOp25
 70
     1
102
RTVSPropertyOp26
 70
     1
102
RTVSPropertyOp27
 70
     1
102
RTVSPropertyOp28
 70
     1
102
RTVSPropertyOp29
 70
     1
102
RTVSPropertyOp30
 70
     1
102
RTVSPropertyOp31
 70
     1
102
RTVSPropertyOp32
 70
     1
102
RTVSPropertyOp33
 70
     1
102
RTVSPropertyOp34
 70
     1
102
RTVSPropertyOp35
 70
     1
102
RTVSPropertyOp36
 70
     1
102
RTVSPropertyOp37
 70
     1
102
RTVSPropertyOp38
 70
     1
102
RTVSPropertyOp39
 70
     1
102
RTVSPropertyOp40
 70
     1
102
RTVSPropertyOp41
 70
     1
102
RTVSPropertyOp42
 70
     1
102
RTVSPropertyOp43
 70
     1
102
RTVSPropertyOp44
 70
     1
102
RTVSPropertyOp45
 70
     1
102
RTVSPropertyOp46
 70
     1
102
RTVSPropertyOp47
 70
     1
102
RTVSPropertyOp48
 70
     1
102
RTVSPropertyOp49
 70
     1
102
RTVSPropertyOp50
 70
     1
102
RTVSPropertyOp51
 70
     0
102
RTVSPropertyOp52
 70
     0
102
RTVSPropertyOp53
 70
     1
102
RTVSPropertyOp54
 70
     1
102
RTVSPropertyOp55
 70
     1
102
RTVSPropertyOp56
 70
     1
102
RTVSPropertyOp57
 70
     1
102
RTVSPost2010Prop28
280
     0
102
RTVSPost2010PropOp28
 70
     1
102
RTVSPost2010Prop29
280
     1
102
RTVSPost2010PropOp29
 70
     1
102
RTVSPost2010Prop30
280
     1
102
RTVSPost2010PropOp30
 70
     1
102
RTVSPost2010Prop31
280
     0
102
RTVSPost2010PropOp31
 70
     1
102
RTVSPost2010Prop32
280
     0
102
RTVSPost2010PropOp32
 70
     1
102
RTVSPost2010Prop33
280
     0
102
RTVSPost2010PropOp33
 70
     1
102
RTVSPost2010Prop34
280
     0
102
RTVSPost2010PropOp34
 70
     1
102
RTVSPost2010Prop35
280
     0
102
RTVSPost2010PropOp35
 70
     1
102
RTVSPost2010Prop36
280
     0
102
RTVSPost2010PropOp36
 70
     1
102
RTVSPost2010Prop37
 90
       50
102
RTVSPost2010PropOp37
 70
     1
102
RTVSPost2010Prop38
140
0.0
102
RTVSPost2010PropOp38
 70
     1
102
RTVSPost2010Prop39
140
1.0
102
RTVSPost2010PropOp39
 70
     1
102
RTVSPost2010Prop40
 90
        0
102
RTVSPost2010PropOp40
 70
     1
102
RTVSPost2010Prop41ColorIndex
 90
       18
102
RTVSPost2010Prop41ColorRGB
 90
        0
102
RTVSPost2010PropOp41
 70
     1
102
RTVSPost2010Prop42
 90
       50
102
RTVSPost2010PropOp42
 70
     1
102
RTVSPost2010Prop43
 90
        3
102
RTVSPost2010PropOp43
 70
     1
102
RTVSPost2010Prop44ColorIndex
 90
        5
102
RTVSPost2010Prop44ColorRGB
 90
      255
102
RTVSPost2010PropOp44
 70
     1
102
RTVSPost2010Prop45
280
     0
102
RTVSPost2010PropOp45
 70
     1
102
RTVSPost2010Prop46
 90
       50
102
RTVSPost2010PropOp46
 70
     1
102
RTVSPost2010Prop47
 90
       50
102
RTVSPost2010PropOp47
 70
     1
102
RTVSPost2010Prop48
 90
       50
102
RTVSPost2010PropOp48
 70
     1
102
RTVSPost2010Prop49
280
     0
102
RTVSPost2010PropOp49
 70
     1
102
RTVSPost2010Prop50
 90
       50
102
RTVSPost2010PropOp50
 70
     1
102
RTVSPost2010Prop51ColorIndex
 90
      256
102
RTVSPost2010Prop51ColorRGB
 90
-16777216
102
RTVSPost2010PropOp51
 70
     0
102
RTVSPost2010Prop52
140
1.0
102
RTVSPost2010PropOp52
 70
     0
102
RTVSPost2010Prop53
 90
        2
102
RTVSPost2010PropOp53
 70
     1
102
RTVSPost2010Prop54
  1
strokes_ogs.tif
102
RTVSPost2010PropOp54
 70
     1
102
RTVSPost2010Prop55
280
     0
102
RTVSPost2010PropOp55
 70
     1
102
RTVSPost2010Prop56
140
1.0
102
RTVSPost2010PropOp56
 70
     1
102
RTVSPost2010Prop57
140
1.0
102
RTVSPost2010PropOp57
 70
     1
  0
XRECORD
  5
61F
102
{ACAD_REACTORS
330
61E
102
}
330
61E
100
AcDbXrecord
280
     1
102
RTVSPropertyOp0
 70
     1
102
RTVSPropertyOp1
 70
     1
102
RTVSPropertyOp2
 70
     1
102
RTVSPropertyOp3
 70
     1
102
RTVSPropertyOp4
 70
     1
102
RTVSPropertyOp5
 70
     1
102
RTVSPropertyOp6
 70
     1
102
RTVSPropertyOp7
 70
     1
102
RTVSPropertyOp8
 70
     1
102
RTVSPropertyOp9
 70
     1
102
RTVSPropertyOp10
 70
     1
102
RTVSPropertyOp11
 70
     1
102
RTVSPropertyOp12
 70
     1
102
RTVSPropertyOp13
 70
     1
102
RTVSPropertyOp14
 70
     1
102
RTVSPropertyOp15
 70
     1
102
RTVSPropertyOp16
 70
     1
102
RTVSPropertyOp17
 70
     1
102
RTVSPropertyOp18
 70
     1
102
RTVSPropertyOp19
 70
     1
102
RTVSPropertyOp20
 70
     1
102
RTVSPropertyOp21
 70
     1
102
RTVSPropertyOp22
 70
     1
102
RTVSPropertyOp23
 70
     1
102
RTVSPropertyOp24
 70
     1
102
RTVSPropertyOp25
 70
     1
102
RTVSPropertyOp26
 70
     1
102
RTVSPropertyOp27
 70
     1
102
RTVSPropertyOp28
 70
     1
102
RTVSPropertyOp29
 70
     1
102
RTVSPropertyOp30
 70
     1
102
RTVSPropertyOp31
 70
     1
102
RTVSPropertyOp32
 70
     1
102
RTVSPropertyOp33
 70
     1
102
RTVSPropertyOp34
 70
     1
102
RTVSPropertyOp35
 70
     1
102
RTVSPropertyOp36
 70
     1
102
RTVSPropertyOp37
 70
     1
102
RTVSPropertyOp38
 70
     1
102
RTVSPropertyOp39
 70
     1
102
RTVSPropertyOp40
 70
     1
102
RTVSPropertyOp41
 70
     1
102
RTVSPropertyOp42
 70
     1
102
RTVSPropertyOp43
 70
     1
102
RTVSPropertyOp44
 70
     1
102
RTVSPropertyOp45
 70
     1
102
RTVSPropertyOp46
 70
     1
102
RTVSPropertyOp47
 70
     1
102
RTVSPropertyOp48
 70
     1
102
RTVSPropertyOp49
 70
     1
102
RTVSPropertyOp50
 70
     1
102
RTVSPropertyOp51
 70
     0
102
RTVSPropertyOp52
 70
     0
102
RTVSPropertyOp53
 70
     1
102
RTVSPropertyOp54
 70
     1
102
RTVSPropertyOp55
 70
     1
102
RTVSPropertyOp56
 70
     1
102
RTVSPropertyOp57
 70
     1
102
RTVSPost2010Prop28
280
     0
102
RTVSPost2010PropOp28
 70
     1
102
RTVSPost2010Prop29
280
     1
102
RTVSPost2010PropOp29
 70
     1
102
RTVSPost2010Prop30
280
     1
102
RTVSPost2010PropOp30
 70
     1
102
RTVSPost2010Prop31
280
     0
102
RTVSPost2010PropOp31
 70
     1
102
RTVSPost2010Prop32
280
     0
102
RTVSPost2010PropOp32
 70
     1
102
RTVSPost2010Prop33
280
     0
102
RTVSPost2010PropOp33
 70
     1
102
RTVSPost2010Prop34
280
     0
102
RTVSPost2010PropOp34
 70
     1
102
RTVSPost2010Prop35
280
     0
102
RTVSPost2010PropOp35
 70
     1
102
RTVSPost2010Prop36
280
     0
102
RTVSPost2010PropOp36
 70
     1
102
RTVSPost2010Prop37
 90
       50
102
RTVSPost2010PropOp37
 70
     1
102
RTVSPost2010Prop38
140
0.0
102
RTVSPost2010PropOp38
 70
     1
102
RTVSPost2010Prop39
140
1.0
102
RTVSPost2010PropOp39
 70
     1
102
RTVSPost2010Prop40
 90
        0
102
RTVSPost2010PropOp40
 70
     1
102
RTVSPost2010Prop41ColorIndex
 90
       18
102
RTVSPost2010Prop41ColorRGB
 90
        0
102
RTVSPost2010PropOp41
 70
     1
102
RTVSPost2010Prop42
 90
       50
102
RTVSPost2010PropOp42
 70
     1
102
RTVSPost2010Prop43
 90
        3
102
RTVSPost2010PropOp43
 70
     1
102
RTVSPost2010Prop44ColorIndex
 90
        5
102
RTVSPost2010Prop44ColorRGB
 90
      255
102
RTVSPost2010PropOp44
 70
     1
102
RTVSPost2010Prop45
280
     0
102
RTVSPost2010PropOp45
 70
     1
102
RTVSPost2010Prop46
 90
       50
102
RTVSPost2010PropOp46
 70
     1
102
RTVSPost2010Prop47
 90
       50
102
RTVSPost2010PropOp47
 70
     1
102
RTVSPost2010Prop48
 90
       50
102
RTVSPost2010PropOp48
 70
     1
102
RTVSPost2010Prop49
280
     0
102
RTVSPost2010PropOp49
 70
     1
102
RTVSPost2010Prop50
 90
       50
102
RTVSPost2010PropOp50
 70
     1
102
RTVSPost2010Prop51ColorIndex
 90
      256
102
RTVSPost2010Prop51ColorRGB
 90
-16777216
102
RTVSPost2010PropOp51
 70
     0
102
RTVSPost2010Prop52
140
1.0
102
RTVSPost2010PropOp52
 70
     0
102
RTVSPost2010Prop53
 90
        2
102
RTVSPost2010PropOp53
 70
     1
102
RTVSPost2010Prop54
  1
strokes_ogs.tif
102
RTVSPost2010PropOp54
 70
     1
102
RTVSPost2010Prop55
280
     0
102
RTVSPost2010PropOp55
 70
     1
102
RTVSPost2010Prop56
140
1.0
102
RTVSPost2010PropOp56
 70
     1
102
RTVSPost2010Prop57
140
1.0
102
RTVSPost2010PropOp57
 70
     1
  0
XRECORD
  5
627
102
{ACAD_REACTORS
330
626
102
}
330
626
100
AcDbXrecord
280
     1
102
RTVSPropertyOp0
 70
     1
102
RTVSPropertyOp1
 70
     1
102
RTVSPropertyOp2
 70
     1
102
RTVSPropertyOp3
 70
     1
102
RTVSPropertyOp4
 70
     1
102
RTVSPropertyOp5
 70
     1
102
RTVSPropertyOp6
 70
     1
102
RTVSPropertyOp7
 70
     1
102
RTVSPropertyOp8
 70
     1
102
RTVSPropertyOp9
 70
     1
102
RTVSPropertyOp10
 70
     1
102
RTVSPropertyOp11
 70
     1
102
RTVSPropertyOp12
 70
     1
102
RTVSPropertyOp13
 70
     1
102
RTVSPropertyOp14
 70
     1
102
RTVSPropertyOp15
 70
     1
102
RTVSPropertyOp16
 70
     1
102
RTVSPropertyOp17
 70
     1
102
RTVSPropertyOp18
 70
     1
102
RTVSPropertyOp19
 70
     1
102
RTVSPropertyOp20
 70
     1
102
RTVSPropertyOp21
 70
     1
102
RTVSPropertyOp22
 70
     1
102
RTVSPropertyOp23
 70
     1
102
RTVSPropertyOp24
 70
     1
102
RTVSPropertyOp25
 70
     1
102
RTVSPropertyOp26
 70
     1
102
RTVSPropertyOp27
 70
     1
102
RTVSPropertyOp28
 70
     1
102
RTVSPropertyOp29
 70
     1
102
RTVSPropertyOp30
 70
     1
102
RTVSPropertyOp31
 70
     1
102
RTVSPropertyOp32
 70
     1
102
RTVSPropertyOp33
 70
     1
102
RTVSPropertyOp34
 70
     1
102
RTVSPropertyOp35
 70
     1
102
RTVSPropertyOp36
 70
     1
102
RTVSPropertyOp37
 70
     1
102
RTVSPropertyOp38
 70
     1
102
RTVSPropertyOp39
 70
     1
102
RTVSPropertyOp40
 70
     1
102
RTVSPropertyOp41
 70
     1
102
RTVSPropertyOp42
 70
     1
102
RTVSPropertyOp43
 70
     1
102
RTVSPropertyOp44
 70
     1
102
RTVSPropertyOp45
 70
     1
102
RTVSPropertyOp46
 70
     1
102
RTVSPropertyOp47
 70
     1
102
RTVSPropertyOp48
 70
     1
102
RTVSPropertyOp49
 70
     1
102
RTVSPropertyOp50
 70
     1
102
RTVSPropertyOp51
 70
     0
102
RTVSPropertyOp52
 70
     0
102
RTVSPropertyOp53
 70
     1
102
RTVSPropertyOp54
 70
     1
102
RTVSPropertyOp55
 70
     1
102
RTVSPropertyOp56
 70
     1
102
RTVSPropertyOp57
 70
     1
102
RTVSPost2010Prop28
280
     0
102
RTVSPost2010PropOp28
 70
     1
102
RTVSPost2010Prop29
280
     1
102
RTVSPost2010PropOp29
 70
     1
102
RTVSPost2010Prop30
280
     1
102
RTVSPost2010PropOp30
 70
     1
102
RTVSPost2010Prop31
280
     0
102
RTVSPost2010PropOp31
 70
     1
102
RTVSPost2010Prop32
280
     0
102
RTVSPost2010PropOp32
 70
     1
102
RTVSPost2010Prop33
280
     0
102
RTVSPost2010PropOp33
 70
     1
102
RTVSPost2010Prop34
280
     0
102
RTVSPost2010PropOp34
 70
     1
102
RTVSPost2010Prop35
280
     0
102
RTVSPost2010PropOp35
 70
     1
102
RTVSPost2010Prop36
280
     0
102
RTVSPost2010PropOp36
 70
     1
102
RTVSPost2010Prop37
 90
       50
102
RTVSPost2010PropOp37
 70
     1
102
RTVSPost2010Prop38
140
0.0
102
RTVSPost2010PropOp38
 70
     1
102
RTVSPost2010Prop39
140
1.0
102
RTVSPost2010PropOp39
 70
     1
102
RTVSPost2010Prop40
 90
        0
102
RTVSPost2010PropOp40
 70
     1
102
RTVSPost2010Prop41ColorIndex
 90
       18
102
RTVSPost2010Prop41ColorRGB
 90
        0
102
RTVSPost2010PropOp41
 70
     1
102
RTVSPost2010Prop42
 90
       50
102
RTVSPost2010PropOp42
 70
     1
102
RTVSPost2010Prop43
 90
        3
102
RTVSPost2010PropOp43
 70
     1
102
RTVSPost2010Prop44ColorIndex
 90
        5
102
RTVSPost2010Prop44ColorRGB
 90
      255
102
RTVSPost2010PropOp44
 70
     1
102
RTVSPost2010Prop45
280
     0
102
RTVSPost2010PropOp45
 70
     1
102
RTVSPost2010Prop46
 90
       50
102
RTVSPost2010PropOp46
 70
     1
102
RTVSPost2010Prop47
 90
       50
102
RTVSPost2010PropOp47
 70
     1
102
RTVSPost2010Prop48
 90
       50
102
RTVSPost2010PropOp48
 70
     1
102
RTVSPost2010Prop49
280
     0
102
RTVSPost2010PropOp49
 70
     1
102
RTVSPost2010Prop50
 90
       50
102
RTVSPost2010PropOp50
 70
     1
102
RTVSPost2010Prop51ColorIndex
 90
      256
102
RTVSPost2010Prop51ColorRGB
 90
-16777216
102
RTVSPost2010PropOp51
 70
     0
102
RTVSPost2010Prop52
140
1.0
102
RTVSPost2010PropOp52
 70
     0
102
RTVSPost2010Prop53
 90
        2
102
RTVSPost2010PropOp53
 70
     1
102
RTVSPost2010Prop54
  1
strokes_ogs.tif
102
RTVSPost2010PropOp54
 70
     1
102
RTVSPost2010Prop55
280
     0
102
RTVSPost2010PropOp55
 70
     1
102
RTVSPost2010Prop56
140
1.0
102
RTVSPost2010PropOp56
 70
     1
102
RTVSPost2010Prop57
140
1.0
102
RTVSPost2010PropOp57
 70
     1
  0
XRECORD
  5
61B
102
{ACAD_REACTORS
330
61A
102
}
330
61A
100
AcDbXrecord
280
     1
102
RTVSPropertyOp0
 70
     1
102
RTVSPropertyOp1
 70
     1
102
RTVSPropertyOp2
 70
     1
102
RTVSPropertyOp3
 70
     1
102
RTVSPropertyOp4
 70
     1
102
RTVSPropertyOp5
 70
     1
102
RTVSPropertyOp6
 70
     1
102
RTVSPropertyOp7
 70
     1
102
RTVSPropertyOp8
 70
     1
102
RTVSPropertyOp9
 70
     1
102
RTVSPropertyOp10
 70
     1
102
RTVSPropertyOp11
 70
     1
102
RTVSPropertyOp12
 70
     1
102
RTVSPropertyOp13
 70
     1
102
RTVSPropertyOp14
 70
     1
102
RTVSPropertyOp15
 70
     1
102
RTVSPropertyOp16
 70
     1
102
RTVSPropertyOp17
 70
     1
102
RTVSPropertyOp18
 70
     1
102
RTVSPropertyOp19
 70
     1
102
RTVSPropertyOp20
 70
     1
102
RTVSPropertyOp21
 70
     1
102
RTVSPropertyOp22
 70
     1
102
RTVSPropertyOp23
 70
     1
102
RTVSPropertyOp24
 70
     1
102
RTVSPropertyOp25
 70
     1
102
RTVSPropertyOp26
 70
     1
102
RTVSPropertyOp27
 70
     1
102
RTVSPropertyOp28
 70
     1
102
RTVSPropertyOp29
 70
     1
102
RTVSPropertyOp30
 70
     1
102
RTVSPropertyOp31
 70
     1
102
RTVSPropertyOp32
 70
     1
102
RTVSPropertyOp33
 70
     1
102
RTVSPropertyOp34
 70
     1
102
RTVSPropertyOp35
 70
     1
102
RTVSPropertyOp36
 70
     1
102
RTVSPropertyOp37
 70
     1
102
RTVSPropertyOp38
 70
     1
102
RTVSPropertyOp39
 70
     1
102
RTVSPropertyOp40
 70
     1
102
RTVSPropertyOp41
 70
     1
102
RTVSPropertyOp42
 70
     1
102
RTVSPropertyOp43
 70
     1
102
RTVSPropertyOp44
 70
     1
102
RTVSPropertyOp45
 70
     1
102
RTVSPropertyOp46
 70
     1
102
RTVSPropertyOp47
 70
     1
102
RTVSPropertyOp48
 70
     1
102
RTVSPropertyOp49
 70
     1
102
RTVSPropertyOp50
 70
     1
102
RTVSPropertyOp51
 70
     0
102
RTVSPropertyOp52
 70
     0
102
RTVSPropertyOp53
 70
     1
102
RTVSPropertyOp54
 70
     1
102
RTVSPropertyOp55
 70
     1
102
RTVSPropertyOp56
 70
     1
102
RTVSPropertyOp57
 70
     1
102
RTVSPost2010Prop28
280
     0
102
RTVSPost2010PropOp28
 70
     1
102
RTVSPost2010Prop29
280
     1
102
RTVSPost2010PropOp29
 70
     1
102
RTVSPost2010Prop30
280
     1
102
RTVSPost2010PropOp30
 70
     1
102
RTVSPost2010Prop31
280
     0
102
RTVSPost2010PropOp31
 70
     1
102
RTVSPost2010Prop32
280
     0
102
RTVSPost2010PropOp32
 70
     1
102
RTVSPost2010Prop33
280
     0
102
RTVSPost2010PropOp33
 70
     1
102
RTVSPost2010Prop34
280
     0
102
RTVSPost2010PropOp34
 70
     1
102
RTVSPost2010Prop35
280
     0
102
RTVSPost2010PropOp35
 70
     1
102
RTVSPost2010Prop36
280
     0
102
RTVSPost2010PropOp36
 70
     1
102
RTVSPost2010Prop37
 90
       50
102
RTVSPost2010PropOp37
 70
     1
102
RTVSPost2010Prop38
140
0.0
102
RTVSPost2010PropOp38
 70
     1
102
RTVSPost2010Prop39
140
1.0
102
RTVSPost2010PropOp39
 70
     1
102
RTVSPost2010Prop40
 90
        0
102
RTVSPost2010PropOp40
 70
     1
102
RTVSPost2010Prop41ColorIndex
 90
       18
102
RTVSPost2010Prop41ColorRGB
 90
        0
102
RTVSPost2010PropOp41
 70
     1
102
RTVSPost2010Prop42
 90
       50
102
RTVSPost2010PropOp42
 70
     1
102
RTVSPost2010Prop43
 90
        3
102
RTVSPost2010PropOp43
 70
     1
102
RTVSPost2010Prop44ColorIndex
 90
        5
102
RTVSPost2010Prop44ColorRGB
 90
      255
102
RTVSPost2010PropOp44
 70
     1
102
RTVSPost2010Prop45
280
     0
102
RTVSPost2010PropOp45
 70
     1
102
RTVSPost2010Prop46
 90
       50
102
RTVSPost2010PropOp46
 70
     1
102
RTVSPost2010Prop47
 90
       50
102
RTVSPost2010PropOp47
 70
     1
102
RTVSPost2010Prop48
 90
       50
102
RTVSPost2010PropOp48
 70
     1
102
RTVSPost2010Prop49
280
     0
102
RTVSPost2010PropOp49
 70
     1
102
RTVSPost2010Prop50
 90
       50
102
RTVSPost2010PropOp50
 70
     1
102
RTVSPost2010Prop51ColorIndex
 90
      256
102
RTVSPost2010Prop51ColorRGB
 90
-16777216
102
RTVSPost2010PropOp51
 70
     0
102
RTVSPost2010Prop52
140
1.0
102
RTVSPost2010PropOp52
 70
     0
102
RTVSPost2010Prop53
 90
        2
102
RTVSPost2010PropOp53
 70
     1
102
RTVSPost2010Prop54
  1
strokes_ogs.tif
102
RTVSPost2010PropOp54
 70
     1
102
RTVSPost2010Prop55
280
     0
102
RTVSPost2010PropOp55
 70
     1
102
RTVSPost2010Prop56
140
1.0
102
RTVSPost2010PropOp56
 70
     1
102
RTVSPost2010Prop57
140
1.0
102
RTVSPost2010PropOp57
 70
     1
  0
XRECORD
  5
61D
102
{ACAD_REACTORS
330
61C
102
}
330
61C
100
AcDbXrecord
280
     1
102
RTVSPropertyOp0
 70
     1
102
RTVSPropertyOp1
 70
     1
102
RTVSPropertyOp2
 70
     1
102
RTVSPropertyOp3
 70
     1
102
RTVSPropertyOp4
 70
     1
102
RTVSPropertyOp5
 70
     1
102
RTVSPropertyOp6
 70
     1
102
RTVSPropertyOp7
 70
     1
102
RTVSPropertyOp8
 70
     1
102
RTVSPropertyOp9
 70
     1
102
RTVSPropertyOp10
 70
     1
102
RTVSPropertyOp11
 70
     1
102
RTVSPropertyOp12
 70
     1
102
RTVSPropertyOp13
 70
     1
102
RTVSPropertyOp14
 70
     1
102
RTVSPropertyOp15
 70
     1
102
RTVSPropertyOp16
 70
     1
102
RTVSPropertyOp17
 70
     1
102
RTVSPropertyOp18
 70
     1
102
RTVSPropertyOp19
 70
     1
102
RTVSPropertyOp20
 70
     1
102
RTVSPropertyOp21
 70
     1
102
RTVSPropertyOp22
 70
     1
102
RTVSPropertyOp23
 70
     1
102
RTVSPropertyOp24
 70
     1
102
RTVSPropertyOp25
 70
     1
102
RTVSPropertyOp26
 70
     1
102
RTVSPropertyOp27
 70
     1
102
RTVSPropertyOp28
 70
     1
102
RTVSPropertyOp29
 70
     1
102
RTVSPropertyOp30
 70
     1
102
RTVSPropertyOp31
 70
     1
102
RTVSPropertyOp32
 70
     1
102
RTVSPropertyOp33
 70
     1
102
RTVSPropertyOp34
 70
     1
102
RTVSPropertyOp35
 70
     1
102
RTVSPropertyOp36
 70
     1
102
RTVSPropertyOp37
 70
     1
102
RTVSPropertyOp38
 70
     1
102
RTVSPropertyOp39
 70
     1
102
RTVSPropertyOp40
 70
     1
102
RTVSPropertyOp41
 70
     1
102
RTVSPropertyOp42
 70
     1
102
RTVSPropertyOp43
 70
     1
102
RTVSPropertyOp44
 70
     1
102
RTVSPropertyOp45
 70
     1
102
RTVSPropertyOp46
 70
     1
102
RTVSPropertyOp47
 70
     1
102
RTVSPropertyOp48
 70
     1
102
RTVSPropertyOp49
 70
     1
102
RTVSPropertyOp50
 70
     1
102
RTVSPropertyOp51
 70
     0
102
RTVSPropertyOp52
 70
     0
102
RTVSPropertyOp53
 70
     1
102
RTVSPropertyOp54
 70
     1
102
RTVSPropertyOp55
 70
     1
102
RTVSPropertyOp56
 70
     1
102
RTVSPropertyOp57
 70
     1
102
RTVSPost2010Prop28
280
     0
102
RTVSPost2010PropOp28
 70
     1
102
RTVSPost2010Prop29
280
     1
102
RTVSPost2010PropOp29
 70
     1
102
RTVSPost2010Prop30
280
     1
102
RTVSPost2010PropOp30
 70
     1
102
RTVSPost2010Prop31
280
     0
102
RTVSPost2010PropOp31
 70
     1
102
RTVSPost2010Prop32
280
     0
102
RTVSPost2010PropOp32
 70
     1
102
RTVSPost2010Prop33
280
     0
102
RTVSPost2010PropOp33
 70
     1
102
RTVSPost2010Prop34
280
     0
102
RTVSPost2010PropOp34
 70
     1
102
RTVSPost2010Prop35
280
     0
102
RTVSPost2010PropOp35
 70
     1
102
RTVSPost2010Prop36
280
     0
102
RTVSPost2010PropOp36
 70
     1
102
RTVSPost2010Prop37
 90
       50
102
RTVSPost2010PropOp37
 70
     1
102
RTVSPost2010Prop38
140
0.0
102
RTVSPost2010PropOp38
 70
     1
102
RTVSPost2010Prop39
140
1.0
102
RTVSPost2010PropOp39
 70
     1
102
RTVSPost2010Prop40
 90
        0
102
RTVSPost2010PropOp40
 70
     1
102
RTVSPost2010Prop41ColorIndex
 90
       18
102
RTVSPost2010Prop41ColorRGB
 90
        0
102
RTVSPost2010PropOp41
 70
     1
102
RTVSPost2010Prop42
 90
       50
102
RTVSPost2010PropOp42
 70
     1
102
RTVSPost2010Prop43
 90
        3
102
RTVSPost2010PropOp43
 70
     1
102
RTVSPost2010Prop44ColorIndex
 90
        5
102
RTVSPost2010Prop44ColorRGB
 90
      255
102
RTVSPost2010PropOp44
 70
     1
102
RTVSPost2010Prop45
280
     0
102
RTVSPost2010PropOp45
 70
     1
102
RTVSPost2010Prop46
 90
       50
102
RTVSPost2010PropOp46
 70
     1
102
RTVSPost2010Prop47
 90
       50
102
RTVSPost2010PropOp47
 70
     1
102
RTVSPost2010Prop48
 90
       50
102
RTVSPost2010PropOp48
 70
     1
102
RTVSPost2010Prop49
280
     0
102
RTVSPost2010PropOp49
 70
     1
102
RTVSPost2010Prop50
 90
       50
102
RTVSPost2010PropOp50
 70
     1
102
RTVSPost2010Prop51ColorIndex
 90
      256
102
RTVSPost2010Prop51ColorRGB
 90
-16777216
102
RTVSPost2010PropOp51
 70
     0
102
RTVSPost2010Prop52
140
1.0
102
RTVSPost2010PropOp52
 70
     0
102
RTVSPost2010Prop53
 90
        2
102
RTVSPost2010PropOp53
 70
     1
102
RTVSPost2010Prop54
  1
strokes_ogs.tif
102
RTVSPost2010PropOp54
 70
     1
102
RTVSPost2010Prop55
280
     0
102
RTVSPost2010PropOp55
 70
     1
102
RTVSPost2010Prop56
140
1.0
102
RTVSPost2010PropOp56
 70
     1
102
RTVSPost2010Prop57
140
1.0
102
RTVSPost2010PropOp57
 70
     1
  0
XRECORD
  5
62D
102
{ACAD_REACTORS
330
62C
102
}
330
62C
100
AcDbXrecord
280
     1
102
RTVSPropertyOp0
 70
     0
102
RTVSPropertyOp1
 70
     0
102
RTVSPropertyOp2
 70
     0
102
RTVSPropertyOp3
 70
     0
102
RTVSPropertyOp4
 70
     0
102
RTVSPropertyOp5
 70
     0
102
RTVSPropertyOp6
 70
     0
102
RTVSPropertyOp7
 70
     0
102
RTVSPropertyOp8
 70
     0
102
RTVSPropertyOp9
 70
     0
102
RTVSPropertyOp10
 70
     0
102
RTVSPropertyOp11
 70
     0
102
RTVSPropertyOp12
 70
     0
102
RTVSPropertyOp13
 70
     0
102
RTVSPropertyOp14
 70
     2
102
RTVSPropertyOp15
 70
     0
102
RTVSPropertyOp16
 70
     0
102
RTVSPropertyOp17
 70
     0
102
RTVSPropertyOp18
 70
     0
102
RTVSPropertyOp19
 70
     0
102
RTVSPropertyOp20
 70
     0
102
RTVSPropertyOp21
 70
     0
102
RTVSPropertyOp22
 70
     0
102
RTVSPropertyOp23
 70
     0
102
RTVSPropertyOp24
 70
     0
102
RTVSPropertyOp25
 70
     0
102
RTVSPropertyOp26
 70
     0
102
RTVSPropertyOp27
 70
     0
102
RTVSPropertyOp28
 70
     0
102
RTVSPropertyOp29
 70
     0
102
RTVSPropertyOp30
 70
     0
102
RTVSPropertyOp31
 70
     0
102
RTVSPropertyOp32
 70
     0
102
RTVSPropertyOp33
 70
     0
102
RTVSPropertyOp34
 70
     0
102
RTVSPropertyOp35
 70
     0
102
RTVSPropertyOp36
 70
     0
102
RTVSPropertyOp37
 70
     0
102
RTVSPropertyOp38
 70
     0
102
RTVSPropertyOp39
 70
     0
102
RTVSPropertyOp40
 70
     0
102
RTVSPropertyOp41
 70
     0
102
RTVSPropertyOp42
 70
     0
102
RTVSPropertyOp43
 70
     0
102
RTVSPropertyOp44
 70
     0
102
RTVSPropertyOp45
 70
     0
102
RTVSPropertyOp46
 70
     0
102
RTVSPropertyOp47
 70
     0
102
RTVSPropertyOp48
 70
     0
102
RTVSPropertyOp49
 70
     0
102
RTVSPropertyOp50
 70
     0
102
RTVSPropertyOp51
 70
     0
102
RTVSPropertyOp52
 70
     0
102
RTVSPropertyOp53
 70
     0
102
RTVSPropertyOp54
 70
     0
102
RTVSPropertyOp55
 70
     0
102
RTVSPropertyOp56
 70
     0
102
RTVSPropertyOp57
 70
     0
102
RTVSPost2010Prop28
280
     0
102
RTVSPost2010PropOp28
 70
     0
102
RTVSPost2010Prop29
280
     1
102
RTVSPost2010PropOp29
 70
     0
102
RTVSPost2010Prop30
280
     1
102
RTVSPost2010PropOp30
 70
     0
102
RTVSPost2010Prop31
280
     0
102
RTVSPost2010PropOp31
 70
     0
102
RTVSPost2010Prop32
280
     0
102
RTVSPost2010PropOp32
 70
     0
102
RTVSPost2010Prop33
280
     0
102
RTVSPost2010PropOp33
 70
     0
102
RTVSPost2010Prop34
280
     0
102
RTVSPost2010PropOp34
 70
     0
102
RTVSPost2010Prop35
280
     0
102
RTVSPost2010PropOp35
 70
     0
102
RTVSPost2010Prop36
280
     0
102
RTVSPost2010PropOp36
 70
     0
102
RTVSPost2010Prop37
 90
       50
102
RTVSPost2010PropOp37
 70
     0
102
RTVSPost2010Prop38
140
0.0
102
RTVSPost2010PropOp38
 70
     0
102
RTVSPost2010Prop39
140
1.0
102
RTVSPost2010PropOp39
 70
     0
102
RTVSPost2010Prop40
 90
        0
102
RTVSPost2010PropOp40
 70
     0
102
RTVSPost2010Prop41ColorIndex
 90
       18
102
RTVSPost2010Prop41ColorRGB
 90
        0
102
RTVSPost2010PropOp41
 70
     0
102
RTVSPost2010Prop42
 90
       50
102
RTVSPost2010PropOp42
 70
     0
102
RTVSPost2010Prop43
 90
        3
102
RTVSPost2010PropOp43
 70
     0
102
RTVSPost2010Prop44ColorIndex
 90
        5
102
RTVSPost2010Prop44ColorRGB
 90
      255
102
RTVSPost2010PropOp44
 70
     0
102
RTVSPost2010Prop45
280
     0
102
RTVSPost2010PropOp45
 70
     0
102
RTVSPost2010Prop46
 90
       50
102
RTVSPost2010PropOp46
 70
     0
102
RTVSPost2010Prop47
 90
       50
102
RTVSPost2010PropOp47
 70
     0
102
RTVSPost2010Prop48
 90
       50
102
RTVSPost2010PropOp48
 70
     0
102
RTVSPost2010Prop49
280
     0
102
RTVSPost2010PropOp49
 70
     0
102
RTVSPost2010Prop50
 90
       50
102
RTVSPost2010PropOp50
 70
     0
102
RTVSPost2010Prop51ColorIndex
 90
      256
102
RTVSPost2010Prop51ColorRGB
 90
-16777216
102
RTVSPost2010PropOp51
 70
     0
102
RTVSPost2010Prop52
140
1.0
102
RTVSPost2010PropOp52
 70
     0
102
RTVSPost2010Prop53
 90
        2
102
RTVSPost2010PropOp53
 70
     0
102
RTVSPost2010Prop54
  1
strokes_ogs.tif
102
RTVSPost2010PropOp54
 70
     0
102
RTVSPost2010Prop55
280
     0
102
RTVSPost2010PropOp55
 70
     0
102
RTVSPost2010Prop56
140
1.0
102
RTVSPost2010PropOp56
 70
     0
102
RTVSPost2010Prop57
140
1.0
102
RTVSPost2010PropOp57
 70
     0
  0
XRECORD
  5
625
102
{ACAD_REACTORS
330
624
102
}
330
624
100
AcDbXrecord
280
     1
102
RTVSPropertyOp0
 70
     1
102
RTVSPropertyOp1
 70
     1
102
RTVSPropertyOp2
 70
     1
102
RTVSPropertyOp3
 70
     1
102
RTVSPropertyOp4
 70
     1
102
RTVSPropertyOp5
 70
     1
102
RTVSPropertyOp6
 70
     1
102
RTVSPropertyOp7
 70
     1
102
RTVSPropertyOp8
 70
     1
102
RTVSPropertyOp9
 70
     1
102
RTVSPropertyOp10
 70
     1
102
RTVSPropertyOp11
 70
     1
102
RTVSPropertyOp12
 70
     1
102
RTVSPropertyOp13
 70
     1
102
RTVSPropertyOp14
 70
     1
102
RTVSPropertyOp15
 70
     1
102
RTVSPropertyOp16
 70
     1
102
RTVSPropertyOp17
 70
     1
102
RTVSPropertyOp18
 70
     1
102
RTVSPropertyOp19
 70
     1
102
RTVSPropertyOp20
 70
     1
102
RTVSPropertyOp21
 70
     1
102
RTVSPropertyOp22
 70
     1
102
RTVSPropertyOp23
 70
     1
102
RTVSPropertyOp24
 70
     1
102
RTVSPropertyOp25
 70
     1
102
RTVSPropertyOp26
 70
     1
102
RTVSPropertyOp27
 70
     1
102
RTVSPropertyOp28
 70
     1
102
RTVSPropertyOp29
 70
     1
102
RTVSPropertyOp30
 70
     1
102
RTVSPropertyOp31
 70
     1
102
RTVSPropertyOp32
 70
     1
102
RTVSPropertyOp33
 70
     1
102
RTVSPropertyOp34
 70
     1
102
RTVSPropertyOp35
 70
     1
102
RTVSPropertyOp36
 70
     1
102
RTVSPropertyOp37
 70
     1
102
RTVSPropertyOp38
 70
     1
102
RTVSPropertyOp39
 70
     1
102
RTVSPropertyOp40
 70
     1
102
RTVSPropertyOp41
 70
     1
102
RTVSPropertyOp42
 70
     1
102
RTVSPropertyOp43
 70
     1
102
RTVSPropertyOp44
 70
     1
102
RTVSPropertyOp45
 70
     1
102
RTVSPropertyOp46
 70
     1
102
RTVSPropertyOp47
 70
     1
102
RTVSPropertyOp48
 70
     1
102
RTVSPropertyOp49
 70
     1
102
RTVSPropertyOp50
 70
     1
102
RTVSPropertyOp51
 70
     0
102
RTVSPropertyOp52
 70
     0
102
RTVSPropertyOp53
 70
     1
102
RTVSPropertyOp54
 70
     1
102
RTVSPropertyOp55
 70
     1
102
RTVSPropertyOp56
 70
     1
102
RTVSPropertyOp57
 70
     1
102
RTVSPost2010Prop28
280
     0
102
RTVSPost2010PropOp28
 70
     1
102
RTVSPost2010Prop29
280
     1
102
RTVSPost2010PropOp29
 70
     1
102
RTVSPost2010Prop30
280
     1
102
RTVSPost2010PropOp30
 70
     1
102
RTVSPost2010Prop31
280
     0
102
RTVSPost2010PropOp31
 70
     1
102
RTVSPost2010Prop32
280
     0
102
RTVSPost2010PropOp32
 70
     1
102
RTVSPost2010Prop33
280
     0
102
RTVSPost2010PropOp33
 70
     1
102
RTVSPost2010Prop34
280
     0
102
RTVSPost2010PropOp34
 70
     1
102
RTVSPost2010Prop35
280
     0
102
RTVSPost2010PropOp35
 70
     1
102
RTVSPost2010Prop36
280
     0
102
RTVSPost2010PropOp36
 70
     1
102
RTVSPost2010Prop37
 90
       50
102
RTVSPost2010PropOp37
 70
     1
102
RTVSPost2010Prop38
140
0.0
102
RTVSPost2010PropOp38
 70
     1
102
RTVSPost2010Prop39
140
1.0
102
RTVSPost2010PropOp39
 70
     1
102
RTVSPost2010Prop40
 90
        0
102
RTVSPost2010PropOp40
 70
     1
102
RTVSPost2010Prop41ColorIndex
 90
       18
102
RTVSPost2010Prop41ColorRGB
 90
        0
102
RTVSPost2010PropOp41
 70
     1
102
RTVSPost2010Prop42
 90
       50
102
RTVSPost2010PropOp42
 70
     1
102
RTVSPost2010Prop43
 90
        3
102
RTVSPost2010PropOp43
 70
     1
102
RTVSPost2010Prop44ColorIndex
 90
        5
102
RTVSPost2010Prop44ColorRGB
 90
      255
102
RTVSPost2010PropOp44
 70
     1
102
RTVSPost2010Prop45
280
     0
102
RTVSPost2010PropOp45
 70
     1
102
RTVSPost2010Prop46
 90
       50
102
RTVSPost2010PropOp46
 70
     1
102
RTVSPost2010Prop47
 90
       50
102
RTVSPost2010PropOp47
 70
     1
102
RTVSPost2010Prop48
 90
       50
102
RTVSPost2010PropOp48
 70
     1
102
RTVSPost2010Prop49
280
     0
102
RTVSPost2010PropOp49
 70
     1
102
RTVSPost2010Prop50
 90
       50
102
RTVSPost2010PropOp50
 70
     1
102
RTVSPost2010Prop51ColorIndex
 90
      256
102
RTVSPost2010Prop51ColorRGB
 90
-16777216
102
RTVSPost2010PropOp51
 70
     0
102
RTVSPost2010Prop52
140
1.0
102
RTVSPost2010PropOp52
 70
     0
102
RTVSPost2010Prop53
 90
        2
102
RTVSPost2010PropOp53
 70
     1
102
RTVSPost2010Prop54
  1
strokes_ogs.tif
102
RTVSPost2010PropOp54
 70
     1
102
RTVSPost2010Prop55
280
     0
102
RTVSPost2010PropOp55
 70
     1
102
RTVSPost2010Prop56
140
1.0
102
RTVSPost2010PropOp56
 70
     1
102
RTVSPost2010Prop57
140
1.0
102
RTVSPost2010PropOp57
 70
     1
  0
XRECORD
  5
609
102
{ACAD_REACTORS
330
608
102
}
330
608
100
AcDbXrecord
280
     1
102
RTVSPropertyOp0
 70
     1
102
RTVSPropertyOp1
 70
     1
102
RTVSPropertyOp2
 70
     1
102
RTVSPropertyOp3
 70
     1
102
RTVSPropertyOp4
 70
     1
102
RTVSPropertyOp5
 70
     1
102
RTVSPropertyOp6
 70
     1
102
RTVSPropertyOp7
 70
     1
102
RTVSPropertyOp8
 70
     1
102
RTVSPropertyOp9
 70
     1
102
RTVSPropertyOp10
 70
     1
102
RTVSPropertyOp11
 70
     1
102
RTVSPropertyOp12
 70
     1
102
RTVSPropertyOp13
 70
     1
102
RTVSPropertyOp14
 70
     1
102
RTVSPropertyOp15
 70
     1
102
RTVSPropertyOp16
 70
     1
102
RTVSPropertyOp17
 70
     1
102
RTVSPropertyOp18
 70
     1
102
RTVSPropertyOp19
 70
     1
102
RTVSPropertyOp20
 70
     1
102
RTVSPropertyOp21
 70
     1
102
RTVSPropertyOp22
 70
     1
102
RTVSPropertyOp23
 70
     1
102
RTVSPropertyOp24
 70
     1
102
RTVSPropertyOp25
 70
     1
102
RTVSPropertyOp26
 70
     1
102
RTVSPropertyOp27
 70
     1
102
RTVSPropertyOp28
 70
     1
102
RTVSPropertyOp29
 70
     1
102
RTVSPropertyOp30
 70
     1
102
RTVSPropertyOp31
 70
     1
102
RTVSPropertyOp32
 70
     1
102
RTVSPropertyOp33
 70
     1
102
RTVSPropertyOp34
 70
     1
102
RTVSPropertyOp35
 70
     1
102
RTVSPropertyOp36
 70
     1
102
RTVSPropertyOp37
 70
     1
102
RTVSPropertyOp38
 70
     1
102
RTVSPropertyOp39
 70
     1
102
RTVSPropertyOp40
 70
     1
102
RTVSPropertyOp41
 70
     1
102
RTVSPropertyOp42
 70
     1
102
RTVSPropertyOp43
 70
     1
102
RTVSPropertyOp44
 70
     1
102
RTVSPropertyOp45
 70
     1
102
RTVSPropertyOp46
 70
     1
102
RTVSPropertyOp47
 70
     1
102
RTVSPropertyOp48
 70
     1
102
RTVSPropertyOp49
 70
     1
102
RTVSPropertyOp50
 70
     1
102
RTVSPropertyOp51
 70
     0
102
RTVSPropertyOp52
 70
     0
102
RTVSPropertyOp53
 70
     1
102
RTVSPropertyOp54
 70
     1
102
RTVSPropertyOp55
 70
     1
102
RTVSPropertyOp56
 70
     1
102
RTVSPropertyOp57
 70
     1
102
RTVSPost2010Prop28
280
     0
102
RTVSPost2010PropOp28
 70
     1
102
RTVSPost2010Prop29
280
     1
102
RTVSPost2010PropOp29
 70
     1
102
RTVSPost2010Prop30
280
     1
102
RTVSPost2010PropOp30
 70
     1
102
RTVSPost2010Prop31
280
     0
102
RTVSPost2010PropOp31
 70
     1
102
RTVSPost2010Prop32
280
     0
102
RTVSPost2010PropOp32
 70
     1
102
RTVSPost2010Prop33
280
     0
102
RTVSPost2010PropOp33
 70
     1
102
RTVSPost2010Prop34
280
     0
102
RTVSPost2010PropOp34
 70
     1
102
RTVSPost2010Prop35
280
     0
102
RTVSPost2010PropOp35
 70
     1
102
RTVSPost2010Prop36
280
     0
102
RTVSPost2010PropOp36
 70
     1
102
RTVSPost2010Prop37
 90
       50
102
RTVSPost2010PropOp37
 70
     1
102
RTVSPost2010Prop38
140
0.0
102
RTVSPost2010PropOp38
 70
     1
102
RTVSPost2010Prop39
140
1.0
102
RTVSPost2010PropOp39
 70
     1
102
RTVSPost2010Prop40
 90
        0
102
RTVSPost2010PropOp40
 70
     1
102
RTVSPost2010Prop41ColorIndex
 90
       18
102
RTVSPost2010Prop41ColorRGB
 90
        0
102
RTVSPost2010PropOp41
 70
     1
102
RTVSPost2010Prop42
 90
       50
102
RTVSPost2010PropOp42
 70
     1
102
RTVSPost2010Prop43
 90
        3
102
RTVSPost2010PropOp43
 70
     1
102
RTVSPost2010Prop44ColorIndex
 90
        5
102
RTVSPost2010Prop44ColorRGB
 90
      255
102
RTVSPost2010PropOp44
 70
     1
102
RTVSPost2010Prop45
280
     0
102
RTVSPost2010PropOp45
 70
     1
102
RTVSPost2010Prop46
 90
       50
102
RTVSPost2010PropOp46
 70
     1
102
RTVSPost2010Prop47
 90
       50
102
RTVSPost2010PropOp47
 70
     1
102
RTVSPost2010Prop48
 90
       50
102
RTVSPost2010PropOp48
 70
     1
102
RTVSPost2010Prop49
280
     0
102
RTVSPost2010PropOp49
 70
     1
102
RTVSPost2010Prop50
 90
       50
102
RTVSPost2010PropOp50
 70
     1
102
RTVSPost2010Prop51ColorIndex
 90
      256
102
RTVSPost2010Prop51ColorRGB
 90
-16777216
102
RTVSPost2010PropOp51
 70
     0
102
RTVSPost2010Prop52
140
1.0
102
RTVSPost2010PropOp52
 70
     0
102
RTVSPost2010Prop53
 90
        2
102
RTVSPost2010PropOp53
 70
     1
102
RTVSPost2010Prop54
  1
strokes_ogs.tif
102
RTVSPost2010PropOp54
 70
     1
102
RTVSPost2010Prop55
280
     0
102
RTVSPost2010PropOp55
 70
     1
102
RTVSPost2010Prop56
140
1.0
102
RTVSPost2010PropOp56
 70
     1
102
RTVSPost2010Prop57
140
1.0
102
RTVSPost2010PropOp57
 70
     1
  0
XRECORD
  5
60B
102
{ACAD_REACTORS
330
60A
102
}
330
60A
100
AcDbXrecord
280
     1
102
RTVSPropertyOp0
 70
     1
102
RTVSPropertyOp1
 70
     1
102
RTVSPropertyOp2
 70
     1
102
RTVSPropertyOp3
 70
     1
102
RTVSPropertyOp4
 70
     1
102
RTVSPropertyOp5
 70
     1
102
RTVSPropertyOp6
 70
     1
102
RTVSPropertyOp7
 70
     1
102
RTVSPropertyOp8
 70
     1
102
RTVSPropertyOp9
 70
     1
102
RTVSPropertyOp10
 70
     1
102
RTVSPropertyOp11
 70
     1
102
RTVSPropertyOp12
 70
     1
102
RTVSPropertyOp13
 70
     1
102
RTVSPropertyOp14
 70
     1
102
RTVSPropertyOp15
 70
     1
102
RTVSPropertyOp16
 70
     1
102
RTVSPropertyOp17
 70
     1
102
RTVSPropertyOp18
 70
     1
102
RTVSPropertyOp19
 70
     1
102
RTVSPropertyOp20
 70
     1
102
RTVSPropertyOp21
 70
     1
102
RTVSPropertyOp22
 70
     1
102
RTVSPropertyOp23
 70
     1
102
RTVSPropertyOp24
 70
     1
102
RTVSPropertyOp25
 70
     1
102
RTVSPropertyOp26
 70
     1
102
RTVSPropertyOp27
 70
     1
102
RTVSPropertyOp28
 70
     1
102
RTVSPropertyOp29
 70
     1
102
RTVSPropertyOp30
 70
     1
102
RTVSPropertyOp31
 70
     1
102
RTVSPropertyOp32
 70
     1
102
RTVSPropertyOp33
 70
     1
102
RTVSPropertyOp34
 70
     1
102
RTVSPropertyOp35
 70
     1
102
RTVSPropertyOp36
 70
     1
102
RTVSPropertyOp37
 70
     1
102
RTVSPropertyOp38
 70
     1
102
RTVSPropertyOp39
 70
     1
102
RTVSPropertyOp40
 70
     1
102
RTVSPropertyOp41
 70
     1
102
RTVSPropertyOp42
 70
     1
102
RTVSPropertyOp43
 70
     1
102
RTVSPropertyOp44
 70
     1
102
RTVSPropertyOp45
 70
     1
102
RTVSPropertyOp46
 70
     1
102
RTVSPropertyOp47
 70
     1
102
RTVSPropertyOp48
 70
     1
102
RTVSPropertyOp49
 70
     1
102
RTVSPropertyOp50
 70
     1
102
RTVSPropertyOp51
 70
     0
102
RTVSPropertyOp52
 70
     0
102
RTVSPropertyOp53
 70
     1
102
RTVSPropertyOp54
 70
     1
102
RTVSPropertyOp55
 70
     1
102
RTVSPropertyOp56
 70
     1
102
RTVSPropertyOp57
 70
     1
102
RTVSPost2010Prop28
280
     0
102
RTVSPost2010PropOp28
 70
     1
102
RTVSPost2010Prop29
280
     1
102
RTVSPost2010PropOp29
 70
     1
102
RTVSPost2010Prop30
280
     1
102
RTVSPost2010PropOp30
 70
     1
102
RTVSPost2010Prop31
280
     0
102
RTVSPost2010PropOp31
 70
     1
102
RTVSPost2010Prop32
280
     0
102
RTVSPost2010PropOp32
 70
     1
102
RTVSPost2010Prop33
280
     0
102
RTVSPost2010PropOp33
 70
     1
102
RTVSPost2010Prop34
280
     0
102
RTVSPost2010PropOp34
 70
     1
102
RTVSPost2010Prop35
280
     0
102
RTVSPost2010PropOp35
 70
     1
102
RTVSPost2010Prop36
280
     0
102
RTVSPost2010PropOp36
 70
     1
102
RTVSPost2010Prop37
 90
       50
102
RTVSPost2010PropOp37
 70
     1
102
RTVSPost2010Prop38
140
0.0
102
RTVSPost2010PropOp38
 70
     1
102
RTVSPost2010Prop39
140
1.0
102
RTVSPost2010PropOp39
 70
     1
102
RTVSPost2010Prop40
 90
        0
102
RTVSPost2010PropOp40
 70
     1
102
RTVSPost2010Prop41ColorIndex
 90
       18
102
RTVSPost2010Prop41ColorRGB
 90
        0
102
RTVSPost2010PropOp41
 70
     1
102
RTVSPost2010Prop42
 90
       50
102
RTVSPost2010PropOp42
 70
     1
102
RTVSPost2010Prop43
 90
        3
102
RTVSPost2010PropOp43
 70
     1
102
RTVSPost2010Prop44ColorIndex
 90
        5
102
RTVSPost2010Prop44ColorRGB
 90
      255
102
RTVSPost2010PropOp44
 70
     1
102
RTVSPost2010Prop45
280
     0
102
RTVSPost2010PropOp45
 70
     1
102
RTVSPost2010Prop46
 90
       50
102
RTVSPost2010PropOp46
 70
     1
102
RTVSPost2010Prop47
 90
       50
102
RTVSPost2010PropOp47
 70
     1
102
RTVSPost2010Prop48
 90
       50
102
RTVSPost2010PropOp48
 70
     1
102
RTVSPost2010Prop49
280
     0
102
RTVSPost2010PropOp49
 70
     1
102
RTVSPost2010Prop50
 90
       50
102
RTVSPost2010PropOp50
 70
     1
102
RTVSPost2010Prop51ColorIndex
 90
      256
102
RTVSPost2010Prop51ColorRGB
 90
-16777216
102
RTVSPost2010PropOp51
 70
     0
102
RTVSPost2010Prop52
140
1.0
102
RTVSPost2010PropOp52
 70
     0
102
RTVSPost2010Prop53
 90
        2
102
RTVSPost2010PropOp53
 70
     1
102
RTVSPost2010Prop54
  1
strokes_ogs.tif
102
RTVSPost2010PropOp54
 70
     1
102
RTVSPost2010Prop55
280
     0
102
RTVSPost2010PropOp55
 70
     1
102
RTVSPost2010Prop56
140
1.0
102
RTVSPost2010PropOp56
 70
     1
102
RTVSPost2010Prop57
140
1.0
102
RTVSPost2010PropOp57
 70
     1
  0
XRECORD
  5
60D
102
{ACAD_REACTORS
330
60C
102
}
330
60C
100
AcDbXrecord
280
     1
102
RTVSPropertyOp0
 70
     1
102
RTVSPropertyOp1
 70
     1
102
RTVSPropertyOp2
 70
     1
102
RTVSPropertyOp3
 70
     1
102
RTVSPropertyOp4
 70
     1
102
RTVSPropertyOp5
 70
     1
102
RTVSPropertyOp6
 70
     1
102
RTVSPropertyOp7
 70
     1
102
RTVSPropertyOp8
 70
     1
102
RTVSPropertyOp9
 70
     1
102
RTVSPropertyOp10
 70
     1
102
RTVSPropertyOp11
 70
     1
102
RTVSPropertyOp12
 70
     1
102
RTVSPropertyOp13
 70
     1
102
RTVSPropertyOp14
 70
     1
102
RTVSPropertyOp15
 70
     1
102
RTVSPropertyOp16
 70
     1
102
RTVSPropertyOp17
 70
     1
102
RTVSPropertyOp18
 70
     1
102
RTVSPropertyOp19
 70
     1
102
RTVSPropertyOp20
 70
     1
102
RTVSPropertyOp21
 70
     1
102
RTVSPropertyOp22
 70
     1
102
RTVSPropertyOp23
 70
     1
102
RTVSPropertyOp24
 70
     1
102
RTVSPropertyOp25
 70
     1
102
RTVSPropertyOp26
 70
     1
102
RTVSPropertyOp27
 70
     1
102
RTVSPropertyOp28
 70
     1
102
RTVSPropertyOp29
 70
     1
102
RTVSPropertyOp30
 70
     1
102
RTVSPropertyOp31
 70
     1
102
RTVSPropertyOp32
 70
     1
102
RTVSPropertyOp33
 70
     1
102
RTVSPropertyOp34
 70
     1
102
RTVSPropertyOp35
 70
     1
102
RTVSPropertyOp36
 70
     1
102
RTVSPropertyOp37
 70
     1
102
RTVSPropertyOp38
 70
     1
102
RTVSPropertyOp39
 70
     1
102
RTVSPropertyOp40
 70
     1
102
RTVSPropertyOp41
 70
     1
102
RTVSPropertyOp42
 70
     1
102
RTVSPropertyOp43
 70
     1
102
RTVSPropertyOp44
 70
     1
102
RTVSPropertyOp45
 70
     1
102
RTVSPropertyOp46
 70
     1
102
RTVSPropertyOp47
 70
     1
102
RTVSPropertyOp48
 70
     1
102
RTVSPropertyOp49
 70
     1
102
RTVSPropertyOp50
 70
     1
102
RTVSPropertyOp51
 70
     0
102
RTVSPropertyOp52
 70
     0
102
RTVSPropertyOp53
 70
     1
102
RTVSPropertyOp54
 70
     1
102
RTVSPropertyOp55
 70
     1
102
RTVSPropertyOp56
 70
     1
102
RTVSPropertyOp57
 70
     1
102
RTVSPost2010Prop28
280
     0
102
RTVSPost2010PropOp28
 70
     1
102
RTVSPost2010Prop29
280
     1
102
RTVSPost2010PropOp29
 70
     1
102
RTVSPost2010Prop30
280
     1
102
RTVSPost2010PropOp30
 70
     1
102
RTVSPost2010Prop31
280
     0
102
RTVSPost2010PropOp31
 70
     1
102
RTVSPost2010Prop32
280
     0
102
RTVSPost2010PropOp32
 70
     1
102
RTVSPost2010Prop33
280
     0
102
RTVSPost2010PropOp33
 70
     1
102
RTVSPost2010Prop34
280
     0
102
RTVSPost2010PropOp34
 70
     1
102
RTVSPost2010Prop35
280
     0
102
RTVSPost2010PropOp35
 70
     1
102
RTVSPost2010Prop36
280
     0
102
RTVSPost2010PropOp36
 70
     1
102
RTVSPost2010Prop37
 90
       50
102
RTVSPost2010PropOp37
 70
     1
102
RTVSPost2010Prop38
140
0.0
102
RTVSPost2010PropOp38
 70
     1
102
RTVSPost2010Prop39
140
1.0
102
RTVSPost2010PropOp39
 70
     1
102
RTVSPost2010Prop40
 90
        0
102
RTVSPost2010PropOp40
 70
     1
102
RTVSPost2010Prop41ColorIndex
 90
       18
102
RTVSPost2010Prop41ColorRGB
 90
        0
102
RTVSPost2010PropOp41
 70
     1
102
RTVSPost2010Prop42
 90
       50
102
RTVSPost2010PropOp42
 70
     1
102
RTVSPost2010Prop43
 90
        3
102
RTVSPost2010PropOp43
 70
     1
102
RTVSPost2010Prop44ColorIndex
 90
        5
102
RTVSPost2010Prop44ColorRGB
 90
      255
102
RTVSPost2010PropOp44
 70
     1
102
RTVSPost2010Prop45
280
     0
102
RTVSPost2010PropOp45
 70
     1
102
RTVSPost2010Prop46
 90
       50
102
RTVSPost2010PropOp46
 70
     1
102
RTVSPost2010Prop47
 90
       50
102
RTVSPost2010PropOp47
 70
     1
102
RTVSPost2010Prop48
 90
       50
102
RTVSPost2010PropOp48
 70
     1
102
RTVSPost2010Prop49
280
     0
102
RTVSPost2010PropOp49
 70
     1
102
RTVSPost2010Prop50
 90
       50
102
RTVSPost2010PropOp50
 70
     1
102
RTVSPost2010Prop51ColorIndex
 90
      256
102
RTVSPost2010Prop51ColorRGB
 90
-16777216
102
RTVSPost2010PropOp51
 70
     0
102
RTVSPost2010Prop52
140
1.0
102
RTVSPost2010PropOp52
 70
     0
102
RTVSPost2010Prop53
 90
        2
102
RTVSPost2010PropOp53
 70
     1
102
RTVSPost2010Prop54
  1
strokes_ogs.tif
102
RTVSPost2010PropOp54
 70
     1
102
RTVSPost2010Prop55
280
     0
102
RTVSPost2010PropOp55
 70
     1
102
RTVSPost2010Prop56
140
1.0
102
RTVSPost2010PropOp56
 70
     1
102
RTVSPost2010Prop57
140
1.0
102
RTVSPost2010PropOp57
 70
     1
  0
XRECORD
  5
60F
102
{ACAD_REACTORS
330
60E
102
}
330
60E
100
AcDbXrecord
280
     1
102
RTVSPropertyOp0
 70
     1
102
RTVSPropertyOp1
 70
     1
102
RTVSPropertyOp2
 70
     1
102
RTVSPropertyOp3
 70
     1
102
RTVSPropertyOp4
 70
     1
102
RTVSPropertyOp5
 70
     1
102
RTVSPropertyOp6
 70
     1
102
RTVSPropertyOp7
 70
     1
102
RTVSPropertyOp8
 70
     1
102
RTVSPropertyOp9
 70
     1
102
RTVSPropertyOp10
 70
     1
102
RTVSPropertyOp11
 70
     1
102
RTVSPropertyOp12
 70
     1
102
RTVSPropertyOp13
 70
     1
102
RTVSPropertyOp14
 70
     1
102
RTVSPropertyOp15
 70
     1
102
RTVSPropertyOp16
 70
     1
102
RTVSPropertyOp17
 70
     1
102
RTVSPropertyOp18
 70
     1
102
RTVSPropertyOp19
 70
     1
102
RTVSPropertyOp20
 70
     1
102
RTVSPropertyOp21
 70
     1
102
RTVSPropertyOp22
 70
     1
102
RTVSPropertyOp23
 70
     1
102
RTVSPropertyOp24
 70
     1
102
RTVSPropertyOp25
 70
     1
102
RTVSPropertyOp26
 70
     1
102
RTVSPropertyOp27
 70
     1
102
RTVSPropertyOp28
 70
     1
102
RTVSPropertyOp29
 70
     1
102
RTVSPropertyOp30
 70
     1
102
RTVSPropertyOp31
 70
     1
102
RTVSPropertyOp32
 70
     1
102
RTVSPropertyOp33
 70
     1
102
RTVSPropertyOp34
 70
     1
102
RTVSPropertyOp35
 70
     1
102
RTVSPropertyOp36
 70
     1
102
RTVSPropertyOp37
 70
     1
102
RTVSPropertyOp38
 70
     1
102
RTVSPropertyOp39
 70
     1
102
RTVSPropertyOp40
 70
     1
102
RTVSPropertyOp41
 70
     1
102
RTVSPropertyOp42
 70
     1
102
RTVSPropertyOp43
 70
     1
102
RTVSPropertyOp44
 70
     1
102
RTVSPropertyOp45
 70
     1
102
RTVSPropertyOp46
 70
     1
102
RTVSPropertyOp47
 70
     1
102
RTVSPropertyOp48
 70
     1
102
RTVSPropertyOp49
 70
     1
102
RTVSPropertyOp50
 70
     1
102
RTVSPropertyOp51
 70
     0
102
RTVSPropertyOp52
 70
     0
102
RTVSPropertyOp53
 70
     1
102
RTVSPropertyOp54
 70
     1
102
RTVSPropertyOp55
 70
     1
102
RTVSPropertyOp56
 70
     1
102
RTVSPropertyOp57
 70
     1
102
RTVSPost2010Prop28
280
     0
102
RTVSPost2010PropOp28
 70
     1
102
RTVSPost2010Prop29
280
     1
102
RTVSPost2010PropOp29
 70
     1
102
RTVSPost2010Prop30
280
     1
102
RTVSPost2010PropOp30
 70
     1
102
RTVSPost2010Prop31
280
     0
102
RTVSPost2010PropOp31
 70
     1
102
RTVSPost2010Prop32
280
     0
102
RTVSPost2010PropOp32
 70
     1
102
RTVSPost2010Prop33
280
     0
102
RTVSPost2010PropOp33
 70
     1
102
RTVSPost2010Prop34
280
     0
102
RTVSPost2010PropOp34
 70
     1
102
RTVSPost2010Prop35
280
     0
102
RTVSPost2010PropOp35
 70
     1
102
RTVSPost2010Prop36
280
     0
102
RTVSPost2010PropOp36
 70
     1
102
RTVSPost2010Prop37
 90
       50
102
RTVSPost2010PropOp37
 70
     1
102
RTVSPost2010Prop38
140
0.0
102
RTVSPost2010PropOp38
 70
     1
102
RTVSPost2010Prop39
140
1.0
102
RTVSPost2010PropOp39
 70
     1
102
RTVSPost2010Prop40
 90
        0
102
RTVSPost2010PropOp40
 70
     1
102
RTVSPost2010Prop41ColorIndex
 90
       18
102
RTVSPost2010Prop41ColorRGB
 90
        0
102
RTVSPost2010PropOp41
 70
     1
102
RTVSPost2010Prop42
 90
       50
102
RTVSPost2010PropOp42
 70
     1
102
RTVSPost2010Prop43
 90
        3
102
RTVSPost2010PropOp43
 70
     1
102
RTVSPost2010Prop44ColorIndex
 90
        5
102
RTVSPost2010Prop44ColorRGB
 90
      255
102
RTVSPost2010PropOp44
 70
     1
102
RTVSPost2010Prop45
280
     0
102
RTVSPost2010PropOp45
 70
     1
102
RTVSPost2010Prop46
 90
       50
102
RTVSPost2010PropOp46
 70
     1
102
RTVSPost2010Prop47
 90
       50
102
RTVSPost2010PropOp47
 70
     1
102
RTVSPost2010Prop48
 90
       50
102
RTVSPost2010PropOp48
 70
     1
102
RTVSPost2010Prop49
280
     0
102
RTVSPost2010PropOp49
 70
     1
102
RTVSPost2010Prop50
 90
       50
102
RTVSPost2010PropOp50
 70
     1
102
RTVSPost2010Prop51ColorIndex
 90
      256
102
RTVSPost2010Prop51ColorRGB
 90
-16777216
102
RTVSPost2010PropOp51
 70
     0
102
RTVSPost2010Prop52
140
1.0
102
RTVSPost2010PropOp52
 70
     0
102
RTVSPost2010Prop53
 90
        2
102
RTVSPost2010PropOp53
 70
     1
102
RTVSPost2010Prop54
  1
strokes_ogs.tif
102
RTVSPost2010PropOp54
 70
     1
102
RTVSPost2010Prop55
280
     0
102
RTVSPost2010PropOp55
 70
     1
102
RTVSPost2010Prop56
140
1.0
102
RTVSPost2010PropOp56
 70
     1
102
RTVSPost2010Prop57
140
1.0
102
RTVSPost2010PropOp57
 70
     1
  0
XRECORD
  5
615
102
{ACAD_REACTORS
330
614
102
}
330
614
100
AcDbXrecord
280
     1
102
RTVSPropertyOp0
 70
     1
102
RTVSPropertyOp1
 70
     1
102
RTVSPropertyOp2
 70
     1
102
RTVSPropertyOp3
 70
     1
102
RTVSPropertyOp4
 70
     1
102
RTVSPropertyOp5
 70
     1
102
RTVSPropertyOp6
 70
     1
102
RTVSPropertyOp7
 70
     1
102
RTVSPropertyOp8
 70
     1
102
RTVSPropertyOp9
 70
     1
102
RTVSPropertyOp10
 70
     1
102
RTVSPropertyOp11
 70
     1
102
RTVSPropertyOp12
 70
     1
102
RTVSPropertyOp13
 70
     1
102
RTVSPropertyOp14
 70
     1
102
RTVSPropertyOp15
 70
     1
102
RTVSPropertyOp16
 70
     1
102
RTVSPropertyOp17
 70
     1
102
RTVSPropertyOp18
 70
     1
102
RTVSPropertyOp19
 70
     1
102
RTVSPropertyOp20
 70
     1
102
RTVSPropertyOp21
 70
     1
102
RTVSPropertyOp22
 70
     1
102
RTVSPropertyOp23
 70
     1
102
RTVSPropertyOp24
 70
     1
102
RTVSPropertyOp25
 70
     1
102
RTVSPropertyOp26
 70
     1
102
RTVSPropertyOp27
 70
     1
102
RTVSPropertyOp28
 70
     1
102
RTVSPropertyOp29
 70
     1
102
RTVSPropertyOp30
 70
     1
102
RTVSPropertyOp31
 70
     1
102
RTVSPropertyOp32
 70
     1
102
RTVSPropertyOp33
 70
     1
102
RTVSPropertyOp34
 70
     1
102
RTVSPropertyOp35
 70
     1
102
RTVSPropertyOp36
 70
     1
102
RTVSPropertyOp37
 70
     1
102
RTVSPropertyOp38
 70
     1
102
RTVSPropertyOp39
 70
     1
102
RTVSPropertyOp40
 70
     1
102
RTVSPropertyOp41
 70
     1
102
RTVSPropertyOp42
 70
     1
102
RTVSPropertyOp43
 70
     1
102
RTVSPropertyOp44
 70
     1
102
RTVSPropertyOp45
 70
     1
102
RTVSPropertyOp46
 70
     1
102
RTVSPropertyOp47
 70
     1
102
RTVSPropertyOp48
 70
     1
102
RTVSPropertyOp49
 70
     1
102
RTVSPropertyOp50
 70
     1
102
RTVSPropertyOp51
 70
     0
102
RTVSPropertyOp52
 70
     0
102
RTVSPropertyOp53
 70
     1
102
RTVSPropertyOp54
 70
     1
102
RTVSPropertyOp55
 70
     1
102
RTVSPropertyOp56
 70
     1
102
RTVSPropertyOp57
 70
     1
102
RTVSPost2010Prop28
280
     0
102
RTVSPost2010PropOp28
 70
     1
102
RTVSPost2010Prop29
280
     1
102
RTVSPost2010PropOp29
 70
     1
102
RTVSPost2010Prop30
280
     1
102
RTVSPost2010PropOp30
 70
     1
102
RTVSPost2010Prop31
280
     0
102
RTVSPost2010PropOp31
 70
     1
102
RTVSPost2010Prop32
280
     0
102
RTVSPost2010PropOp32
 70
     1
102
RTVSPost2010Prop33
280
     0
102
RTVSPost2010PropOp33
 70
     1
102
RTVSPost2010Prop34
280
     0
102
RTVSPost2010PropOp34
 70
     1
102
RTVSPost2010Prop35
280
     0
102
RTVSPost2010PropOp35
 70
     1
102
RTVSPost2010Prop36
280
     0
102
RTVSPost2010PropOp36
 70
     1
102
RTVSPost2010Prop37
 90
       50
102
RTVSPost2010PropOp37
 70
     1
102
RTVSPost2010Prop38
140
0.0
102
RTVSPost2010PropOp38
 70
     1
102
RTVSPost2010Prop39
140
1.0
102
RTVSPost2010PropOp39
 70
     1
102
RTVSPost2010Prop40
 90
        0
102
RTVSPost2010PropOp40
 70
     1
102
RTVSPost2010Prop41ColorIndex
 90
       18
102
RTVSPost2010Prop41ColorRGB
 90
        0
102
RTVSPost2010PropOp41
 70
     1
102
RTVSPost2010Prop42
 90
       50
102
RTVSPost2010PropOp42
 70
     1
102
RTVSPost2010Prop43
 90
        3
102
RTVSPost2010PropOp43
 70
     1
102
RTVSPost2010Prop44ColorIndex
 90
        5
102
RTVSPost2010Prop44ColorRGB
 90
      255
102
RTVSPost2010PropOp44
 70
     1
102
RTVSPost2010Prop45
280
     0
102
RTVSPost2010PropOp45
 70
     1
102
RTVSPost2010Prop46
 90
       50
102
RTVSPost2010PropOp46
 70
     1
102
RTVSPost2010Prop47
 90
       50
102
RTVSPost2010PropOp47
 70
     1
102
RTVSPost2010Prop48
 90
       50
102
RTVSPost2010PropOp48
 70
     1
102
RTVSPost2010Prop49
280
     0
102
RTVSPost2010PropOp49
 70
     1
102
RTVSPost2010Prop50
 90
       50
102
RTVSPost2010PropOp50
 70
     1
102
RTVSPost2010Prop51ColorIndex
 90
      256
102
RTVSPost2010Prop51ColorRGB
 90
-16777216
102
RTVSPost2010PropOp51
 70
     0
102
RTVSPost2010Prop52
140
1.0
102
RTVSPost2010PropOp52
 70
     0
102
RTVSPost2010Prop53
 90
        2
102
RTVSPost2010PropOp53
 70
     1
102
RTVSPost2010Prop54
  1
strokes_ogs.tif
102
RTVSPost2010PropOp54
 70
     1
102
RTVSPost2010Prop55
280
     0
102
RTVSPost2010PropOp55
 70
     1
102
RTVSPost2010Prop56
140
1.0
102
RTVSPost2010PropOp56
 70
     1
102
RTVSPost2010Prop57
140
1.0
102
RTVSPost2010PropOp57
 70
     1
  0
XRECORD
  5
629
102
{ACAD_REACTORS
330
628
102
}
330
628
100
AcDbXrecord
280
     1
102
RTVSPropertyOp0
 70
     0
102
RTVSPropertyOp1
 70
     0
102
RTVSPropertyOp2
 70
     0
102
RTVSPropertyOp3
 70
     0
102
RTVSPropertyOp4
 70
     0
102
RTVSPropertyOp5
 70
     0
102
RTVSPropertyOp6
 70
     0
102
RTVSPropertyOp7
 70
     0
102
RTVSPropertyOp8
 70
     0
102
RTVSPropertyOp9
 70
     0
102
RTVSPropertyOp10
 70
     0
102
RTVSPropertyOp11
 70
     0
102
RTVSPropertyOp12
 70
     0
102
RTVSPropertyOp13
 70
     0
102
RTVSPropertyOp14
 70
     2
102
RTVSPropertyOp15
 70
     0
102
RTVSPropertyOp16
 70
     0
102
RTVSPropertyOp17
 70
     0
102
RTVSPropertyOp18
 70
     0
102
RTVSPropertyOp19
 70
     0
102
RTVSPropertyOp20
 70
     0
102
RTVSPropertyOp21
 70
     0
102
RTVSPropertyOp22
 70
     0
102
RTVSPropertyOp23
 70
     0
102
RTVSPropertyOp24
 70
     0
102
RTVSPropertyOp25
 70
     0
102
RTVSPropertyOp26
 70
     0
102
RTVSPropertyOp27
 70
     0
102
RTVSPropertyOp28
 70
     0
102
RTVSPropertyOp29
 70
     0
102
RTVSPropertyOp30
 70
     0
102
RTVSPropertyOp31
 70
     0
102
RTVSPropertyOp32
 70
     0
102
RTVSPropertyOp33
 70
     0
102
RTVSPropertyOp34
 70
     0
102
RTVSPropertyOp35
 70
     0
102
RTVSPropertyOp36
 70
     0
102
RTVSPropertyOp37
 70
     0
102
RTVSPropertyOp38
 70
     0
102
RTVSPropertyOp39
 70
     0
102
RTVSPropertyOp40
 70
     0
102
RTVSPropertyOp41
 70
     0
102
RTVSPropertyOp42
 70
     0
102
RTVSPropertyOp43
 70
     0
102
RTVSPropertyOp44
 70
     0
102
RTVSPropertyOp45
 70
     0
102
RTVSPropertyOp46
 70
     0
102
RTVSPropertyOp47
 70
     0
102
RTVSPropertyOp48
 70
     0
102
RTVSPropertyOp49
 70
     0
102
RTVSPropertyOp50
 70
     0
102
RTVSPropertyOp51
 70
     0
102
RTVSPropertyOp52
 70
     0
102
RTVSPropertyOp53
 70
     0
102
RTVSPropertyOp54
 70
     0
102
RTVSPropertyOp55
 70
     0
102
RTVSPropertyOp56
 70
     0
102
RTVSPropertyOp57
 70
     0
102
RTVSPost2010Prop28
280
     0
102
RTVSPost2010PropOp28
 70
     0
102
RTVSPost2010Prop29
280
     1
102
RTVSPost2010PropOp29
 70
     0
102
RTVSPost2010Prop30
280
     1
102
RTVSPost2010PropOp30
 70
     0
102
RTVSPost2010Prop31
280
     0
102
RTVSPost2010PropOp31
 70
     0
102
RTVSPost2010Prop32
280
     0
102
RTVSPost2010PropOp32
 70
     0
102
RTVSPost2010Prop33
280
     0
102
RTVSPost2010PropOp33
 70
     0
102
RTVSPost2010Prop34
280
     0
102
RTVSPost2010PropOp34
 70
     0
102
RTVSPost2010Prop35
280
     0
102
RTVSPost2010PropOp35
 70
     0
102
RTVSPost2010Prop36
280
     0
102
RTVSPost2010PropOp36
 70
     0
102
RTVSPost2010Prop37
 90
       50
102
RTVSPost2010PropOp37
 70
     0
102
RTVSPost2010Prop38
140
0.0
102
RTVSPost2010PropOp38
 70
     0
102
RTVSPost2010Prop39
140
1.0
102
RTVSPost2010PropOp39
 70
     0
102
RTVSPost2010Prop40
 90
        0
102
RTVSPost2010PropOp40
 70
     0
102
RTVSPost2010Prop41ColorIndex
 90
       18
102
RTVSPost2010Prop41ColorRGB
 90
        0
102
RTVSPost2010PropOp41
 70
     0
102
RTVSPost2010Prop42
 90
       50
102
RTVSPost2010PropOp42
 70
     0
102
RTVSPost2010Prop43
 90
        3
102
RTVSPost2010PropOp43
 70
     0
102
RTVSPost2010Prop44ColorIndex
 90
        5
102
RTVSPost2010Prop44ColorRGB
 90
      255
102
RTVSPost2010PropOp44
 70
     0
102
RTVSPost2010Prop45
280
     0
102
RTVSPost2010PropOp45
 70
     0
102
RTVSPost2010Prop46
 90
       50
102
RTVSPost2010PropOp46
 70
     0
102
RTVSPost2010Prop47
 90
       50
102
RTVSPost2010PropOp47
 70
     0
102
RTVSPost2010Prop48
 90
       50
102
RTVSPost2010PropOp48
 70
     0
102
RTVSPost2010Prop49
280
     0
102
RTVSPost2010PropOp49
 70
     0
102
RTVSPost2010Prop50
 90
       50
102
RTVSPost2010PropOp50
 70
     0
102
RTVSPost2010Prop51ColorIndex
 90
      256
102
RTVSPost2010Prop51ColorRGB
 90
-16777216
102
RTVSPost2010PropOp51
 70
     0
102
RTVSPost2010Prop52
140
1.0
102
RTVSPost2010PropOp52
 70
     0
102
RTVSPost2010Prop53
 90
        2
102
RTVSPost2010PropOp53
 70
     0
102
RTVSPost2010Prop54
  1
strokes_ogs.tif
102
RTVSPost2010PropOp54
 70
     0
102
RTVSPost2010Prop55
280
     0
102
RTVSPost2010PropOp55
 70
     0
102
RTVSPost2010Prop56
140
1.0
102
RTVSPost2010PropOp56
 70
     0
102
RTVSPost2010Prop57
140
1.0
102
RTVSPost2010PropOp57
 70
     0
  0
XRECORD
  5
623
102
{ACAD_REACTORS
330
622
102
}
330
622
100
AcDbXrecord
280
     1
102
RTVSPropertyOp0
 70
     1
102
RTVSPropertyOp1
 70
     1
102
RTVSPropertyOp2
 70
     1
102
RTVSPropertyOp3
 70
     1
102
RTVSPropertyOp4
 70
     1
102
RTVSPropertyOp5
 70
     1
102
RTVSPropertyOp6
 70
     1
102
RTVSPropertyOp7
 70
     1
102
RTVSPropertyOp8
 70
     1
102
RTVSPropertyOp9
 70
     1
102
RTVSPropertyOp10
 70
     1
102
RTVSPropertyOp11
 70
     1
102
RTVSPropertyOp12
 70
     1
102
RTVSPropertyOp13
 70
     1
102
RTVSPropertyOp14
 70
     1
102
RTVSPropertyOp15
 70
     1
102
RTVSPropertyOp16
 70
     1
102
RTVSPropertyOp17
 70
     1
102
RTVSPropertyOp18
 70
     1
102
RTVSPropertyOp19
 70
     1
102
RTVSPropertyOp20
 70
     1
102
RTVSPropertyOp21
 70
     1
102
RTVSPropertyOp22
 70
     1
102
RTVSPropertyOp23
 70
     1
102
RTVSPropertyOp24
 70
     1
102
RTVSPropertyOp25
 70
     1
102
RTVSPropertyOp26
 70
     1
102
RTVSPropertyOp27
 70
     1
102
RTVSPropertyOp28
 70
     1
102
RTVSPropertyOp29
 70
     1
102
RTVSPropertyOp30
 70
     1
102
RTVSPropertyOp31
 70
     1
102
RTVSPropertyOp32
 70
     1
102
RTVSPropertyOp33
 70
     1
102
RTVSPropertyOp34
 70
     1
102
RTVSPropertyOp35
 70
     1
102
RTVSPropertyOp36
 70
     1
102
RTVSPropertyOp37
 70
     1
102
RTVSPropertyOp38
 70
     1
102
RTVSPropertyOp39
 70
     1
102
RTVSPropertyOp40
 70
     1
102
RTVSPropertyOp41
 70
     1
102
RTVSPropertyOp42
 70
     1
102
RTVSPropertyOp43
 70
     1
102
RTVSPropertyOp44
 70
     1
102
RTVSPropertyOp45
 70
     1
102
RTVSPropertyOp46
 70
     1
102
RTVSPropertyOp47
 70
     1
102
RTVSPropertyOp48
 70
     1
102
RTVSPropertyOp49
 70
     1
102
RTVSPropertyOp50
 70
     1
102
RTVSPropertyOp51
 70
     0
102
RTVSPropertyOp52
 70
     0
102
RTVSPropertyOp53
 70
     1
102
RTVSPropertyOp54
 70
     1
102
RTVSPropertyOp55
 70
     1
102
RTVSPropertyOp56
 70
     1
102
RTVSPropertyOp57
 70
     1
102
RTVSPost2010Prop28
280
     0
102
RTVSPost2010PropOp28
 70
     1
102
RTVSPost2010Prop29
280
     1
102
RTVSPost2010PropOp29
 70
     1
102
RTVSPost2010Prop30
280
     1
102
RTVSPost2010PropOp30
 70
     1
102
RTVSPost2010Prop31
280
     0
102
RTVSPost2010PropOp31
 70
     1
102
RTVSPost2010Prop32
280
     0
102
RTVSPost2010PropOp32
 70
     1
102
RTVSPost2010Prop33
280
     0
102
RTVSPost2010PropOp33
 70
     1
102
RTVSPost2010Prop34
280
     0
102
RTVSPost2010PropOp34
 70
     1
102
RTVSPost2010Prop35
280
     0
102
RTVSPost2010PropOp35
 70
     1
102
RTVSPost2010Prop36
280
     0
102
RTVSPost2010PropOp36
 70
     1
102
RTVSPost2010Prop37
 90
       50
102
RTVSPost2010PropOp37
 70
     1
102
RTVSPost2010Prop38
140
0.0
102
RTVSPost2010PropOp38
 70
     1
102
RTVSPost2010Prop39
140
1.0
102
RTVSPost2010PropOp39
 70
     1
102
RTVSPost2010Prop40
 90
        0
102
RTVSPost2010PropOp40
 70
     1
102
RTVSPost2010Prop41ColorIndex
 90
       18
102
RTVSPost2010Prop41ColorRGB
 90
        0
102
RTVSPost2010PropOp41
 70
     1
102
RTVSPost2010Prop42
 90
       50
102
RTVSPost2010PropOp42
 70
     1
102
RTVSPost2010Prop43
 90
        3
102
RTVSPost2010PropOp43
 70
     1
102
RTVSPost2010Prop44ColorIndex
 90
        5
102
RTVSPost2010Prop44ColorRGB
 90
      255
102
RTVSPost2010PropOp44
 70
     1
102
RTVSPost2010Prop45
280
     0
102
RTVSPost2010PropOp45
 70
     1
102
RTVSPost2010Prop46
 90
       50
102
RTVSPost2010PropOp46
 70
     1
102
RTVSPost2010Prop47
 90
       50
102
RTVSPost2010PropOp47
 70
     1
102
RTVSPost2010Prop48
 90
       50
102
RTVSPost2010PropOp48
 70
     1
102
RTVSPost2010Prop49
280
     0
102
RTVSPost2010PropOp49
 70
     1
102
RTVSPost2010Prop50
 90
       50
102
RTVSPost2010PropOp50
 70
     1
102
RTVSPost2010Prop51ColorIndex
 90
      256
102
RTVSPost2010Prop51ColorRGB
 90
-16777216
102
RTVSPost2010PropOp51
 70
     0
102
RTVSPost2010Prop52
140
1.0
102
RTVSPost2010PropOp52
 70
     0
102
RTVSPost2010Prop53
 90
        2
102
RTVSPost2010PropOp53
 70
     1
102
RTVSPost2010Prop54
  1
strokes_ogs.tif
102
RTVSPost2010PropOp54
 70
     1
102
RTVSPost2010Prop55
280
     0
102
RTVSPost2010PropOp55
 70
     1
102
RTVSPost2010Prop56
140
1.0
102
RTVSPost2010PropOp56
 70
     1
102
RTVSPost2010Prop57
140
1.0
102
RTVSPost2010PropOp57
 70
     1
  0
XRECORD
  5
62B
102
{ACAD_REACTORS
330
62A
102
}
330
62A
100
AcDbXrecord
280
     1
102
RTVSPropertyOp0
 70
     0
102
RTVSPropertyOp1
 70
     0
102
RTVSPropertyOp2
 70
     0
102
RTVSPropertyOp3
 70
     0
102
RTVSPropertyOp4
 70
     0
102
RTVSPropertyOp5
 70
     0
102
RTVSPropertyOp6
 70
     0
102
RTVSPropertyOp7
 70
     0
102
RTVSPropertyOp8
 70
     0
102
RTVSPropertyOp9
 70
     0
102
RTVSPropertyOp10
 70
     0
102
RTVSPropertyOp11
 70
     0
102
RTVSPropertyOp12
 70
     0
102
RTVSPropertyOp13
 70
     0
102
RTVSPropertyOp14
 70
     2
102
RTVSPropertyOp15
 70
     0
102
RTVSPropertyOp16
 70
     0
102
RTVSPropertyOp17
 70
     0
102
RTVSPropertyOp18
 70
     0
102
RTVSPropertyOp19
 70
     0
102
RTVSPropertyOp20
 70
     0
102
RTVSPropertyOp21
 70
     0
102
RTVSPropertyOp22
 70
     0
102
RTVSPropertyOp23
 70
     0
102
RTVSPropertyOp24
 70
     0
102
RTVSPropertyOp25
 70
     0
102
RTVSPropertyOp26
 70
     0
102
RTVSPropertyOp27
 70
     0
102
RTVSPropertyOp28
 70
     0
102
RTVSPropertyOp29
 70
     0
102
RTVSPropertyOp30
 70
     0
102
RTVSPropertyOp31
 70
     0
102
RTVSPropertyOp32
 70
     0
102
RTVSPropertyOp33
 70
     0
102
RTVSPropertyOp34
 70
     0
102
RTVSPropertyOp35
 70
     0
102
RTVSPropertyOp36
 70
     0
102
RTVSPropertyOp37
 70
     0
102
RTVSPropertyOp38
 70
     0
102
RTVSPropertyOp39
 70
     0
102
RTVSPropertyOp40
 70
     0
102
RTVSPropertyOp41
 70
     0
102
RTVSPropertyOp42
 70
     0
102
RTVSPropertyOp43
 70
     0
102
RTVSPropertyOp44
 70
     0
102
RTVSPropertyOp45
 70
     0
102
RTVSPropertyOp46
 70
     0
102
RTVSPropertyOp47
 70
     0
102
RTVSPropertyOp48
 70
     0
102
RTVSPropertyOp49
 70
     0
102
RTVSPropertyOp50
 70
     0
102
RTVSPropertyOp51
 70
     0
102
RTVSPropertyOp52
 70
     0
102
RTVSPropertyOp53
 70
     0
102
RTVSPropertyOp54
 70
     0
102
RTVSPropertyOp55
 70
     0
102
RTVSPropertyOp56
 70
     0
102
RTVSPropertyOp57
 70
     0
102
RTVSPost2010Prop28
280
     0
102
RTVSPost2010PropOp28
 70
     0
102
RTVSPost2010Prop29
280
     1
102
RTVSPost2010PropOp29
 70
     0
102
RTVSPost2010Prop30
280
     1
102
RTVSPost2010PropOp30
 70
     0
102
RTVSPost2010Prop31
280
     0
102
RTVSPost2010PropOp31
 70
     0
102
RTVSPost2010Prop32
280
     0
102
RTVSPost2010PropOp32
 70
     0
102
RTVSPost2010Prop33
280
     0
102
RTVSPost2010PropOp33
 70
     0
102
RTVSPost2010Prop34
280
     0
102
RTVSPost2010PropOp34
 70
     0
102
RTVSPost2010Prop35
280
     0
102
RTVSPost2010PropOp35
 70
     0
102
RTVSPost2010Prop36
280
     0
102
RTVSPost2010PropOp36
 70
     0
102
RTVSPost2010Prop37
 90
       50
102
RTVSPost2010PropOp37
 70
     0
102
RTVSPost2010Prop38
140
0.0
102
RTVSPost2010PropOp38
 70
     0
102
RTVSPost2010Prop39
140
1.0
102
RTVSPost2010PropOp39
 70
     0
102
RTVSPost2010Prop40
 90
        0
102
RTVSPost2010PropOp40
 70
     0
102
RTVSPost2010Prop41ColorIndex
 90
       18
102
RTVSPost2010Prop41ColorRGB
 90
        0
102
RTVSPost2010PropOp41
 70
     0
102
RTVSPost2010Prop42
 90
       50
102
RTVSPost2010PropOp42
 70
     0
102
RTVSPost2010Prop43
 90
        3
102
RTVSPost2010PropOp43
 70
     0
102
RTVSPost2010Prop44ColorIndex
 90
        5
102
RTVSPost2010Prop44ColorRGB
 90
      255
102
RTVSPost2010PropOp44
 70
     0
102
RTVSPost2010Prop45
280
     0
102
RTVSPost2010PropOp45
 70
     0
102
RTVSPost2010Prop46
 90
       50
102
RTVSPost2010PropOp46
 70
     0
102
RTVSPost2010Prop47
 90
       50
102
RTVSPost2010PropOp47
 70
     0
102
RTVSPost2010Prop48
 90
       50
102
RTVSPost2010PropOp48
 70
     0
102
RTVSPost2010Prop49
280
     0
102
RTVSPost2010PropOp49
 70
     0
102
RTVSPost2010Prop50
 90
       50
102
RTVSPost2010PropOp50
 70
     0
102
RTVSPost2010Prop51ColorIndex
 90
      256
102
RTVSPost2010Prop51ColorRGB
 90
-16777216
102
RTVSPost2010PropOp51
 70
     0
102
RTVSPost2010Prop52
140
1.0
102
RTVSPost2010PropOp52
 70
     0
102
RTVSPost2010Prop53
 90
        2
102
RTVSPost2010PropOp53
 70
     0
102
RTVSPost2010Prop54
  1
strokes_ogs.tif
102
RTVSPost2010PropOp54
 70
     0
102
RTVSPost2010Prop55
280
     0
102
RTVSPost2010PropOp55
 70
     0
102
RTVSPost2010Prop56
140
1.0
102
RTVSPost2010PropOp56
 70
     0
102
RTVSPost2010Prop57
140
1.0
102
RTVSPost2010PropOp57
 70
     0
  0
XRECORD
  5
619
102
{ACAD_REACTORS
330
618
102
}
330
618
100
AcDbXrecord
280
     1
102
RTVSPropertyOp0
 70
     1
102
RTVSPropertyOp1
 70
     1
102
RTVSPropertyOp2
 70
     1
102
RTVSPropertyOp3
 70
     1
102
RTVSPropertyOp4
 70
     1
102
RTVSPropertyOp5
 70
     1
102
RTVSPropertyOp6
 70
     1
102
RTVSPropertyOp7
 70
     1
102
RTVSPropertyOp8
 70
     1
102
RTVSPropertyOp9
 70
     1
102
RTVSPropertyOp10
 70
     1
102
RTVSPropertyOp11
 70
     1
102
RTVSPropertyOp12
 70
     1
102
RTVSPropertyOp13
 70
     1
102
RTVSPropertyOp14
 70
     1
102
RTVSPropertyOp15
 70
     1
102
RTVSPropertyOp16
 70
     1
102
RTVSPropertyOp17
 70
     1
102
RTVSPropertyOp18
 70
     1
102
RTVSPropertyOp19
 70
     1
102
RTVSPropertyOp20
 70
     1
102
RTVSPropertyOp21
 70
     1
102
RTVSPropertyOp22
 70
     1
102
RTVSPropertyOp23
 70
     1
102
RTVSPropertyOp24
 70
     1
102
RTVSPropertyOp25
 70
     1
102
RTVSPropertyOp26
 70
     1
102
RTVSPropertyOp27
 70
     1
102
RTVSPropertyOp28
 70
     1
102
RTVSPropertyOp29
 70
     1
102
RTVSPropertyOp30
 70
     1
102
RTVSPropertyOp31
 70
     1
102
RTVSPropertyOp32
 70
     1
102
RTVSPropertyOp33
 70
     1
102
RTVSPropertyOp34
 70
     1
102
RTVSPropertyOp35
 70
     1
102
RTVSPropertyOp36
 70
     1
102
RTVSPropertyOp37
 70
     1
102
RTVSPropertyOp38
 70
     1
102
RTVSPropertyOp39
 70
     1
102
RTVSPropertyOp40
 70
     1
102
RTVSPropertyOp41
 70
     1
102
RTVSPropertyOp42
 70
     1
102
RTVSPropertyOp43
 70
     1
102
RTVSPropertyOp44
 70
     1
102
RTVSPropertyOp45
 70
     1
102
RTVSPropertyOp46
 70
     1
102
RTVSPropertyOp47
 70
     1
102
RTVSPropertyOp48
 70
     1
102
RTVSPropertyOp49
 70
     1
102
RTVSPropertyOp50
 70
     1
102
RTVSPropertyOp51
 70
     0
102
RTVSPropertyOp52
 70
     0
102
RTVSPropertyOp53
 70
     1
102
RTVSPropertyOp54
 70
     1
102
RTVSPropertyOp55
 70
     1
102
RTVSPropertyOp56
 70
     1
102
RTVSPropertyOp57
 70
     1
102
RTVSPost2010Prop28
280
     0
102
RTVSPost2010PropOp28
 70
     1
102
RTVSPost2010Prop29
280
     1
102
RTVSPost2010PropOp29
 70
     1
102
RTVSPost2010Prop30
280
     1
102
RTVSPost2010PropOp30
 70
     1
102
RTVSPost2010Prop31
280
     0
102
RTVSPost2010PropOp31
 70
     1
102
RTVSPost2010Prop32
280
     0
102
RTVSPost2010PropOp32
 70
     1
102
RTVSPost2010Prop33
280
     0
102
RTVSPost2010PropOp33
 70
     1
102
RTVSPost2010Prop34
280
     0
102
RTVSPost2010PropOp34
 70
     1
102
RTVSPost2010Prop35
280
     0
102
RTVSPost2010PropOp35
 70
     1
102
RTVSPost2010Prop36
280
     0
102
RTVSPost2010PropOp36
 70
     1
102
RTVSPost2010Prop37
 90
       50
102
RTVSPost2010PropOp37
 70
     1
102
RTVSPost2010Prop38
140
0.0
102
RTVSPost2010PropOp38
 70
     1
102
RTVSPost2010Prop39
140
1.0
102
RTVSPost2010PropOp39
 70
     1
102
RTVSPost2010Prop40
 90
        0
102
RTVSPost2010PropOp40
 70
     1
102
RTVSPost2010Prop41ColorIndex
 90
       18
102
RTVSPost2010Prop41ColorRGB
 90
        0
102
RTVSPost2010PropOp41
 70
     1
102
RTVSPost2010Prop42
 90
       50
102
RTVSPost2010PropOp42
 70
     1
102
RTVSPost2010Prop43
 90
        3
102
RTVSPost2010PropOp43
 70
     1
102
RTVSPost2010Prop44ColorIndex
 90
        5
102
RTVSPost2010Prop44ColorRGB
 90
      255
102
RTVSPost2010PropOp44
 70
     1
102
RTVSPost2010Prop45
280
     0
102
RTVSPost2010PropOp45
 70
     1
102
RTVSPost2010Prop46
 90
       50
102
RTVSPost2010PropOp46
 70
     1
102
RTVSPost2010Prop47
 90
       50
102
RTVSPost2010PropOp47
 70
     1
102
RTVSPost2010Prop48
 90
       50
102
RTVSPost2010PropOp48
 70
     1
102
RTVSPost2010Prop49
280
     0
102
RTVSPost2010PropOp49
 70
     1
102
RTVSPost2010Prop50
 90
       50
102
RTVSPost2010PropOp50
 70
     1
102
RTVSPost2010Prop51ColorIndex
 90
      256
102
RTVSPost2010Prop51ColorRGB
 90
-16777216
102
RTVSPost2010PropOp51
 70
     0
102
RTVSPost2010Prop52
140
1.0
102
RTVSPost2010PropOp52
 70
     0
102
RTVSPost2010Prop53
 90
        2
102
RTVSPost2010PropOp53
 70
     1
102
RTVSPost2010Prop54
  1
strokes_ogs.tif
102
RTVSPost2010PropOp54
 70
     1
102
RTVSPost2010Prop55
280
     0
102
RTVSPost2010PropOp55
 70
     1
102
RTVSPost2010Prop56
140
1.0
102
RTVSPost2010PropOp56
 70
     1
102
RTVSPost2010Prop57
140
1.0
102
RTVSPost2010PropOp57
 70
     1
  0
XRECORD
  5
637
102
{ACAD_REACTORS
330
636
102
}
330
636
100
AcDbXrecord
280
     1
102
RTVSPropertyOp0
 70
     1
102
RTVSPropertyOp1
 70
     1
102
RTVSPropertyOp2
 70
     1
102
RTVSPropertyOp3
 70
     1
102
RTVSPropertyOp4
 70
     1
102
RTVSPropertyOp5
 70
     1
102
RTVSPropertyOp6
 70
     1
102
RTVSPropertyOp7
 70
     1
102
RTVSPropertyOp8
 70
     1
102
RTVSPropertyOp9
 70
     1
102
RTVSPropertyOp10
 70
     1
102
RTVSPropertyOp11
 70
     1
102
RTVSPropertyOp12
 70
     1
102
RTVSPropertyOp13
 70
     1
102
RTVSPropertyOp14
 70
     1
102
RTVSPropertyOp15
 70
     1
102
RTVSPropertyOp16
 70
     1
102
RTVSPropertyOp17
 70
     1
102
RTVSPropertyOp18
 70
     1
102
RTVSPropertyOp19
 70
     1
102
RTVSPropertyOp20
 70
     1
102
RTVSPropertyOp21
 70
     1
102
RTVSPropertyOp22
 70
     1
102
RTVSPropertyOp23
 70
     1
102
RTVSPropertyOp24
 70
     1
102
RTVSPropertyOp25
 70
     1
102
RTVSPropertyOp26
 70
     1
102
RTVSPropertyOp27
 70
     1
102
RTVSPropertyOp28
 70
     1
102
RTVSPropertyOp29
 70
     1
102
RTVSPropertyOp30
 70
     1
102
RTVSPropertyOp31
 70
     1
102
RTVSPropertyOp32
 70
     1
102
RTVSPropertyOp33
 70
     1
102
RTVSPropertyOp34
 70
     1
102
RTVSPropertyOp35
 70
     1
102
RTVSPropertyOp36
 70
     1
102
RTVSPropertyOp37
 70
     1
102
RTVSPropertyOp38
 70
     1
102
RTVSPropertyOp39
 70
     1
102
RTVSPropertyOp40
 70
     1
102
RTVSPropertyOp41
 70
     1
102
RTVSPropertyOp42
 70
     1
102
RTVSPropertyOp43
 70
     1
102
RTVSPropertyOp44
 70
     1
102
RTVSPropertyOp45
 70
     1
102
RTVSPropertyOp46
 70
     1
102
RTVSPropertyOp47
 70
     1
102
RTVSPropertyOp48
 70
     1
102
RTVSPropertyOp49
 70
     1
102
RTVSPropertyOp50
 70
     1
102
RTVSPropertyOp51
 70
     0
102
RTVSPropertyOp52
 70
     0
102
RTVSPropertyOp53
 70
     1
102
RTVSPropertyOp54
 70
     1
102
RTVSPropertyOp55
 70
     1
102
RTVSPropertyOp56
 70
     1
102
RTVSPropertyOp57
 70
     1
102
RTVSPost2010Prop28
280
     0
102
RTVSPost2010PropOp28
 70
     1
102
RTVSPost2010Prop29
280
     1
102
RTVSPost2010PropOp29
 70
     1
102
RTVSPost2010Prop30
280
     1
102
RTVSPost2010PropOp30
 70
     1
102
RTVSPost2010Prop31
280
     0
102
RTVSPost2010PropOp31
 70
     1
102
RTVSPost2010Prop32
280
     0
102
RTVSPost2010PropOp32
 70
     1
102
RTVSPost2010Prop33
280
     0
102
RTVSPost2010PropOp33
 70
     1
102
RTVSPost2010Prop34
280
     0
102
RTVSPost2010PropOp34
 70
     1
102
RTVSPost2010Prop35
280
     0
102
RTVSPost2010PropOp35
 70
     1
102
RTVSPost2010Prop36
280
     0
102
RTVSPost2010PropOp36
 70
     1
102
RTVSPost2010Prop37
 90
       50
102
RTVSPost2010PropOp37
 70
     1
102
RTVSPost2010Prop38
140
0.0
102
RTVSPost2010PropOp38
 70
     1
102
RTVSPost2010Prop39
140
1.0
102
RTVSPost2010PropOp39
 70
     1
102
RTVSPost2010Prop40
 90
        0
102
RTVSPost2010PropOp40
 70
     1
102
RTVSPost2010Prop41ColorIndex
 90
       18
102
RTVSPost2010Prop41ColorRGB
 90
        0
102
RTVSPost2010PropOp41
 70
     1
102
RTVSPost2010Prop42
 90
       50
102
RTVSPost2010PropOp42
 70
     1
102
RTVSPost2010Prop43
 90
        3
102
RTVSPost2010PropOp43
 70
     1
102
RTVSPost2010Prop44ColorIndex
 90
        5
102
RTVSPost2010Prop44ColorRGB
 90
      255
102
RTVSPost2010PropOp44
 70
     1
102
RTVSPost2010Prop45
280
     0
102
RTVSPost2010PropOp45
 70
     1
102
RTVSPost2010Prop46
 90
       50
102
RTVSPost2010PropOp46
 70
     1
102
RTVSPost2010Prop47
 90
       50
102
RTVSPost2010PropOp47
 70
     1
102
RTVSPost2010Prop48
 90
       50
102
RTVSPost2010PropOp48
 70
     1
102
RTVSPost2010Prop49
280
     0
102
RTVSPost2010PropOp49
 70
     1
102
RTVSPost2010Prop50
 90
       50
102
RTVSPost2010PropOp50
 70
     1
102
RTVSPost2010Prop51ColorIndex
 90
      256
102
RTVSPost2010Prop51ColorRGB
 90
-16777216
102
RTVSPost2010PropOp51
 70
     0
102
RTVSPost2010Prop52
140
1.0
102
RTVSPost2010PropOp52
 70
     0
102
RTVSPost2010Prop53
 90
        2
102
RTVSPost2010PropOp53
 70
     1
102
RTVSPost2010Prop54
  1
strokes_ogs.tif
102
RTVSPost2010PropOp54
 70
     1
102
RTVSPost2010Prop55
280
     0
102
RTVSPost2010PropOp55
 70
     1
102
RTVSPost2010Prop56
140
1.0
102
RTVSPost2010PropOp56
 70
     1
102
RTVSPost2010Prop57
140
1.0
102
RTVSPost2010PropOp57
 70
     1
  0
XRECORD
  5
635
102
{ACAD_REACTORS
330
634
102
}
330
634
100
AcDbXrecord
280
     1
102
RTVSPropertyOp0
 70
     1
102
RTVSPropertyOp1
 70
     1
102
RTVSPropertyOp2
 70
     1
102
RTVSPropertyOp3
 70
     1
102
RTVSPropertyOp4
 70
     1
102
RTVSPropertyOp5
 70
     1
102
RTVSPropertyOp6
 70
     1
102
RTVSPropertyOp7
 70
     1
102
RTVSPropertyOp8
 70
     1
102
RTVSPropertyOp9
 70
     1
102
RTVSPropertyOp10
 70
     1
102
RTVSPropertyOp11
 70
     1
102
RTVSPropertyOp12
 70
     1
102
RTVSPropertyOp13
 70
     1
102
RTVSPropertyOp14
 70
     1
102
RTVSPropertyOp15
 70
     1
102
RTVSPropertyOp16
 70
     1
102
RTVSPropertyOp17
 70
     1
102
RTVSPropertyOp18
 70
     1
102
RTVSPropertyOp19
 70
     1
102
RTVSPropertyOp20
 70
     1
102
RTVSPropertyOp21
 70
     1
102
RTVSPropertyOp22
 70
     1
102
RTVSPropertyOp23
 70
     1
102
RTVSPropertyOp24
 70
     1
102
RTVSPropertyOp25
 70
     1
102
RTVSPropertyOp26
 70
     1
102
RTVSPropertyOp27
 70
     1
102
RTVSPropertyOp28
 70
     1
102
RTVSPropertyOp29
 70
     1
102
RTVSPropertyOp30
 70
     1
102
RTVSPropertyOp31
 70
     1
102
RTVSPropertyOp32
 70
     1
102
RTVSPropertyOp33
 70
     1
102
RTVSPropertyOp34
 70
     1
102
RTVSPropertyOp35
 70
     1
102
RTVSPropertyOp36
 70
     1
102
RTVSPropertyOp37
 70
     1
102
RTVSPropertyOp38
 70
     1
102
RTVSPropertyOp39
 70
     1
102
RTVSPropertyOp40
 70
     1
102
RTVSPropertyOp41
 70
     1
102
RTVSPropertyOp42
 70
     1
102
RTVSPropertyOp43
 70
     1
102
RTVSPropertyOp44
 70
     1
102
RTVSPropertyOp45
 70
     1
102
RTVSPropertyOp46
 70
     1
102
RTVSPropertyOp47
 70
     1
102
RTVSPropertyOp48
 70
     1
102
RTVSPropertyOp49
 70
     1
102
RTVSPropertyOp50
 70
     1
102
RTVSPropertyOp51
 70
     0
102
RTVSPropertyOp52
 70
     0
102
RTVSPropertyOp53
 70
     1
102
RTVSPropertyOp54
 70
     1
102
RTVSPropertyOp55
 70
     1
102
RTVSPropertyOp56
 70
     1
102
RTVSPropertyOp57
 70
     1
102
RTVSPost2010Prop28
280
     0
102
RTVSPost2010PropOp28
 70
     1
102
RTVSPost2010Prop29
280
     1
102
RTVSPost2010PropOp29
 70
     1
102
RTVSPost2010Prop30
280
     1
102
RTVSPost2010PropOp30
 70
     1
102
RTVSPost2010Prop31
280
     0
102
RTVSPost2010PropOp31
 70
     1
102
RTVSPost2010Prop32
280
     0
102
RTVSPost2010PropOp32
 70
     1
102
RTVSPost2010Prop33
280
     0
102
RTVSPost2010PropOp33
 70
     1
102
RTVSPost2010Prop34
280
     0
102
RTVSPost2010PropOp34
 70
     1
102
RTVSPost2010Prop35
280
     0
102
RTVSPost2010PropOp35
 70
     1
102
RTVSPost2010Prop36
280
     0
102
RTVSPost2010PropOp36
 70
     1
102
RTVSPost2010Prop37
 90
       50
102
RTVSPost2010PropOp37
 70
     1
102
RTVSPost2010Prop38
140
0.0
102
RTVSPost2010PropOp38
 70
     1
102
RTVSPost2010Prop39
140
1.0
102
RTVSPost2010PropOp39
 70
     1
102
RTVSPost2010Prop40
 90
        0
102
RTVSPost2010PropOp40
 70
     1
102
RTVSPost2010Prop41ColorIndex
 90
       18
102
RTVSPost2010Prop41ColorRGB
 90
        0
102
RTVSPost2010PropOp41
 70
     1
102
RTVSPost2010Prop42
 90
       50
102
RTVSPost2010PropOp42
 70
     1
102
RTVSPost2010Prop43
 90
        3
102
RTVSPost2010PropOp43
 70
     1
102
RTVSPost2010Prop44ColorIndex
 90
        5
102
RTVSPost2010Prop44ColorRGB
 90
      255
102
RTVSPost2010PropOp44
 70
     1
102
RTVSPost2010Prop45
280
     0
102
RTVSPost2010PropOp45
 70
     1
102
RTVSPost2010Prop46
 90
       50
102
RTVSPost2010PropOp46
 70
     1
102
RTVSPost2010Prop47
 90
       50
102
RTVSPost2010PropOp47
 70
     1
102
RTVSPost2010Prop48
 90
       50
102
RTVSPost2010PropOp48
 70
     1
102
RTVSPost2010Prop49
280
     0
102
RTVSPost2010PropOp49
 70
     1
102
RTVSPost2010Prop50
 90
       50
102
RTVSPost2010PropOp50
 70
     1
102
RTVSPost2010Prop51ColorIndex
 90
      256
102
RTVSPost2010Prop51ColorRGB
 90
-16777216
102
RTVSPost2010PropOp51
 70
     0
102
RTVSPost2010Prop52
140
1.0
102
RTVSPost2010PropOp52
 70
     0
102
RTVSPost2010Prop53
 90
        2
102
RTVSPost2010PropOp53
 70
     1
102
RTVSPost2010Prop54
  1
strokes_ogs.tif
102
RTVSPost2010PropOp54
 70
     1
102
RTVSPost2010Prop55
280
     0
102
RTVSPost2010PropOp55
 70
     1
102
RTVSPost2010Prop56
140
1.0
102
RTVSPost2010PropOp56
 70
     1
102
RTVSPost2010Prop57
140
1.0
102
RTVSPost2010PropOp57
 70
     1
  0
XRECORD
  5
62F
102
{ACAD_REACTORS
330
62E
102
}
330
62E
100
AcDbXrecord
280
     1
102
RTVSPropertyOp0
 70
     1
102
RTVSPropertyOp1
 70
     1
102
RTVSPropertyOp2
 70
     1
102
RTVSPropertyOp3
 70
     1
102
RTVSPropertyOp4
 70
     1
102
RTVSPropertyOp5
 70
     1
102
RTVSPropertyOp6
 70
     1
102
RTVSPropertyOp7
 70
     1
102
RTVSPropertyOp8
 70
     1
102
RTVSPropertyOp9
 70
     1
102
RTVSPropertyOp10
 70
     1
102
RTVSPropertyOp11
 70
     1
102
RTVSPropertyOp12
 70
     1
102
RTVSPropertyOp13
 70
     1
102
RTVSPropertyOp14
 70
     1
102
RTVSPropertyOp15
 70
     1
102
RTVSPropertyOp16
 70
     1
102
RTVSPropertyOp17
 70
     1
102
RTVSPropertyOp18
 70
     1
102
RTVSPropertyOp19
 70
     1
102
RTVSPropertyOp20
 70
     1
102
RTVSPropertyOp21
 70
     1
102
RTVSPropertyOp22
 70
     1
102
RTVSPropertyOp23
 70
     1
102
RTVSPropertyOp24
 70
     1
102
RTVSPropertyOp25
 70
     1
102
RTVSPropertyOp26
 70
     1
102
RTVSPropertyOp27
 70
     1
102
RTVSPropertyOp28
 70
     1
102
RTVSPropertyOp29
 70
     1
102
RTVSPropertyOp30
 70
     1
102
RTVSPropertyOp31
 70
     1
102
RTVSPropertyOp32
 70
     1
102
RTVSPropertyOp33
 70
     1
102
RTVSPropertyOp34
 70
     1
102
RTVSPropertyOp35
 70
     1
102
RTVSPropertyOp36
 70
     1
102
RTVSPropertyOp37
 70
     1
102
RTVSPropertyOp38
 70
     1
102
RTVSPropertyOp39
 70
     1
102
RTVSPropertyOp40
 70
     1
102
RTVSPropertyOp41
 70
     1
102
RTVSPropertyOp42
 70
     1
102
RTVSPropertyOp43
 70
     1
102
RTVSPropertyOp44
 70
     1
102
RTVSPropertyOp45
 70
     1
102
RTVSPropertyOp46
 70
     1
102
RTVSPropertyOp47
 70
     1
102
RTVSPropertyOp48
 70
     1
102
RTVSPropertyOp49
 70
     1
102
RTVSPropertyOp50
 70
     1
102
RTVSPropertyOp51
 70
     0
102
RTVSPropertyOp52
 70
     0
102
RTVSPropertyOp53
 70
     1
102
RTVSPropertyOp54
 70
     1
102
RTVSPropertyOp55
 70
     1
102
RTVSPropertyOp56
 70
     1
102
RTVSPropertyOp57
 70
     1
102
RTVSPost2010Prop28
280
     0
102
RTVSPost2010PropOp28
 70
     1
102
RTVSPost2010Prop29
280
     1
102
RTVSPost2010PropOp29
 70
     1
102
RTVSPost2010Prop30
280
     1
102
RTVSPost2010PropOp30
 70
     1
102
RTVSPost2010Prop31
280
     0
102
RTVSPost2010PropOp31
 70
     1
102
RTVSPost2010Prop32
280
     0
102
RTVSPost2010PropOp32
 70
     1
102
RTVSPost2010Prop33
280
     0
102
RTVSPost2010PropOp33
 70
     1
102
RTVSPost2010Prop34
280
     0
102
RTVSPost2010PropOp34
 70
     1
102
RTVSPost2010Prop35
280
     0
102
RTVSPost2010PropOp35
 70
     1
102
RTVSPost2010Prop36
280
     0
102
RTVSPost2010PropOp36
 70
     1
102
RTVSPost2010Prop37
 90
       50
102
RTVSPost2010PropOp37
 70
     1
102
RTVSPost2010Prop38
140
0.0
102
RTVSPost2010PropOp38
 70
     1
102
RTVSPost2010Prop39
140
1.0
102
RTVSPost2010PropOp39
 70
     1
102
RTVSPost2010Prop40
 90
        0
102
RTVSPost2010PropOp40
 70
     1
102
RTVSPost2010Prop41ColorIndex
 90
       18
102
RTVSPost2010Prop41ColorRGB
 90
        0
102
RTVSPost2010PropOp41
 70
     1
102
RTVSPost2010Prop42
 90
       50
102
RTVSPost2010PropOp42
 70
     1
102
RTVSPost2010Prop43
 90
        3
102
RTVSPost2010PropOp43
 70
     1
102
RTVSPost2010Prop44ColorIndex
 90
        5
102
RTVSPost2010Prop44ColorRGB
 90
      255
102
RTVSPost2010PropOp44
 70
     1
102
RTVSPost2010Prop45
280
     0
102
RTVSPost2010PropOp45
 70
     1
102
RTVSPost2010Prop46
 90
       50
102
RTVSPost2010PropOp46
 70
     1
102
RTVSPost2010Prop47
 90
       50
102
RTVSPost2010PropOp47
 70
     1
102
RTVSPost2010Prop48
 90
       50
102
RTVSPost2010PropOp48
 70
     1
102
RTVSPost2010Prop49
280
     0
102
RTVSPost2010PropOp49
 70
     1
102
RTVSPost2010Prop50
 90
       50
102
RTVSPost2010PropOp50
 70
     1
102
RTVSPost2010Prop51ColorIndex
 90
      256
102
RTVSPost2010Prop51ColorRGB
 90
-16777216
102
RTVSPost2010PropOp51
 70
     0
102
RTVSPost2010Prop52
140
1.0
102
RTVSPost2010PropOp52
 70
     0
102
RTVSPost2010Prop53
 90
        2
102
RTVSPost2010PropOp53
 70
     1
102
RTVSPost2010Prop54
  1
strokes_ogs.tif
102
RTVSPost2010PropOp54
 70
     1
102
RTVSPost2010Prop55
280
     0
102
RTVSPost2010PropOp55
 70
     1
102
RTVSPost2010Prop56
140
1.0
102
RTVSPost2010PropOp56
 70
     1
102
RTVSPost2010Prop57
140
1.0
102
RTVSPost2010PropOp57
 70
     1
  0
XRECORD
  5
631
102
{ACAD_REACTORS
330
630
102
}
330
630
100
AcDbXrecord
280
     1
102
RTVSPropertyOp0
 70
     1
102
RTVSPropertyOp1
 70
     1
102
RTVSPropertyOp2
 70
     1
102
RTVSPropertyOp3
 70
     1
102
RTVSPropertyOp4
 70
     1
102
RTVSPropertyOp5
 70
     1
102
RTVSPropertyOp6
 70
     1
102
RTVSPropertyOp7
 70
     1
102
RTVSPropertyOp8
 70
     1
102
RTVSPropertyOp9
 70
     1
102
RTVSPropertyOp10
 70
     1
102
RTVSPropertyOp11
 70
     1
102
RTVSPropertyOp12
 70
     1
102
RTVSPropertyOp13
 70
     1
102
RTVSPropertyOp14
 70
     1
102
RTVSPropertyOp15
 70
     1
102
RTVSPropertyOp16
 70
     1
102
RTVSPropertyOp17
 70
     1
102
RTVSPropertyOp18
 70
     1
102
RTVSPropertyOp19
 70
     1
102
RTVSPropertyOp20
 70
     1
102
RTVSPropertyOp21
 70
     1
102
RTVSPropertyOp22
 70
     1
102
RTVSPropertyOp23
 70
     1
102
RTVSPropertyOp24
 70
     1
102
RTVSPropertyOp25
 70
     1
102
RTVSPropertyOp26
 70
     1
102
RTVSPropertyOp27
 70
     1
102
RTVSPropertyOp28
 70
     1
102
RTVSPropertyOp29
 70
     1
102
RTVSPropertyOp30
 70
     1
102
RTVSPropertyOp31
 70
     1
102
RTVSPropertyOp32
 70
     1
102
RTVSPropertyOp33
 70
     1
102
RTVSPropertyOp34
 70
     1
102
RTVSPropertyOp35
 70
     1
102
RTVSPropertyOp36
 70
     1
102
RTVSPropertyOp37
 70
     1
102
RTVSPropertyOp38
 70
     1
102
RTVSPropertyOp39
 70
     1
102
RTVSPropertyOp40
 70
     1
102
RTVSPropertyOp41
 70
     1
102
RTVSPropertyOp42
 70
     1
102
RTVSPropertyOp43
 70
     1
102
RTVSPropertyOp44
 70
     1
102
RTVSPropertyOp45
 70
     1
102
RTVSPropertyOp46
 70
     1
102
RTVSPropertyOp47
 70
     1
102
RTVSPropertyOp48
 70
     1
102
RTVSPropertyOp49
 70
     1
102
RTVSPropertyOp50
 70
     1
102
RTVSPropertyOp51
 70
     0
102
RTVSPropertyOp52
 70
     0
102
RTVSPropertyOp53
 70
     1
102
RTVSPropertyOp54
 70
     1
102
RTVSPropertyOp55
 70
     1
102
RTVSPropertyOp56
 70
     1
102
RTVSPropertyOp57
 70
     1
102
RTVSPost2010Prop28
280
     0
102
RTVSPost2010PropOp28
 70
     1
102
RTVSPost2010Prop29
280
     1
102
RTVSPost2010PropOp29
 70
     1
102
RTVSPost2010Prop30
280
     1
102
RTVSPost2010PropOp30
 70
     1
102
RTVSPost2010Prop31
280
     0
102
RTVSPost2010PropOp31
 70
     1
102
RTVSPost2010Prop32
280
     0
102
RTVSPost2010PropOp32
 70
     1
102
RTVSPost2010Prop33
280
     0
102
RTVSPost2010PropOp33
 70
     1
102
RTVSPost2010Prop34
280
     0
102
RTVSPost2010PropOp34
 70
     1
102
RTVSPost2010Prop35
280
     0
102
RTVSPost2010PropOp35
 70
     1
102
RTVSPost2010Prop36
280
     0
102
RTVSPost2010PropOp36
 70
     1
102
RTVSPost2010Prop37
 90
       50
102
RTVSPost2010PropOp37
 70
     1
102
RTVSPost2010Prop38
140
0.0
102
RTVSPost2010PropOp38
 70
     1
102
RTVSPost2010Prop39
140
1.0
102
RTVSPost2010PropOp39
 70
     1
102
RTVSPost2010Prop40
 90
        0
102
RTVSPost2010PropOp40
 70
     1
102
RTVSPost2010Prop41ColorIndex
 90
       18
102
RTVSPost2010Prop41ColorRGB
 90
        0
102
RTVSPost2010PropOp41
 70
     1
102
RTVSPost2010Prop42
 90
       50
102
RTVSPost2010PropOp42
 70
     1
102
RTVSPost2010Prop43
 90
        3
102
RTVSPost2010PropOp43
 70
     1
102
RTVSPost2010Prop44ColorIndex
 90
        5
102
RTVSPost2010Prop44ColorRGB
 90
      255
102
RTVSPost2010PropOp44
 70
     1
102
RTVSPost2010Prop45
280
     0
102
RTVSPost2010PropOp45
 70
     1
102
RTVSPost2010Prop46
 90
       50
102
RTVSPost2010PropOp46
 70
     1
102
RTVSPost2010Prop47
 90
       50
102
RTVSPost2010PropOp47
 70
     1
102
RTVSPost2010Prop48
 90
       50
102
RTVSPost2010PropOp48
 70
     1
102
RTVSPost2010Prop49
280
     0
102
RTVSPost2010PropOp49
 70
     1
102
RTVSPost2010Prop50
 90
       50
102
RTVSPost2010PropOp50
 70
     1
102
RTVSPost2010Prop51ColorIndex
 90
      256
102
RTVSPost2010Prop51ColorRGB
 90
-16777216
102
RTVSPost2010PropOp51
 70
     0
102
RTVSPost2010Prop52
140
1.0
102
RTVSPost2010PropOp52
 70
     0
102
RTVSPost2010Prop53
 90
        2
102
RTVSPost2010PropOp53
 70
     1
102
RTVSPost2010Prop54
  1
strokes_ogs.tif
102
RTVSPost2010PropOp54
 70
     1
102
RTVSPost2010Prop55
280
     0
102
RTVSPost2010PropOp55
 70
     1
102
RTVSPost2010Prop56
140
1.0
102
RTVSPost2010PropOp56
 70
     1
102
RTVSPost2010Prop57
140
1.0
102
RTVSPost2010PropOp57
 70
     1
  0
XRECORD
  5
621
102
{ACAD_REACTORS
330
620
102
}
330
620
100
AcDbXrecord
280
     1
102
RTVSPropertyOp0
 70
     1
102
RTVSPropertyOp1
 70
     1
102
RTVSPropertyOp2
 70
     1
102
RTVSPropertyOp3
 70
     1
102
RTVSPropertyOp4
 70
     1
102
RTVSPropertyOp5
 70
     1
102
RTVSPropertyOp6
 70
     1
102
RTVSPropertyOp7
 70
     1
102
RTVSPropertyOp8
 70
     1
102
RTVSPropertyOp9
 70
     1
102
RTVSPropertyOp10
 70
     1
102
RTVSPropertyOp11
 70
     1
102
RTVSPropertyOp12
 70
     1
102
RTVSPropertyOp13
 70
     1
102
RTVSPropertyOp14
 70
     1
102
RTVSPropertyOp15
 70
     1
102
RTVSPropertyOp16
 70
     1
102
RTVSPropertyOp17
 70
     1
102
RTVSPropertyOp18
 70
     1
102
RTVSPropertyOp19
 70
     1
102
RTVSPropertyOp20
 70
     1
102
RTVSPropertyOp21
 70
     1
102
RTVSPropertyOp22
 70
     1
102
RTVSPropertyOp23
 70
     1
102
RTVSPropertyOp24
 70
     1
102
RTVSPropertyOp25
 70
     1
102
RTVSPropertyOp26
 70
     1
102
RTVSPropertyOp27
 70
     1
102
RTVSPropertyOp28
 70
     1
102
RTVSPropertyOp29
 70
     1
102
RTVSPropertyOp30
 70
     1
102
RTVSPropertyOp31
 70
     1
102
RTVSPropertyOp32
 70
     1
102
RTVSPropertyOp33
 70
     1
102
RTVSPropertyOp34
 70
     1
102
RTVSPropertyOp35
 70
     1
102
RTVSPropertyOp36
 70
     1
102
RTVSPropertyOp37
 70
     1
102
RTVSPropertyOp38
 70
     1
102
RTVSPropertyOp39
 70
     1
102
RTVSPropertyOp40
 70
     1
102
RTVSPropertyOp41
 70
     1
102
RTVSPropertyOp42
 70
     1
102
RTVSPropertyOp43
 70
     1
102
RTVSPropertyOp44
 70
     1
102
RTVSPropertyOp45
 70
     1
102
RTVSPropertyOp46
 70
     1
102
RTVSPropertyOp47
 70
     1
102
RTVSPropertyOp48
 70
     1
102
RTVSPropertyOp49
 70
     1
102
RTVSPropertyOp50
 70
     1
102
RTVSPropertyOp51
 70
     0
102
RTVSPropertyOp52
 70
     0
102
RTVSPropertyOp53
 70
     1
102
RTVSPropertyOp54
 70
     1
102
RTVSPropertyOp55
 70
     1
102
RTVSPropertyOp56
 70
     1
102
RTVSPropertyOp57
 70
     1
102
RTVSPost2010Prop28
280
     0
102
RTVSPost2010PropOp28
 70
     1
102
RTVSPost2010Prop29
280
     1
102
RTVSPost2010PropOp29
 70
     1
102
RTVSPost2010Prop30
280
     1
102
RTVSPost2010PropOp30
 70
     1
102
RTVSPost2010Prop31
280
     0
102
RTVSPost2010PropOp31
 70
     1
102
RTVSPost2010Prop32
280
     0
102
RTVSPost2010PropOp32
 70
     1
102
RTVSPost2010Prop33
280
     0
102
RTVSPost2010PropOp33
 70
     1
102
RTVSPost2010Prop34
280
     0
102
RTVSPost2010PropOp34
 70
     1
102
RTVSPost2010Prop35
280
     0
102
RTVSPost2010PropOp35
 70
     1
102
RTVSPost2010Prop36
280
     0
102
RTVSPost2010PropOp36
 70
     1
102
RTVSPost2010Prop37
 90
       50
102
RTVSPost2010PropOp37
 70
     1
102
RTVSPost2010Prop38
140
0.0
102
RTVSPost2010PropOp38
 70
     1
102
RTVSPost2010Prop39
140
1.0
102
RTVSPost2010PropOp39
 70
     1
102
RTVSPost2010Prop40
 90
        0
102
RTVSPost2010PropOp40
 70
     1
102
RTVSPost2010Prop41ColorIndex
 90
       18
102
RTVSPost2010Prop41ColorRGB
 90
        0
102
RTVSPost2010PropOp41
 70
     1
102
RTVSPost2010Prop42
 90
       50
102
RTVSPost2010PropOp42
 70
     1
102
RTVSPost2010Prop43
 90
        3
102
RTVSPost2010PropOp43
 70
     1
102
RTVSPost2010Prop44ColorIndex
 90
        5
102
RTVSPost2010Prop44ColorRGB
 90
      255
102
RTVSPost2010PropOp44
 70
     1
102
RTVSPost2010Prop45
280
     0
102
RTVSPost2010PropOp45
 70
     1
102
RTVSPost2010Prop46
 90
       50
102
RTVSPost2010PropOp46
 70
     1
102
RTVSPost2010Prop47
 90
       50
102
RTVSPost2010PropOp47
 70
     1
102
RTVSPost2010Prop48
 90
       50
102
RTVSPost2010PropOp48
 70
     1
102
RTVSPost2010Prop49
280
     0
102
RTVSPost2010PropOp49
 70
     1
102
RTVSPost2010Prop50
 90
       50
102
RTVSPost2010PropOp50
 70
     1
102
RTVSPost2010Prop51ColorIndex
 90
      256
102
RTVSPost2010Prop51ColorRGB
 90
-16777216
102
RTVSPost2010PropOp51
 70
     0
102
RTVSPost2010Prop52
140
1.0
102
RTVSPost2010PropOp52
 70
     0
102
RTVSPost2010Prop53
 90
        2
102
RTVSPost2010PropOp53
 70
     1
102
RTVSPost2010Prop54
  1
strokes_ogs.tif
102
RTVSPost2010PropOp54
 70
     1
102
RTVSPost2010Prop55
280
     0
102
RTVSPost2010PropOp55
 70
     1
102
RTVSPost2010Prop56
140
1.0
102
RTVSPost2010PropOp56
 70
     1
102
RTVSPost2010Prop57
140
1.0
102
RTVSPost2010PropOp57
 70
     1
  0
XRECORD
  5
613
102
{ACAD_REACTORS
330
612
102
}
330
612
100
AcDbXrecord
280
     1
102
RTVSPropertyOp0
 70
     1
102
RTVSPropertyOp1
 70
     1
102
RTVSPropertyOp2
 70
     1
102
RTVSPropertyOp3
 70
     1
102
RTVSPropertyOp4
 70
     1
102
RTVSPropertyOp5
 70
     1
102
RTVSPropertyOp6
 70
     1
102
RTVSPropertyOp7
 70
     1
102
RTVSPropertyOp8
 70
     1
102
RTVSPropertyOp9
 70
     1
102
RTVSPropertyOp10
 70
     1
102
RTVSPropertyOp11
 70
     1
102
RTVSPropertyOp12
 70
     1
102
RTVSPropertyOp13
 70
     1
102
RTVSPropertyOp14
 70
     1
102
RTVSPropertyOp15
 70
     1
102
RTVSPropertyOp16
 70
     1
102
RTVSPropertyOp17
 70
     1
102
RTVSPropertyOp18
 70
     1
102
RTVSPropertyOp19
 70
     1
102
RTVSPropertyOp20
 70
     1
102
RTVSPropertyOp21
 70
     1
102
RTVSPropertyOp22
 70
     1
102
RTVSPropertyOp23
 70
     1
102
RTVSPropertyOp24
 70
     1
102
RTVSPropertyOp25
 70
     1
102
RTVSPropertyOp26
 70
     1
102
RTVSPropertyOp27
 70
     1
102
RTVSPropertyOp28
 70
     1
102
RTVSPropertyOp29
 70
     1
102
RTVSPropertyOp30
 70
     1
102
RTVSPropertyOp31
 70
     1
102
RTVSPropertyOp32
 70
     1
102
RTVSPropertyOp33
 70
     1
102
RTVSPropertyOp34
 70
     1
102
RTVSPropertyOp35
 70
     1
102
RTVSPropertyOp36
 70
     1
102
RTVSPropertyOp37
 70
     1
102
RTVSPropertyOp38
 70
     1
102
RTVSPropertyOp39
 70
     1
102
RTVSPropertyOp40
 70
     1
102
RTVSPropertyOp41
 70
     1
102
RTVSPropertyOp42
 70
     1
102
RTVSPropertyOp43
 70
     1
102
RTVSPropertyOp44
 70
     1
102
RTVSPropertyOp45
 70
     1
102
RTVSPropertyOp46
 70
     1
102
RTVSPropertyOp47
 70
     1
102
RTVSPropertyOp48
 70
     1
102
RTVSPropertyOp49
 70
     1
102
RTVSPropertyOp50
 70
     1
102
RTVSPropertyOp51
 70
     0
102
RTVSPropertyOp52
 70
     0
102
RTVSPropertyOp53
 70
     1
102
RTVSPropertyOp54
 70
     1
102
RTVSPropertyOp55
 70
     1
102
RTVSPropertyOp56
 70
     1
102
RTVSPropertyOp57
 70
     1
102
RTVSPost2010Prop28
280
     0
102
RTVSPost2010PropOp28
 70
     1
102
RTVSPost2010Prop29
280
     1
102
RTVSPost2010PropOp29
 70
     1
102
RTVSPost2010Prop30
280
     1
102
RTVSPost2010PropOp30
 70
     1
102
RTVSPost2010Prop31
280
     0
102
RTVSPost2010PropOp31
 70
     1
102
RTVSPost2010Prop32
280
     0
102
RTVSPost2010PropOp32
 70
     1
102
RTVSPost2010Prop33
280
     0
102
RTVSPost2010PropOp33
 70
     1
102
RTVSPost2010Prop34
280
     0
102
RTVSPost2010PropOp34
 70
     1
102
RTVSPost2010Prop35
280
     0
102
RTVSPost2010PropOp35
 70
     1
102
RTVSPost2010Prop36
280
     0
102
RTVSPost2010PropOp36
 70
     1
102
RTVSPost2010Prop37
 90
       50
102
RTVSPost2010PropOp37
 70
     1
102
RTVSPost2010Prop38
140
0.0
102
RTVSPost2010PropOp38
 70
     1
102
RTVSPost2010Prop39
140
1.0
102
RTVSPost2010PropOp39
 70
     1
102
RTVSPost2010Prop40
 90
        0
102
RTVSPost2010PropOp40
 70
     1
102
RTVSPost2010Prop41ColorIndex
 90
       18
102
RTVSPost2010Prop41ColorRGB
 90
        0
102
RTVSPost2010PropOp41
 70
     1
102
RTVSPost2010Prop42
 90
       50
102
RTVSPost2010PropOp42
 70
     1
102
RTVSPost2010Prop43
 90
        3
102
RTVSPost2010PropOp43
 70
     1
102
RTVSPost2010Prop44ColorIndex
 90
        5
102
RTVSPost2010Prop44ColorRGB
 90
      255
102
RTVSPost2010PropOp44
 70
     1
102
RTVSPost2010Prop45
280
     0
102
RTVSPost2010PropOp45
 70
     1
102
RTVSPost2010Prop46
 90
       50
102
RTVSPost2010PropOp46
 70
     1
102
RTVSPost2010Prop47
 90
       50
102
RTVSPost2010PropOp47
 70
     1
102
RTVSPost2010Prop48
 90
       50
102
RTVSPost2010PropOp48
 70
     1
102
RTVSPost2010Prop49
280
     0
102
RTVSPost2010PropOp49
 70
     1
102
RTVSPost2010Prop50
 90
       50
102
RTVSPost2010PropOp50
 70
     1
102
RTVSPost2010Prop51ColorIndex
 90
      256
102
RTVSPost2010Prop51ColorRGB
 90
-16777216
102
RTVSPost2010PropOp51
 70
     0
102
RTVSPost2010Prop52
140
1.0
102
RTVSPost2010PropOp52
 70
     0
102
RTVSPost2010Prop53
 90
        2
102
RTVSPost2010PropOp53
 70
     1
102
RTVSPost2010Prop54
  1
strokes_ogs.tif
102
RTVSPost2010PropOp54
 70
     1
102
RTVSPost2010Prop55
280
     0
102
RTVSPost2010PropOp55
 70
     1
102
RTVSPost2010Prop56
140
1.0
102
RTVSPost2010PropOp56
 70
     1
102
RTVSPost2010Prop57
140
1.0
102
RTVSPost2010PropOp57
 70
     1
  0
XRECORD
  5
633
102
{ACAD_REACTORS
330
632
102
}
330
632
100
AcDbXrecord
280
     1
102
RTVSPropertyOp0
 70
     1
102
RTVSPropertyOp1
 70
     1
102
RTVSPropertyOp2
 70
     1
102
RTVSPropertyOp3
 70
     1
102
RTVSPropertyOp4
 70
     1
102
RTVSPropertyOp5
 70
     1
102
RTVSPropertyOp6
 70
     1
102
RTVSPropertyOp7
 70
     1
102
RTVSPropertyOp8
 70
     1
102
RTVSPropertyOp9
 70
     1
102
RTVSPropertyOp10
 70
     1
102
RTVSPropertyOp11
 70
     1
102
RTVSPropertyOp12
 70
     1
102
RTVSPropertyOp13
 70
     1
102
RTVSPropertyOp14
 70
     1
102
RTVSPropertyOp15
 70
     1
102
RTVSPropertyOp16
 70
     1
102
RTVSPropertyOp17
 70
     1
102
RTVSPropertyOp18
 70
     1
102
RTVSPropertyOp19
 70
     1
102
RTVSPropertyOp20
 70
     1
102
RTVSPropertyOp21
 70
     1
102
RTVSPropertyOp22
 70
     1
102
RTVSPropertyOp23
 70
     1
102
RTVSPropertyOp24
 70
     1
102
RTVSPropertyOp25
 70
     1
102
RTVSPropertyOp26
 70
     1
102
RTVSPropertyOp27
 70
     1
102
RTVSPropertyOp28
 70
     1
102
RTVSPropertyOp29
 70
     1
102
RTVSPropertyOp30
 70
     1
102
RTVSPropertyOp31
 70
     1
102
RTVSPropertyOp32
 70
     1
102
RTVSPropertyOp33
 70
     1
102
RTVSPropertyOp34
 70
     1
102
RTVSPropertyOp35
 70
     1
102
RTVSPropertyOp36
 70
     1
102
RTVSPropertyOp37
 70
     1
102
RTVSPropertyOp38
 70
     1
102
RTVSPropertyOp39
 70
     1
102
RTVSPropertyOp40
 70
     1
102
RTVSPropertyOp41
 70
     1
102
RTVSPropertyOp42
 70
     1
102
RTVSPropertyOp43
 70
     1
102
RTVSPropertyOp44
 70
     1
102
RTVSPropertyOp45
 70
     1
102
RTVSPropertyOp46
 70
     1
102
RTVSPropertyOp47
 70
     1
102
RTVSPropertyOp48
 70
     1
102
RTVSPropertyOp49
 70
     1
102
RTVSPropertyOp50
 70
     1
102
RTVSPropertyOp51
 70
     0
102
RTVSPropertyOp52
 70
     0
102
RTVSPropertyOp53
 70
     1
102
RTVSPropertyOp54
 70
     1
102
RTVSPropertyOp55
 70
     1
102
RTVSPropertyOp56
 70
     1
102
RTVSPropertyOp57
 70
     1
102
RTVSPost2010Prop28
280
     0
102
RTVSPost2010PropOp28
 70
     1
102
RTVSPost2010Prop29
280
     1
102
RTVSPost2010PropOp29
 70
     1
102
RTVSPost2010Prop30
280
     1
102
RTVSPost2010PropOp30
 70
     1
102
RTVSPost2010Prop31
280
     0
102
RTVSPost2010PropOp31
 70
     1
102
RTVSPost2010Prop32
280
     0
102
RTVSPost2010PropOp32
 70
     1
102
RTVSPost2010Prop33
280
     0
102
RTVSPost2010PropOp33
 70
     1
102
RTVSPost2010Prop34
280
     0
102
RTVSPost2010PropOp34
 70
     1
102
RTVSPost2010Prop35
280
     0
102
RTVSPost2010PropOp35
 70
     1
102
RTVSPost2010Prop36
280
     0
102
RTVSPost2010PropOp36
 70
     1
102
RTVSPost2010Prop37
 90
       50
102
RTVSPost2010PropOp37
 70
     1
102
RTVSPost2010Prop38
140
0.0
102
RTVSPost2010PropOp38
 70
     1
102
RTVSPost2010Prop39
140
1.0
102
RTVSPost2010PropOp39
 70
     1
102
RTVSPost2010Prop40
 90
        0
102
RTVSPost2010PropOp40
 70
     1
102
RTVSPost2010Prop41ColorIndex
 90
       18
102
RTVSPost2010Prop41ColorRGB
 90
        0
102
RTVSPost2010PropOp41
 70
     1
102
RTVSPost2010Prop42
 90
       50
102
RTVSPost2010PropOp42
 70
     1
102
RTVSPost2010Prop43
 90
        3
102
RTVSPost2010PropOp43
 70
     1
102
RTVSPost2010Prop44ColorIndex
 90
        5
102
RTVSPost2010Prop44ColorRGB
 90
      255
102
RTVSPost2010PropOp44
 70
     1
102
RTVSPost2010Prop45
280
     0
102
RTVSPost2010PropOp45
 70
     1
102
RTVSPost2010Prop46
 90
       50
102
RTVSPost2010PropOp46
 70
     1
102
RTVSPost2010Prop47
 90
       50
102
RTVSPost2010PropOp47
 70
     1
102
RTVSPost2010Prop48
 90
       50
102
RTVSPost2010PropOp48
 70
     1
102
RTVSPost2010Prop49
280
     0
102
RTVSPost2010PropOp49
 70
     1
102
RTVSPost2010Prop50
 90
       50
102
RTVSPost2010PropOp50
 70
     1
102
RTVSPost2010Prop51ColorIndex
 90
      256
102
RTVSPost2010Prop51ColorRGB
 90
-16777216
102
RTVSPost2010PropOp51
 70
     0
102
RTVSPost2010Prop52
140
1.0
102
RTVSPost2010PropOp52
 70
     0
102
RTVSPost2010Prop53
 90
        2
102
RTVSPost2010PropOp53
 70
     1
102
RTVSPost2010Prop54
  1
strokes_ogs.tif
102
RTVSPost2010PropOp54
 70
     1
102
RTVSPost2010Prop55
280
     0
102
RTVSPost2010PropOp55
 70
     1
102
RTVSPost2010Prop56
140
1.0
102
RTVSPost2010PropOp56
 70
     1
102
RTVSPost2010Prop57
140
1.0
102
RTVSPost2010PropOp57
 70
     1
  0
ENDSEC
  0
EOF
